instance,n_customers,algorithm,run,cost,runtime_seconds,iterations_to_best,feasible,convergence_length,convergence
RC101,25,A*,0,901.237375464096,5.006137499993201,0,True,59,"[901.237375464096,901.237375464096,901.237375464096,901.237375464096,901.237375464096,901.237375464096,901.237375464096,901.237375464096,901.237375464096,901.237375464096,901.237375464096,901.237375464096,901.237375464096,901.237375464096,901.237375464096,901.237375464096,901.237375464096,901.237375464096,901.237375464096,901.237375464096,901.237375464096,901.237375464096,901.237375464096,901.237375464096,901.237375464096,901.237375464096,901.237375464096,901.237375464096,901.237375464096,901.237375464096,901.237375464096,901.237375464096,901.237375464096,901.237375464096,901.237375464096,901.237375464096,901.237375464096,901.237375464096,901.237375464096,901.237375464096,901.237375464096,901.237375464096,901.237375464096,901.237375464096,901.237375464096,901.237375464096,901.237375464096,901.237375464096,901.237375464096,901.237375464096,901.237375464096,901.237375464096,901.237375464096,901.237375464096,901.237375464096,901.237375464096,901.237375464096,901.237375464096,901.237375464096]"
RC101,25,A*,1,901.237375464096,5.006454399990616,0,True,57,"[901.237375464096,901.237375464096,901.237375464096,901.237375464096,901.237375464096,901.237375464096,901.237375464096,901.237375464096,901.237375464096,901.237375464096,901.237375464096,901.237375464096,901.237375464096,901.237375464096,901.237375464096,901.237375464096,901.237375464096,901.237375464096,901.237375464096,901.237375464096,901.237375464096,901.237375464096,901.237375464096,901.237375464096,901.237375464096,901.237375464096,901.237375464096,901.237375464096,901.237375464096,901.237375464096,901.237375464096,901.237375464096,901.237375464096,901.237375464096,901.237375464096,901.237375464096,901.237375464096,901.237375464096,901.237375464096,901.237375464096,901.237375464096,901.237375464096,901.237375464096,901.237375464096,901.237375464096,901.237375464096,901.237375464096,901.237375464096,901.237375464096,901.237375464096,901.237375464096,901.237375464096,901.237375464096,901.237375464096,901.237375464096,901.237375464096,901.237375464096]"
RC101,25,A*,2,901.237375464096,5.006201099982718,0,True,56,"[901.237375464096,901.237375464096,901.237375464096,901.237375464096,901.237375464096,901.237375464096,901.237375464096,901.237375464096,901.237375464096,901.237375464096,901.237375464096,901.237375464096,901.237375464096,901.237375464096,901.237375464096,901.237375464096,901.237375464096,901.237375464096,901.237375464096,901.237375464096,901.237375464096,901.237375464096,901.237375464096,901.237375464096,901.237375464096,901.237375464096,901.237375464096,901.237375464096,901.237375464096,901.237375464096,901.237375464096,901.237375464096,901.237375464096,901.237375464096,901.237375464096,901.237375464096,901.237375464096,901.237375464096,901.237375464096,901.237375464096,901.237375464096,901.237375464096,901.237375464096,901.237375464096,901.237375464096,901.237375464096,901.237375464096,901.237375464096,901.237375464096,901.237375464096,901.237375464096,901.237375464096,901.237375464096,901.237375464096,901.237375464096,901.237375464096]"
RC101,25,A*,3,901.237375464096,5.007381000003079,0,True,57,"[901.237375464096,901.237375464096,901.237375464096,901.237375464096,901.237375464096,901.237375464096,901.237375464096,901.237375464096,901.237375464096,901.237375464096,901.237375464096,901.237375464096,901.237375464096,901.237375464096,901.237375464096,901.237375464096,901.237375464096,901.237375464096,901.237375464096,901.237375464096,901.237375464096,901.237375464096,901.237375464096,901.237375464096,901.237375464096,901.237375464096,901.237375464096,901.237375464096,901.237375464096,901.237375464096,901.237375464096,901.237375464096,901.237375464096,901.237375464096,901.237375464096,901.237375464096,901.237375464096,901.237375464096,901.237375464096,901.237375464096,901.237375464096,901.237375464096,901.237375464096,901.237375464096,901.237375464096,901.237375464096,901.237375464096,901.237375464096,901.237375464096,901.237375464096,901.237375464096,901.237375464096,901.237375464096,901.237375464096,901.237375464096,901.237375464096,901.237375464096]"
RC101,25,A*,4,901.237375464096,5.014389399992069,0,True,17,"[901.237375464096,901.237375464096,901.237375464096,901.237375464096,901.237375464096,901.237375464096,901.237375464096,901.237375464096,901.237375464096,901.237375464096,901.237375464096,901.237375464096,901.237375464096,901.237375464096,901.237375464096,901.237375464096,901.237375464096]"
RC101,25,A*,5,901.237375464096,5.005026099999668,0,True,7,"[901.237375464096,901.237375464096,901.237375464096,901.237375464096,901.237375464096,901.237375464096,901.237375464096]"
RC101,25,A*,6,901.237375464096,5.004935200006003,0,True,7,"[901.237375464096,901.237375464096,901.237375464096,901.237375464096,901.237375464096,901.237375464096,901.237375464096]"
RC101,25,A*,7,901.237375464096,5.0048466000007465,0,True,7,"[901.237375464096,901.237375464096,901.237375464096,901.237375464096,901.237375464096,901.237375464096,901.237375464096]"
RC101,25,A*,8,901.237375464096,5.004876200022409,0,True,7,"[901.237375464096,901.237375464096,901.237375464096,901.237375464096,901.237375464096,901.237375464096,901.237375464096]"
RC101,25,A*,9,901.237375464096,5.005166199989617,0,True,7,"[901.237375464096,901.237375464096,901.237375464096,901.237375464096,901.237375464096,901.237375464096,901.237375464096]"
RC101,25,A*,10,901.237375464096,5.0049061000172514,0,True,7,"[901.237375464096,901.237375464096,901.237375464096,901.237375464096,901.237375464096,901.237375464096,901.237375464096]"
RC101,25,A*,11,901.237375464096,5.004521299997577,0,True,7,"[901.237375464096,901.237375464096,901.237375464096,901.237375464096,901.237375464096,901.237375464096,901.237375464096]"
RC101,25,A*,12,901.237375464096,5.005266099993605,0,True,7,"[901.237375464096,901.237375464096,901.237375464096,901.237375464096,901.237375464096,901.237375464096,901.237375464096]"
RC101,25,A*,13,901.237375464096,5.0058741999964695,0,True,7,"[901.237375464096,901.237375464096,901.237375464096,901.237375464096,901.237375464096,901.237375464096,901.237375464096]"
RC101,25,A*,14,901.237375464096,5.0050077000050806,0,True,7,"[901.237375464096,901.237375464096,901.237375464096,901.237375464096,901.237375464096,901.237375464096,901.237375464096]"
RC101,25,A*,15,901.237375464096,5.0048250000108965,0,True,7,"[901.237375464096,901.237375464096,901.237375464096,901.237375464096,901.237375464096,901.237375464096,901.237375464096]"
RC101,25,A*,16,901.237375464096,5.005323399993358,0,True,7,"[901.237375464096,901.237375464096,901.237375464096,901.237375464096,901.237375464096,901.237375464096,901.237375464096]"
RC101,25,A*,17,901.237375464096,5.005260100006126,0,True,7,"[901.237375464096,901.237375464096,901.237375464096,901.237375464096,901.237375464096,901.237375464096,901.237375464096]"
RC101,25,A*,18,901.237375464096,5.004796699999133,0,True,7,"[901.237375464096,901.237375464096,901.237375464096,901.237375464096,901.237375464096,901.237375464096,901.237375464096]"
RC101,25,A*,19,901.237375464096,5.005089200014481,0,True,7,"[901.237375464096,901.237375464096,901.237375464096,901.237375464096,901.237375464096,901.237375464096,901.237375464096]"
RC101,25,A*,20,901.237375464096,5.005060600000434,0,True,7,"[901.237375464096,901.237375464096,901.237375464096,901.237375464096,901.237375464096,901.237375464096,901.237375464096]"
RC101,25,A*,21,901.237375464096,5.004912900010822,0,True,7,"[901.237375464096,901.237375464096,901.237375464096,901.237375464096,901.237375464096,901.237375464096,901.237375464096]"
RC101,25,A*,22,901.237375464096,5.004763700009789,0,True,7,"[901.237375464096,901.237375464096,901.237375464096,901.237375464096,901.237375464096,901.237375464096,901.237375464096]"
RC101,25,A*,23,901.237375464096,5.005306200007908,0,True,7,"[901.237375464096,901.237375464096,901.237375464096,901.237375464096,901.237375464096,901.237375464096,901.237375464096]"
RC101,25,A*,24,901.237375464096,5.005047300015576,0,True,7,"[901.237375464096,901.237375464096,901.237375464096,901.237375464096,901.237375464096,901.237375464096,901.237375464096]"
RC101,25,A*,25,901.237375464096,5.004990900022676,0,True,7,"[901.237375464096,901.237375464096,901.237375464096,901.237375464096,901.237375464096,901.237375464096,901.237375464096]"
RC101,25,A*,26,901.237375464096,5.0027681999781635,0,True,17,"[901.237375464096,901.237375464096,901.237375464096,901.237375464096,901.237375464096,901.237375464096,901.237375464096,901.237375464096,901.237375464096,901.237375464096,901.237375464096,901.237375464096,901.237375464096,901.237375464096,901.237375464096,901.237375464096,901.237375464096]"
RC101,25,A*,27,901.237375464096,5.00584890000755,0,True,56,"[901.237375464096,901.237375464096,901.237375464096,901.237375464096,901.237375464096,901.237375464096,901.237375464096,901.237375464096,901.237375464096,901.237375464096,901.237375464096,901.237375464096,901.237375464096,901.237375464096,901.237375464096,901.237375464096,901.237375464096,901.237375464096,901.237375464096,901.237375464096,901.237375464096,901.237375464096,901.237375464096,901.237375464096,901.237375464096,901.237375464096,901.237375464096,901.237375464096,901.237375464096,901.237375464096,901.237375464096,901.237375464096,901.237375464096,901.237375464096,901.237375464096,901.237375464096,901.237375464096,901.237375464096,901.237375464096,901.237375464096,901.237375464096,901.237375464096,901.237375464096,901.237375464096,901.237375464096,901.237375464096,901.237375464096,901.237375464096,901.237375464096,901.237375464096,901.237375464096,901.237375464096,901.237375464096,901.237375464096,901.237375464096,901.237375464096]"
RC101,25,A*,28,901.237375464096,5.006783799995901,0,True,59,"[901.237375464096,901.237375464096,901.237375464096,901.237375464096,901.237375464096,901.237375464096,901.237375464096,901.237375464096,901.237375464096,901.237375464096,901.237375464096,901.237375464096,901.237375464096,901.237375464096,901.237375464096,901.237375464096,901.237375464096,901.237375464096,901.237375464096,901.237375464096,901.237375464096,901.237375464096,901.237375464096,901.237375464096,901.237375464096,901.237375464096,901.237375464096,901.237375464096,901.237375464096,901.237375464096,901.237375464096,901.237375464096,901.237375464096,901.237375464096,901.237375464096,901.237375464096,901.237375464096,901.237375464096,901.237375464096,901.237375464096,901.237375464096,901.237375464096,901.237375464096,901.237375464096,901.237375464096,901.237375464096,901.237375464096,901.237375464096,901.237375464096,901.237375464096,901.237375464096,901.237375464096,901.237375464096,901.237375464096,901.237375464096,901.237375464096,901.237375464096,901.237375464096,901.237375464096]"
RC101,25,A*,29,901.237375464096,5.006775700021535,0,True,55,"[901.237375464096,901.237375464096,901.237375464096,901.237375464096,901.237375464096,901.237375464096,901.237375464096,901.237375464096,901.237375464096,901.237375464096,901.237375464096,901.237375464096,901.237375464096,901.237375464096,901.237375464096,901.237375464096,901.237375464096,901.237375464096,901.237375464096,901.237375464096,901.237375464096,901.237375464096,901.237375464096,901.237375464096,901.237375464096,901.237375464096,901.237375464096,901.237375464096,901.237375464096,901.237375464096,901.237375464096,901.237375464096,901.237375464096,901.237375464096,901.237375464096,901.237375464096,901.237375464096,901.237375464096,901.237375464096,901.237375464096,901.237375464096,901.237375464096,901.237375464096,901.237375464096,901.237375464096,901.237375464096,901.237375464096,901.237375464096,901.237375464096,901.237375464096,901.237375464096,901.237375464096,901.237375464096,901.237375464096,901.237375464096]"
RC101,25,PSO,0,622.0058892399742,1.014429500006372,60,True,301,"[1294.8162730652034,1194.990846422606,1131.8637564493906,1109.3672184389998,1098.432709009811,1098.432709009811,1098.432709009811,1098.432709009811,1098.432709009811,1075.4731606907287,1050.1151941031196,1035.67883952458,1035.67883952458,1035.67883952458,983.0982888354678,983.0982888354678,983.0982888354678,983.0982888354678,928.4940593183366,928.4940593183366,928.4940593183366,928.4940593183366,789.0683835916382,789.0683835916382,789.0683835916382,789.0683835916382,789.0683835916382,789.0683835916382,789.0683835916382,789.0683835916382,789.0683835916382,789.0683835916382,776.7488963726144,776.7488963726144,776.7488963726144,771.4268075881461,771.4268075881461,771.4268075881461,771.4268075881461,730.6923830456211,730.6923830456211,730.6923830456211,730.6923830456211,730.6923830456211,715.7125149695854,715.7125149695854,715.7125149695854,715.7125149695854,711.1225252428154,667.402072530422,667.402072530422,667.402072530422,664.7372164160726,638.2078463445816,636.3453662994045,636.3453662994045,636.3453662994045,636.3453662994045,636.3453662994045,636.3453662994045,622.0058892399742,622.0058892399742,622.0058892399742,622.0058892399742,622.0058892399742,622.0058892399742,622.0058892399742,622.0058892399742,622.0058892399742,622.0058892399742,622.0058892399742,622.0058892399742,622.0058892399742,622.0058892399742,622.0058892399742,622.0058892399742,622.0058892399742,622.0058892399742,622.0058892399742,622.0058892399742,622.0058892399742,622.0058892399742,622.0058892399742,622.0058892399742,622.0058892399742,622.0058892399742,622.0058892399742,622.0058892399742,622.0058892399742,622.0058892399742,622.0058892399742,622.0058892399742,622.0058892399742,622.0058892399742,622.0058892399742,622.0058892399742,622.0058892399742,622.0058892399742,622.0058892399742,622.0058892399742,622.0058892399742,622.0058892399742,622.0058892399742,622.0058892399742,622.0058892399742,622.0058892399742,622.0058892399742,622.0058892399742,622.0058892399742,622.0058892399742,622.0058892399742,622.0058892399742,622.0058892399742,622.0058892399742,622.0058892399742,622.0058892399742,622.0058892399742,622.0058892399742,622.0058892399742,622.0058892399742,622.0058892399742,622.0058892399742,622.0058892399742,622.0058892399742,622.0058892399742,622.0058892399742,622.0058892399742,622.0058892399742,622.0058892399742,622.0058892399742,622.0058892399742,622.0058892399742,622.0058892399742,622.0058892399742,622.0058892399742,622.0058892399742,622.0058892399742,622.0058892399742,622.0058892399742,622.0058892399742,622.0058892399742,622.0058892399742,622.0058892399742,622.0058892399742,622.0058892399742,622.0058892399742,622.0058892399742,622.0058892399742,622.0058892399742,622.0058892399742,622.0058892399742,622.0058892399742,622.0058892399742,622.0058892399742,622.0058892399742,622.0058892399742,622.0058892399742,622.0058892399742,622.0058892399742,622.0058892399742,622.0058892399742,622.0058892399742,622.0058892399742,622.0058892399742,622.0058892399742,622.0058892399742,622.0058892399742,622.0058892399742,622.0058892399742,622.0058892399742,622.0058892399742,622.0058892399742,622.0058892399742,622.0058892399742,622.0058892399742,622.0058892399742,622.0058892399742,622.0058892399742,622.0058892399742,622.0058892399742,622.0058892399742,622.0058892399742,622.0058892399742,622.0058892399742,622.0058892399742,622.0058892399742,622.0058892399742,622.0058892399742,622.0058892399742,622.0058892399742,622.0058892399742,622.0058892399742,622.0058892399742,622.0058892399742,622.0058892399742,622.0058892399742,622.0058892399742,622.0058892399742,622.0058892399742,622.0058892399742,622.0058892399742,622.0058892399742,622.0058892399742,622.0058892399742,622.0058892399742,622.0058892399742,622.0058892399742,622.0058892399742,622.0058892399742,622.0058892399742,622.0058892399742,622.0058892399742,622.0058892399742,622.0058892399742,622.0058892399742,622.0058892399742,622.0058892399742,622.0058892399742,622.0058892399742,622.0058892399742,622.0058892399742,622.0058892399742,622.0058892399742,622.0058892399742,622.0058892399742,622.0058892399742,622.0058892399742,622.0058892399742,622.0058892399742,622.0058892399742,622.0058892399742,622.0058892399742,622.0058892399742,622.0058892399742,622.0058892399742,622.0058892399742,622.0058892399742,622.0058892399742,622.0058892399742,622.0058892399742,622.0058892399742,622.0058892399742,622.0058892399742,622.0058892399742,622.0058892399742,622.0058892399742,622.0058892399742,622.0058892399742,622.0058892399742,622.0058892399742,622.0058892399742,622.0058892399742,622.0058892399742,622.0058892399742,622.0058892399742,622.0058892399742,622.0058892399742,622.0058892399742,622.0058892399742,622.0058892399742,622.0058892399742,622.0058892399742,622.0058892399742,622.0058892399742,622.0058892399742,622.0058892399742,622.0058892399742,622.0058892399742,622.0058892399742,622.0058892399742,622.0058892399742,622.0058892399742,622.0058892399742,622.0058892399742,622.0058892399742,622.0058892399742,622.0058892399742,622.0058892399742,622.0058892399742,622.0058892399742,622.0058892399742,622.0058892399742,622.0058892399742,622.0058892399742,622.0058892399742,622.0058892399742,622.0058892399742,622.0058892399742,622.0058892399742,622.0058892399742,622.0058892399742,622.0058892399742,622.0058892399742,622.0058892399742,622.0058892399742,622.0058892399742,622.0058892399742,622.0058892399742,622.0058892399742,622.0058892399742,622.0058892399742]"
RC101,25,PSO,1,700.119071829262,0.9243726000131574,258,True,301,"[1229.0723705291844,1224.0075679440586,1204.2153109585497,1204.2153109585497,1204.2153109585497,1204.2153109585497,1137.4439137845447,1137.4439137845447,1137.4439137845447,1137.4439137845447,1059.113090647814,1059.113090647814,1059.113090647814,1059.113090647814,1059.113090647814,1059.113090647814,1059.113090647814,1059.113090647814,972.7848491795714,972.7848491795714,972.7848491795714,972.7848491795714,972.7848491795714,972.7848491795714,972.7848491795714,928.8335072090665,928.8335072090665,928.8335072090665,928.2820499213096,928.2820499213096,928.2820499213096,928.2820499213096,928.2820499213096,923.2115859257731,923.2115859257731,923.2115859257731,923.2115859257731,923.2115859257731,865.0546238669867,865.0546238669867,865.0546238669867,865.0546238669867,846.1959678127922,846.1959678127922,846.1959678127922,846.1959678127922,825.8200812152925,825.8200812152925,820.8536718001295,820.8536718001295,820.8536718001295,820.8536718001295,820.8536718001295,820.8536718001295,820.8536718001295,820.8536718001295,820.8536718001295,820.8536718001295,820.8536718001295,820.8536718001295,820.8536718001295,820.8536718001295,820.8536718001295,820.8536718001295,820.8536718001295,820.8536718001295,818.5312161455954,818.5312161455954,818.5312161455954,818.5312161455954,818.5312161455954,818.5312161455954,818.5312161455954,818.5312161455954,818.5312161455954,818.5312161455954,818.5312161455954,818.5312161455954,818.5312161455954,818.5312161455954,818.5312161455954,818.5312161455954,818.5312161455954,818.5312161455954,818.5312161455954,818.5312161455954,784.6703305811388,784.6703305811388,783.0450498569842,783.0450498569842,783.0450498569842,783.0450498569842,783.0450498569842,783.0450498569842,783.0450498569842,783.0450498569842,783.0450498569842,783.0450498569842,783.0450498569842,783.0450498569842,783.0450498569842,783.0450498569842,783.0450498569842,783.0450498569842,783.0450498569842,783.0450498569842,783.0450498569842,783.0450498569842,783.0450498569842,783.0450498569842,783.0450498569842,783.0450498569842,783.0450498569842,783.0450498569842,783.0450498569842,783.0450498569842,783.0450498569842,783.0450498569842,783.0450498569842,783.0450498569842,783.0450498569842,783.0450498569842,783.0450498569842,783.0450498569842,783.0450498569842,783.0450498569842,783.0450498569842,783.0450498569842,783.0450498569842,783.0450498569842,783.0450498569842,783.0450498569842,783.0450498569842,783.0450498569842,776.1839017648643,776.1839017648643,776.1839017648643,774.5586210407096,774.5586210407096,774.5586210407096,774.5586210407096,774.5586210407096,774.5586210407096,774.5586210407096,774.5586210407096,774.5586210407096,774.5586210407096,774.5586210407096,774.5586210407096,774.5586210407096,774.5586210407096,774.5586210407096,774.5586210407096,774.5586210407096,774.5586210407096,774.5586210407096,774.5586210407096,774.5586210407096,774.5586210407096,774.5586210407096,774.5586210407096,774.5586210407096,774.5586210407096,774.5586210407096,774.5586210407096,774.5586210407096,774.5586210407096,774.5586210407096,774.5586210407096,774.5586210407096,774.5586210407096,774.5586210407096,774.5586210407096,774.5586210407096,774.5586210407096,774.5586210407096,774.5586210407096,774.5586210407096,774.5586210407096,774.5586210407096,774.5586210407096,774.5586210407096,774.5586210407096,774.5586210407096,774.5586210407096,774.5586210407096,774.5586210407096,774.5586210407096,774.5586210407096,774.5586210407096,774.5586210407096,774.5586210407096,774.5586210407096,774.5586210407096,774.5586210407096,774.5586210407096,774.5586210407096,774.5586210407096,774.5586210407096,774.5586210407096,774.5586210407096,774.5586210407096,774.5586210407096,774.5586210407096,774.5586210407096,774.5586210407096,774.5586210407096,774.5586210407096,774.5586210407096,774.5586210407096,774.5586210407096,774.5586210407096,774.5586210407096,774.5586210407096,774.5586210407096,774.5586210407096,774.5586210407096,774.5586210407096,774.5586210407096,774.5586210407096,774.5586210407096,774.5586210407096,774.5586210407096,774.5586210407096,774.5586210407096,774.5586210407096,774.5586210407096,774.5586210407096,774.5586210407096,774.5586210407096,774.5586210407096,774.5586210407096,774.5586210407096,774.5586210407096,774.5586210407096,774.5586210407096,774.5586210407096,774.5586210407096,774.5586210407096,774.5586210407096,774.5586210407096,774.5586210407096,774.5586210407096,774.5586210407096,774.5586210407096,774.5586210407096,774.5586210407096,774.5586210407096,774.5586210407096,774.5586210407096,774.5586210407096,774.5586210407096,774.5586210407096,774.5586210407096,774.5586210407096,758.5009047685609,758.5009047685609,755.147962096073,700.119071829262,700.119071829262,700.119071829262,700.119071829262,700.119071829262,700.119071829262,700.119071829262,700.119071829262,700.119071829262,700.119071829262,700.119071829262,700.119071829262,700.119071829262,700.119071829262,700.119071829262,700.119071829262,700.119071829262,700.119071829262,700.119071829262,700.119071829262,700.119071829262,700.119071829262,700.119071829262,700.119071829262,700.119071829262,700.119071829262,700.119071829262,700.119071829262,700.119071829262,700.119071829262,700.119071829262,700.119071829262,700.119071829262,700.119071829262,700.119071829262,700.119071829262,700.119071829262,700.119071829262,700.119071829262,700.119071829262,700.119071829262,700.119071829262,700.119071829262]"
RC101,25,PSO,2,714.198038067614,1.1509691000101157,247,True,301,"[1311.9934959317827,1195.874617785121,1195.874617785121,1195.874617785121,1195.874617785121,1195.874617785121,1075.239617177649,982.3271672538499,982.3271672538499,982.3271672538499,982.3271672538499,982.3271672538499,982.3271672538499,982.3271672538499,982.3271672538499,944.4661368025102,944.4661368025102,914.1701110976576,914.1701110976576,914.1701110976576,914.1701110976576,908.5109199081871,908.5109199081871,836.8764219945201,836.8764219945201,836.8764219945201,835.478844027868,807.2070912499553,807.2070912499553,807.2070912499553,807.2070912499553,807.2070912499553,807.2070912499553,807.2070912499553,807.2070912499553,806.2335543378779,806.2335543378779,806.2335543378779,806.2335543378779,806.2335543378779,806.2335543378779,806.2335543378779,806.2335543378779,803.5707901158503,803.5707901158503,803.5707901158503,779.8164482824278,779.8164482824278,775.4079307006137,775.4079307006137,775.4079307006137,775.4079307006137,775.4079307006137,775.4079307006137,775.4079307006137,775.4079307006137,767.9933334082505,767.9933334082505,767.9933334082505,767.9933334082505,767.9933334082505,767.9933334082505,767.9933334082505,767.9933334082505,767.9933334082505,767.9933334082505,767.9933334082505,767.9933334082505,767.9933334082505,767.9933334082505,753.7090798251586,732.4675901358939,732.4675901358938,732.4675901358938,732.4675901358938,732.4675901358938,732.4675901358938,732.4675901358938,732.4675901358938,732.4675901358938,732.0136649947425,732.0136649947425,732.0136649947425,732.0136649947425,732.0136649947425,732.0136649947425,732.0136649947425,732.0136649947425,732.0136649947425,732.0136649947425,732.0136649947425,732.0136649947425,732.0136649947425,732.0136649947425,732.0136649947425,732.0136649947425,732.0136649947425,732.0136649947425,732.0136649947425,732.0136649947425,732.0136649947425,732.0136649947425,732.0136649947425,732.0136649947425,732.0136649947425,732.0136649947425,732.0136649947425,732.0136649947425,732.0136649947425,730.5312461222127,730.5312461222127,730.5312461222127,730.5312461222127,730.5312461222127,730.5312461222127,730.5312461222127,730.5312461222127,730.5312461222127,730.5312461222127,730.5312461222127,730.5312461222127,730.5312461222127,730.5312461222127,730.5312461222127,730.5312461222127,730.5312461222127,730.5312461222127,730.5312461222127,730.5312461222127,730.5312461222127,730.5312461222127,730.5312461222127,730.5312461222127,730.5312461222127,730.5312461222127,730.5312461222127,730.5312461222127,730.5312461222127,730.5312461222127,730.5312461222127,730.5312461222127,730.5312461222127,730.5312461222127,730.5312461222127,730.5312461222127,730.5312461222127,730.5312461222127,730.5312461222127,730.5312461222127,730.5312461222127,730.5312461222127,730.5312461222127,730.5312461222127,730.5312461222127,730.5312461222127,730.5312461222127,730.5312461222127,730.5312461222127,730.5312461222127,730.5312461222127,730.5312461222127,730.5312461222127,730.5312461222127,730.5312461222127,730.5312461222127,730.5312461222127,730.5312461222127,730.5312461222127,730.5312461222127,730.5312461222127,730.5312461222127,730.5312461222127,730.5312461222127,730.5312461222127,730.5312461222127,730.5312461222127,730.5312461222127,730.5312461222127,730.5312461222127,730.5312461222127,730.5312461222127,730.5312461222127,730.5312461222127,730.5312461222127,730.5312461222127,730.5312461222127,730.5312461222127,730.5312461222127,730.5312461222127,730.5312461222127,730.5312461222127,730.5312461222127,730.5312461222127,730.5312461222127,730.5312461222127,730.5312461222127,730.5312461222127,730.5312461222127,730.5312461222127,730.5312461222127,730.5312461222127,730.5312461222127,730.5312461222127,730.5312461222127,730.5312461222127,730.5312461222127,730.5312461222127,730.5312461222127,730.5312461222127,730.5312461222127,730.5312461222127,730.5312461222127,730.5312461222127,730.5312461222127,730.5312461222127,730.5312461222127,730.5312461222127,730.5312461222127,730.5312461222127,730.5312461222127,730.5312461222127,730.5312461222127,730.5312461222127,730.5312461222127,730.5312461222127,730.5312461222127,730.5312461222127,730.5312461222127,730.5312461222127,730.5312461222127,730.5312461222127,730.5312461222127,730.5312461222127,730.5312461222127,730.5312461222127,730.5312461222127,730.5312461222127,730.5312461222127,730.5312461222127,730.5312461222127,730.5312461222127,730.5312461222127,730.5312461222127,730.5312461222127,730.5312461222127,730.5312461222127,730.5312461222127,714.198038067614,714.198038067614,714.198038067614,714.198038067614,714.198038067614,714.198038067614,714.198038067614,714.198038067614,714.198038067614,714.198038067614,714.198038067614,714.198038067614,714.198038067614,714.198038067614,714.198038067614,714.198038067614,714.198038067614,714.198038067614,714.198038067614,714.198038067614,714.198038067614,714.198038067614,714.198038067614,714.198038067614,714.198038067614,714.198038067614,714.198038067614,714.198038067614,714.198038067614,714.198038067614,714.198038067614,714.198038067614,714.198038067614,714.198038067614,714.198038067614,714.198038067614,714.198038067614,714.198038067614,714.198038067614,714.198038067614,714.198038067614,714.198038067614,714.198038067614,714.198038067614,714.198038067614,714.198038067614,714.198038067614,714.198038067614,714.198038067614,714.198038067614,714.198038067614,714.198038067614,714.198038067614,714.198038067614]"
RC101,25,PSO,3,751.456513400889,0.8702066999976523,266,True,301,"[1219.009790887423,1219.009790887423,1168.7592351470932,1168.7592351470932,1168.7592351470932,1168.7592351470932,1137.2938696454314,1137.2938696454314,1137.2938696454314,1137.2938696454314,1137.2938696454314,1137.2938696454314,1137.2938696454314,1137.2938696454314,1137.2938696454314,1137.2938696454314,1137.2938696454314,1137.2938696454314,1101.6982551348522,1101.6982551348522,1101.6982551348522,1100.1908657023318,1100.1908657023318,1100.1908657023318,1100.1908657023318,1100.1908657023318,969.9423340563853,969.9423340563853,913.110533628532,913.110533628532,913.110533628532,913.110533628532,913.110533628532,913.110533628532,913.110533628532,913.110533628532,913.110533628532,913.110533628532,913.110533628532,913.110533628532,913.110533628532,913.110533628532,913.110533628532,848.5395428441793,824.1572950501779,824.1572950501779,824.1572950501779,824.1572950501779,824.1572950501779,818.0350601331781,818.0350601331781,816.021786344141,816.021786344141,816.021786344141,816.021786344141,816.021786344141,816.021786344141,816.021786344141,816.021786344141,816.021786344141,816.021786344141,816.021786344141,816.021786344141,816.021786344141,816.021786344141,816.021786344141,816.021786344141,816.021786344141,816.021786344141,816.021786344141,816.021786344141,816.021786344141,816.021786344141,816.021786344141,816.021786344141,816.021786344141,816.021786344141,816.021786344141,816.021786344141,816.021786344141,816.021786344141,816.021786344141,815.0482494320634,815.0482494320634,815.0482494320634,815.0482494320634,815.0482494320634,815.0482494320634,815.0482494320634,815.0482494320634,815.0482494320634,815.0482494320634,815.0482494320634,815.0482494320634,815.0482494320634,815.0482494320634,815.0482494320634,815.0482494320634,815.0482494320634,815.0482494320634,815.0482494320634,815.0482494320634,815.0482494320634,815.0482494320634,815.0482494320634,815.0482494320634,815.0482494320634,815.0482494320634,815.0482494320634,815.0482494320634,815.0482494320634,815.0482494320634,815.0482494320634,815.0482494320634,815.0482494320634,815.0482494320634,815.0482494320634,815.0482494320634,815.0482494320634,815.0482494320634,815.0482494320634,815.0482494320634,815.0482494320634,815.0482494320634,815.0482494320634,815.0482494320634,815.0482494320634,815.0482494320634,815.0482494320634,815.0482494320634,815.0482494320634,815.0482494320634,815.0482494320634,815.0482494320634,815.0482494320634,815.0482494320634,815.0482494320634,815.0482494320634,815.0482494320634,815.0482494320634,815.0482494320634,815.0482494320634,815.0482494320634,815.0482494320634,815.0482494320634,815.0482494320634,815.0482494320634,815.0482494320634,815.0482494320634,815.0482494320634,815.0482494320634,815.0482494320634,815.0482494320634,815.0482494320634,815.0482494320634,815.0482494320634,815.0482494320634,815.0482494320634,815.0482494320634,815.0482494320634,815.0482494320634,815.0482494320634,815.0482494320634,815.0482494320634,815.0482494320634,815.0482494320634,815.0482494320634,815.0482494320634,815.0482494320634,815.0482494320634,815.0482494320634,815.0482494320634,815.0482494320634,815.0482494320634,815.0482494320634,815.0482494320634,815.0482494320634,815.0482494320634,815.0482494320634,815.0482494320634,815.0482494320634,815.0482494320634,815.0482494320634,815.0482494320634,815.0482494320634,815.0482494320634,815.0482494320634,815.0482494320634,815.0482494320634,815.0482494320634,815.0482494320634,815.0482494320634,815.0482494320634,815.0482494320634,815.0482494320634,815.0482494320634,815.0482494320634,815.0482494320634,815.0482494320634,815.0482494320634,815.0482494320634,815.0482494320634,815.0482494320634,815.0482494320634,815.0482494320634,815.0482494320634,815.0482494320634,815.0482494320634,815.0482494320634,815.0482494320634,815.0482494320634,815.0482494320634,815.0482494320634,815.0482494320634,815.0482494320634,815.0482494320634,815.0482494320634,815.0482494320634,815.0482494320634,815.0482494320634,815.0482494320634,815.0482494320634,815.0482494320634,815.0482494320634,815.0482494320634,815.0482494320634,815.0482494320634,815.0482494320634,815.0482494320634,815.0482494320634,815.0482494320634,815.0482494320634,815.0482494320634,815.0482494320634,815.0482494320634,815.0482494320634,815.0482494320634,815.0482494320634,815.0482494320634,815.0482494320634,815.0482494320634,815.0482494320634,815.0482494320634,815.0482494320634,815.0482494320634,815.0482494320634,815.0482494320634,815.0482494320634,815.0482494320634,815.0482494320634,815.0482494320634,815.0482494320634,815.0482494320634,815.0482494320634,815.0482494320634,815.0482494320634,815.0482494320634,815.0482494320634,815.0482494320634,815.0482494320634,815.0482494320634,815.0482494320634,815.0482494320634,815.0482494320634,815.0482494320634,815.0482494320634,751.456513400889,751.456513400889,751.456513400889,751.456513400889,751.456513400889,751.456513400889,751.456513400889,751.456513400889,751.456513400889,751.456513400889,751.456513400889,751.456513400889,751.456513400889,751.456513400889,751.456513400889,751.456513400889,751.456513400889,751.456513400889,751.456513400889,751.456513400889,751.456513400889,751.456513400889,751.456513400889,751.456513400889,751.456513400889,751.456513400889,751.456513400889,751.456513400889,751.456513400889,751.456513400889,751.456513400889,751.456513400889,751.456513400889,751.456513400889,751.456513400889]"
RC101,25,PSO,4,721.9772111413254,1.028303800005233,31,True,301,"[1231.8520938448055,1231.8520938448055,1185.5599665567743,1185.5599665567743,1185.5599665567743,1091.7183588964406,1087.704110898685,968.7673975507337,968.7673975507337,968.7673975507337,925.3864123671938,899.5868556846897,899.5868556846897,899.5868556846897,829.0047280511892,829.0047280511892,794.8775398367252,794.8775398367252,794.8775398367252,794.8775398367252,794.8148306841247,794.8148306841247,794.8148306841247,794.8148306841247,723.0134572060031,723.0134572060031,723.0134572060031,723.0134572060031,723.0134572060031,723.0134572060031,722.9507480534028,721.9772111413254,721.9772111413254,721.9772111413254,721.9772111413254,721.9772111413254,721.9772111413254,721.9772111413254,721.9772111413254,721.9772111413254,721.9772111413254,721.9772111413254,721.9772111413254,721.9772111413254,721.9772111413254,721.9772111413254,721.9772111413254,721.9772111413254,721.9772111413254,721.9772111413254,721.9772111413254,721.9772111413254,721.9772111413254,721.9772111413254,721.9772111413254,721.9772111413254,721.9772111413254,721.9772111413254,721.9772111413254,721.9772111413254,721.9772111413254,721.9772111413254,721.9772111413254,721.9772111413254,721.9772111413254,721.9772111413254,721.9772111413254,721.9772111413254,721.9772111413254,721.9772111413254,721.9772111413254,721.9772111413254,721.9772111413254,721.9772111413254,721.9772111413254,721.9772111413254,721.9772111413254,721.9772111413254,721.9772111413254,721.9772111413254,721.9772111413254,721.9772111413254,721.9772111413254,721.9772111413254,721.9772111413254,721.9772111413254,721.9772111413254,721.9772111413254,721.9772111413254,721.9772111413254,721.9772111413254,721.9772111413254,721.9772111413254,721.9772111413254,721.9772111413254,721.9772111413254,721.9772111413254,721.9772111413254,721.9772111413254,721.9772111413254,721.9772111413254,721.9772111413254,721.9772111413254,721.9772111413254,721.9772111413254,721.9772111413254,721.9772111413254,721.9772111413254,721.9772111413254,721.9772111413254,721.9772111413254,721.9772111413254,721.9772111413254,721.9772111413254,721.9772111413254,721.9772111413254,721.9772111413254,721.9772111413254,721.9772111413254,721.9772111413254,721.9772111413254,721.9772111413254,721.9772111413254,721.9772111413254,721.9772111413254,721.9772111413254,721.9772111413254,721.9772111413254,721.9772111413254,721.9772111413254,721.9772111413254,721.9772111413254,721.9772111413254,721.9772111413254,721.9772111413254,721.9772111413254,721.9772111413254,721.9772111413254,721.9772111413254,721.9772111413254,721.9772111413254,721.9772111413254,721.9772111413254,721.9772111413254,721.9772111413254,721.9772111413254,721.9772111413254,721.9772111413254,721.9772111413254,721.9772111413254,721.9772111413254,721.9772111413254,721.9772111413254,721.9772111413254,721.9772111413254,721.9772111413254,721.9772111413254,721.9772111413254,721.9772111413254,721.9772111413254,721.9772111413254,721.9772111413254,721.9772111413254,721.9772111413254,721.9772111413254,721.9772111413254,721.9772111413254,721.9772111413254,721.9772111413254,721.9772111413254,721.9772111413254,721.9772111413254,721.9772111413254,721.9772111413254,721.9772111413254,721.9772111413254,721.9772111413254,721.9772111413254,721.9772111413254,721.9772111413254,721.9772111413254,721.9772111413254,721.9772111413254,721.9772111413254,721.9772111413254,721.9772111413254,721.9772111413254,721.9772111413254,721.9772111413254,721.9772111413254,721.9772111413254,721.9772111413254,721.9772111413254,721.9772111413254,721.9772111413254,721.9772111413254,721.9772111413254,721.9772111413254,721.9772111413254,721.9772111413254,721.9772111413254,721.9772111413254,721.9772111413254,721.9772111413254,721.9772111413254,721.9772111413254,721.9772111413254,721.9772111413254,721.9772111413254,721.9772111413254,721.9772111413254,721.9772111413254,721.9772111413254,721.9772111413254,721.9772111413254,721.9772111413254,721.9772111413254,721.9772111413254,721.9772111413254,721.9772111413254,721.9772111413254,721.9772111413254,721.9772111413254,721.9772111413254,721.9772111413254,721.9772111413254,721.9772111413254,721.9772111413254,721.9772111413254,721.9772111413254,721.9772111413254,721.9772111413254,721.9772111413254,721.9772111413254,721.9772111413254,721.9772111413254,721.9772111413254,721.9772111413254,721.9772111413254,721.9772111413254,721.9772111413254,721.9772111413254,721.9772111413254,721.9772111413254,721.9772111413254,721.9772111413254,721.9772111413254,721.9772111413254,721.9772111413254,721.9772111413254,721.9772111413254,721.9772111413254,721.9772111413254,721.9772111413254,721.9772111413254,721.9772111413254,721.9772111413254,721.9772111413254,721.9772111413254,721.9772111413254,721.9772111413254,721.9772111413254,721.9772111413254,721.9772111413254,721.9772111413254,721.9772111413254,721.9772111413254,721.9772111413254,721.9772111413254,721.9772111413254,721.9772111413254,721.9772111413254,721.9772111413254,721.9772111413254,721.9772111413254,721.9772111413254,721.9772111413254,721.9772111413254,721.9772111413254,721.9772111413254,721.9772111413254,721.9772111413254,721.9772111413254,721.9772111413254,721.9772111413254,721.9772111413254,721.9772111413254,721.9772111413254,721.9772111413254,721.9772111413254,721.9772111413254,721.9772111413254,721.9772111413254,721.9772111413254,721.9772111413254,721.9772111413254,721.9772111413254,721.9772111413254,721.9772111413254,721.9772111413254,721.9772111413254]"
RC101,25,PSO,5,715.1895942937081,0.963496699987445,192,True,301,"[1235.015692684909,1235.015692684909,1188.6579099935238,1188.6579099935238,1188.6579099935238,1188.6579099935238,1075.4670909345268,1075.4670909345268,1075.4670909345268,1075.4670909345268,1075.4670909345268,1075.4670909345268,1075.4670909345268,1075.4670909345268,1075.4670909345268,1075.4670909345268,1033.8183897446788,1033.8183897446788,1033.8183897446788,1033.8183897446788,1033.8183897446788,1033.8183897446788,1017.2000123738967,1017.2000123738967,1017.2000123738967,1017.2000123738967,1017.2000123738967,1017.2000123738967,1017.2000123738967,1017.2000123738967,1017.2000123738967,1017.2000123738967,1017.2000123738967,1017.2000123738967,1017.2000123738967,999.980182969126,999.980182969126,999.980182969126,999.980182969126,999.980182969126,999.980182969126,999.980182969126,999.980182969126,999.980182969126,949.3276813261289,949.3276813261289,949.3276813261289,949.3276813261289,949.3276813261289,949.3276813261289,949.3276813261289,949.3276813261289,949.3276813261289,949.3276813261289,949.3276813261289,949.3276813261289,949.3276813261289,949.3276813261289,949.3276813261289,949.3276813261289,949.3276813261289,941.9478473837488,941.9478473837488,939.2167421607801,883.2612148959065,883.2612148959065,877.5347780769373,874.8845369116548,874.8845369116548,874.8845369116548,874.8845369116548,869.6628773442619,869.6628773442619,869.6628773442619,869.6628773442619,869.6628773442619,869.6628773442619,869.6628773442619,869.6628773442619,869.6628773442619,869.6628773442619,869.6628773442619,869.6628773442619,869.6628773442619,869.6628773442619,869.6628773442619,868.5493408935217,868.5493408935217,864.1408233117077,864.1408233117077,858.2980365369342,858.2980365369342,858.2980365369342,858.2980365369342,858.2980365369342,787.4001903119531,787.4001903119531,787.4001903119531,787.4001903119531,787.4001903119531,787.4001903119531,787.4001903119531,787.4001903119531,787.4001903119531,787.4001903119531,787.4001903119531,787.4001903119531,787.4001903119531,781.6099562109861,781.6099562109861,775.1881648401347,775.1881648401347,775.1881648401347,775.1881648401347,775.1881648401347,775.1881648401347,775.1881648401347,775.1881648401347,775.1881648401347,775.1881648401347,775.1881648401347,775.1881648401347,775.1881648401347,744.249832652881,744.249832652881,744.249832652881,744.249832652881,744.249832652881,744.249832652881,744.249832652881,723.1808030275176,716.8456070093848,716.8456070093848,716.8456070093848,716.8456070093848,716.8456070093848,716.8456070093848,716.8456070093848,716.8456070093848,716.8456070093848,716.8456070093848,716.8456070093848,716.8456070093848,716.8456070093848,716.8456070093848,716.8456070093848,716.8456070093848,716.8456070093848,716.8456070093848,716.8456070093848,716.8456070093848,716.8456070093848,716.8456070093848,716.8456070093848,716.8456070093848,716.8456070093848,716.8456070093848,716.8456070093848,716.8456070093848,716.8456070093848,716.8456070093848,716.8456070093848,716.8456070093848,716.8456070093848,716.8456070093848,716.8456070093848,716.8456070093848,716.8456070093848,716.8456070093848,716.8456070093848,716.8456070093848,716.8456070093848,716.8456070093848,716.8456070093848,716.8456070093848,716.8456070093848,716.8456070093848,716.8456070093848,716.8456070093848,716.8456070093848,716.8456070093848,716.8456070093848,716.8456070093848,716.8456070093848,716.8456070093848,716.8456070093848,716.8456070093848,716.8456070093848,716.8456070093848,716.8456070093848,716.8456070093848,716.8456070093848,715.1895942937081,715.1895942937081,715.1895942937081,715.1895942937081,715.1895942937081,715.1895942937081,715.1895942937081,715.1895942937081,715.1895942937081,715.1895942937081,715.1895942937081,715.1895942937081,715.1895942937081,715.1895942937081,715.1895942937081,715.1895942937081,715.1895942937081,715.1895942937081,715.1895942937081,715.1895942937081,715.1895942937081,715.1895942937081,715.1895942937081,715.1895942937081,715.1895942937081,715.1895942937081,715.1895942937081,715.1895942937081,715.1895942937081,715.1895942937081,715.1895942937081,715.1895942937081,715.1895942937081,715.1895942937081,715.1895942937081,715.1895942937081,715.1895942937081,715.1895942937081,715.1895942937081,715.1895942937081,715.1895942937081,715.1895942937081,715.1895942937081,715.1895942937081,715.1895942937081,715.1895942937081,715.1895942937081,715.1895942937081,715.1895942937081,715.1895942937081,715.1895942937081,715.1895942937081,715.1895942937081,715.1895942937081,715.1895942937081,715.1895942937081,715.1895942937081,715.1895942937081,715.1895942937081,715.1895942937081,715.1895942937081,715.1895942937081,715.1895942937081,715.1895942937081,715.1895942937081,715.1895942937081,715.1895942937081,715.1895942937081,715.1895942937081,715.1895942937081,715.1895942937081,715.1895942937081,715.1895942937081,715.1895942937081,715.1895942937081,715.1895942937081,715.1895942937081,715.1895942937081,715.1895942937081,715.1895942937081,715.1895942937081,715.1895942937081,715.1895942937081,715.1895942937081,715.1895942937081,715.1895942937081,715.1895942937081,715.1895942937081,715.1895942937081,715.1895942937081,715.1895942937081,715.1895942937081,715.1895942937081,715.1895942937081,715.1895942937081,715.1895942937081,715.1895942937081,715.1895942937081,715.1895942937081,715.1895942937081,715.1895942937081,715.1895942937081,715.1895942937081,715.1895942937081,715.1895942937081,715.1895942937081,715.1895942937081,715.1895942937081,715.1895942937081]"
RC101,25,PSO,6,783.9289277257076,1.014454799995292,274,True,301,"[1277.014589156866,1230.5505535450873,1195.560408612637,1173.6078909993319,1141.015995956673,968.8470754917661,968.8470754917661,968.8470754917661,968.8470754917661,968.8470754917661,968.8470754917661,968.8470754917661,968.8470754917661,968.8470754917661,968.8470754917661,968.8470754917661,968.8470754917661,968.8470754917661,968.8470754917661,968.8470754917661,968.8470754917661,942.651147360892,942.651147360892,911.3881171696829,911.3881171696829,911.3881171696829,911.3881171696829,904.9488445955445,842.3182702764067,842.3182702764067,842.3182702764067,842.3182702764067,842.3182702764067,842.3182702764067,842.3182702764067,842.3182702764067,842.3182702764067,842.3182702764067,842.3182702764067,842.3182702764067,842.3182702764067,842.3182702764067,842.3182702764067,842.3182702764067,842.3182702764067,842.3182702764067,842.3182702764067,842.3182702764067,842.3182702764067,842.3182702764067,842.3182702764067,842.3182702764067,841.7744002288426,841.7744002288426,841.7744002288426,841.7744002288426,841.7744002288426,841.7744002288426,841.7744002288426,841.7744002288426,841.7744002288426,841.7744002288426,841.7744002288426,841.7744002288426,841.7744002288426,841.7744002288426,841.7744002288426,841.7744002288426,841.7744002288426,841.7744002288426,841.7744002288426,841.7744002288426,841.7744002288426,841.7744002288426,841.7744002288426,841.7744002288426,841.7744002288426,841.7744002288426,841.7744002288426,841.7744002288426,841.7744002288426,841.7744002288426,841.7744002288426,841.7744002288426,841.7744002288426,841.7744002288426,841.7744002288426,841.7744002288426,841.7744002288426,841.7744002288426,841.7744002288426,841.7744002288426,841.7744002288426,841.7744002288426,841.7744002288426,841.7744002288426,841.7744002288426,841.7744002288426,841.7744002288426,841.7744002288426,841.7744002288426,841.7744002288426,841.7744002288426,841.7744002288426,841.7744002288426,841.7744002288426,841.7744002288426,836.2629814980155,836.2629814980155,836.2629814980155,836.2629814980155,836.2629814980155,836.2629814980155,836.2629814980155,836.2629814980155,836.2629814980155,836.2629814980155,836.2629814980155,836.2629814980155,836.2629814980155,816.373809234005,816.373809234005,816.373809234005,816.373809234005,816.373809234005,816.373809234005,816.373809234005,816.373809234005,816.373809234005,816.373809234005,816.373809234005,816.373809234005,812.4515165548005,812.4515165548005,812.4515165548005,812.4515165548005,812.4515165548005,812.4515165548005,812.4515165548005,812.4515165548005,812.4515165548005,812.4515165548005,812.4515165548005,812.4515165548005,812.4515165548005,812.4515165548005,812.4515165548005,812.4515165548005,812.4515165548005,812.4515165548005,812.4515165548005,812.4515165548005,812.4515165548005,812.4515165548005,812.4515165548005,812.4515165548005,812.4515165548005,812.4515165548005,812.4515165548005,812.4515165548005,812.4515165548005,812.4515165548005,812.4515165548005,812.4515165548005,812.4515165548005,812.4515165548005,812.4515165548005,812.4515165548005,812.4515165548005,812.4515165548005,812.4515165548005,812.4515165548005,812.4515165548005,812.4515165548005,812.4515165548005,812.4515165548005,812.4515165548005,812.4515165548005,812.4515165548005,812.4515165548005,812.4515165548005,812.4515165548005,812.4515165548005,812.4515165548005,812.4515165548005,812.4515165548005,812.4515165548005,812.4515165548005,812.4515165548005,812.4515165548005,812.4515165548005,812.4515165548005,812.4515165548005,812.4515165548005,812.4515165548005,812.4515165548005,812.4515165548005,812.4515165548005,812.4515165548005,812.4515165548005,812.4515165548005,812.4515165548005,812.4515165548005,812.4515165548005,812.4515165548005,812.4515165548005,812.4515165548005,812.4515165548005,812.4515165548005,812.4515165548005,812.4515165548005,812.4515165548005,812.4515165548005,812.4515165548005,812.4515165548005,812.4515165548005,812.4515165548005,812.4515165548005,812.4515165548005,812.4515165548005,812.4515165548005,812.4515165548005,812.4515165548005,812.4515165548005,812.4515165548005,812.4515165548005,812.4515165548005,812.4515165548005,812.4515165548005,812.4515165548005,812.4515165548005,812.4515165548005,812.4515165548005,812.4515165548005,812.4515165548005,812.4515165548005,812.4515165548005,812.4515165548005,812.4515165548005,812.4515165548005,812.4515165548005,812.4515165548005,812.4515165548005,812.4515165548005,812.4515165548005,812.4515165548005,812.4515165548005,812.4515165548005,812.4515165548005,812.4515165548005,812.4515165548005,812.4515165548005,812.4515165548005,812.4515165548005,812.4515165548005,812.4515165548005,812.4515165548005,812.4515165548005,812.4515165548005,812.4515165548005,812.4515165548005,812.4515165548005,812.4515165548005,812.4515165548005,812.4515165548005,812.4515165548005,812.4515165548005,812.4515165548005,812.4515165548005,812.4515165548005,812.4515165548005,793.1593415354014,785.8592018665045,785.8592018665045,783.9289277257076,783.9289277257076,783.9289277257076,783.9289277257076,783.9289277257076,783.9289277257076,783.9289277257076,783.9289277257076,783.9289277257076,783.9289277257076,783.9289277257076,783.9289277257076,783.9289277257076,783.9289277257076,783.9289277257076,783.9289277257076,783.9289277257076,783.9289277257076,783.9289277257076,783.9289277257076,783.9289277257076,783.9289277257076,783.9289277257076,783.9289277257076,783.9289277257076,783.9289277257076,783.9289277257076]"
RC101,25,PSO,7,714.223393636012,1.0167378000041936,106,True,301,"[1214.3402811029048,1214.3402811029048,1214.3402811029048,1214.3402811029048,1214.3402811029048,1191.655552802544,1166.1859873644328,1166.1859873644328,1166.1859873644328,1166.1859873644328,1155.6735059454008,1147.363714330212,1147.363714330212,1130.5532673501145,1130.5532673501145,1098.8426926678274,1098.8426926678274,1039.9026470545991,1039.9026470545991,982.6457510714633,982.6457510714633,982.6457510714633,982.6457510714633,982.6457510714633,957.2417384438841,902.3143661956133,902.3143661956133,902.3143661956133,902.3143661956133,902.3143661956133,902.3143661956133,871.0818580658458,871.0818580658458,871.0818580658458,871.0818580658458,868.9016394152071,863.7210645735089,863.7210645735089,856.4702269996573,856.4702269996573,814.4250108037543,814.4250108037543,814.4250108037543,814.4250108037543,814.4250108037543,814.4250108037543,788.0108113766049,788.0108113766049,788.0108113766049,788.0108113766049,788.0108113766049,788.0108113766049,788.0108113766049,788.0108113766049,788.0108113766049,788.0108113766049,788.0108113766049,725.3560184863252,725.3560184863252,725.3560184863252,725.3560184863252,725.3560184863252,725.3560184863252,725.3560184863252,725.3560184863252,725.3560184863252,725.3560184863252,725.3560184863252,725.3560184863252,720.947500904511,720.947500904511,720.947500904511,720.947500904511,720.947500904511,720.947500904511,720.947500904511,720.947500904511,720.947500904511,720.947500904511,720.947500904511,720.947500904511,720.947500904511,720.947500904511,720.947500904511,720.947500904511,720.947500904511,720.947500904511,720.947500904511,720.947500904511,720.947500904511,720.947500904511,720.947500904511,720.947500904511,720.947500904511,720.947500904511,720.947500904511,720.947500904511,720.947500904511,720.947500904511,720.947500904511,720.947500904511,720.947500904511,720.947500904511,720.947500904511,720.947500904511,720.947500904511,714.223393636012,714.223393636012,714.223393636012,714.223393636012,714.223393636012,714.223393636012,714.223393636012,714.223393636012,714.223393636012,714.223393636012,714.223393636012,714.223393636012,714.223393636012,714.223393636012,714.223393636012,714.223393636012,714.223393636012,714.223393636012,714.223393636012,714.223393636012,714.223393636012,714.223393636012,714.223393636012,714.223393636012,714.223393636012,714.223393636012,714.223393636012,714.223393636012,714.223393636012,714.223393636012,714.223393636012,714.223393636012,714.223393636012,714.223393636012,714.223393636012,714.223393636012,714.223393636012,714.223393636012,714.223393636012,714.223393636012,714.223393636012,714.223393636012,714.223393636012,714.223393636012,714.223393636012,714.223393636012,714.223393636012,714.223393636012,714.223393636012,714.223393636012,714.223393636012,714.223393636012,714.223393636012,714.223393636012,714.223393636012,714.223393636012,714.223393636012,714.223393636012,714.223393636012,714.223393636012,714.223393636012,714.223393636012,714.223393636012,714.223393636012,714.223393636012,714.223393636012,714.223393636012,714.223393636012,714.223393636012,714.223393636012,714.223393636012,714.223393636012,714.223393636012,714.223393636012,714.223393636012,714.223393636012,714.223393636012,714.223393636012,714.223393636012,714.223393636012,714.223393636012,714.223393636012,714.223393636012,714.223393636012,714.223393636012,714.223393636012,714.223393636012,714.223393636012,714.223393636012,714.223393636012,714.223393636012,714.223393636012,714.223393636012,714.223393636012,714.223393636012,714.223393636012,714.223393636012,714.223393636012,714.223393636012,714.223393636012,714.223393636012,714.223393636012,714.223393636012,714.223393636012,714.223393636012,714.223393636012,714.223393636012,714.223393636012,714.223393636012,714.223393636012,714.223393636012,714.223393636012,714.223393636012,714.223393636012,714.223393636012,714.223393636012,714.223393636012,714.223393636012,714.223393636012,714.223393636012,714.223393636012,714.223393636012,714.223393636012,714.223393636012,714.223393636012,714.223393636012,714.223393636012,714.223393636012,714.223393636012,714.223393636012,714.223393636012,714.223393636012,714.223393636012,714.223393636012,714.223393636012,714.223393636012,714.223393636012,714.223393636012,714.223393636012,714.223393636012,714.223393636012,714.223393636012,714.223393636012,714.223393636012,714.223393636012,714.223393636012,714.223393636012,714.223393636012,714.223393636012,714.223393636012,714.223393636012,714.223393636012,714.223393636012,714.223393636012,714.223393636012,714.223393636012,714.223393636012,714.223393636012,714.223393636012,714.223393636012,714.223393636012,714.223393636012,714.223393636012,714.223393636012,714.223393636012,714.223393636012,714.223393636012,714.223393636012,714.223393636012,714.223393636012,714.223393636012,714.223393636012,714.223393636012,714.223393636012,714.223393636012,714.223393636012,714.223393636012,714.223393636012,714.223393636012,714.223393636012,714.223393636012,714.223393636012,714.223393636012,714.223393636012,714.223393636012,714.223393636012,714.223393636012,714.223393636012,714.223393636012,714.223393636012,714.223393636012,714.223393636012,714.223393636012,714.223393636012,714.223393636012]"
RC101,25,PSO,8,809.2365121017701,1.0227296999946702,69,True,301,"[1310.6320522271976,1231.6531503890285,1063.8255926159977,1063.8255926159977,1063.8255926159977,1063.8255926159977,1047.732842378163,979.7519990107907,979.7519990107907,979.7519990107907,979.7519990107907,979.7519990107907,979.7519990107907,979.7519990107907,979.7519990107907,979.7519990107907,979.7519990107907,979.7519990107907,890.8727313257223,890.8727313257223,890.8727313257223,890.8727313257223,886.0746932918028,886.0746932918028,886.0746932918028,886.0746932918028,886.0746932918028,886.0746932918028,886.0746932918028,886.0746932918028,886.0746932918028,886.0746932918028,886.0746932918028,886.0746932918028,886.0746932918028,883.277635122237,883.277635122237,866.822479305921,866.822479305921,866.822479305921,866.822479305921,866.822479305921,866.822479305921,866.822479305921,866.822479305921,866.822479305921,866.822479305921,866.822479305921,866.822479305921,854.613595538813,819.3107881029905,818.2363234629319,818.2363234629319,818.2363234629319,818.2363234629319,818.2363234629319,818.2363234629319,818.2363234629319,818.2363234629319,818.2363234629319,813.5028850826723,813.5028850826723,813.5028850826723,813.5028850826723,813.5028850826723,813.5028850826723,813.5028850826723,811.948265760849,810.9892988927553,809.2365121017701,809.2365121017701,809.2365121017701,809.2365121017701,809.2365121017701,809.2365121017701,809.2365121017701,809.2365121017701,809.2365121017701,809.2365121017701,809.2365121017701,809.2365121017701,809.2365121017701,809.2365121017701,809.2365121017701,809.2365121017701,809.2365121017701,809.2365121017701,809.2365121017701,809.2365121017701,809.2365121017701,809.2365121017701,809.2365121017701,809.2365121017701,809.2365121017701,809.2365121017701,809.2365121017701,809.2365121017701,809.2365121017701,809.2365121017701,809.2365121017701,809.2365121017701,809.2365121017701,809.2365121017701,809.2365121017701,809.2365121017701,809.2365121017701,809.2365121017701,809.2365121017701,809.2365121017701,809.2365121017701,809.2365121017701,809.2365121017701,809.2365121017701,809.2365121017701,809.2365121017701,809.2365121017701,809.2365121017701,809.2365121017701,809.2365121017701,809.2365121017701,809.2365121017701,809.2365121017701,809.2365121017701,809.2365121017701,809.2365121017701,809.2365121017701,809.2365121017701,809.2365121017701,809.2365121017701,809.2365121017701,809.2365121017701,809.2365121017701,809.2365121017701,809.2365121017701,809.2365121017701,809.2365121017701,809.2365121017701,809.2365121017701,809.2365121017701,809.2365121017701,809.2365121017701,809.2365121017701,809.2365121017701,809.2365121017701,809.2365121017701,809.2365121017701,809.2365121017701,809.2365121017701,809.2365121017701,809.2365121017701,809.2365121017701,809.2365121017701,809.2365121017701,809.2365121017701,809.2365121017701,809.2365121017701,809.2365121017701,809.2365121017701,809.2365121017701,809.2365121017701,809.2365121017701,809.2365121017701,809.2365121017701,809.2365121017701,809.2365121017701,809.2365121017701,809.2365121017701,809.2365121017701,809.2365121017701,809.2365121017701,809.2365121017701,809.2365121017701,809.2365121017701,809.2365121017701,809.2365121017701,809.2365121017701,809.2365121017701,809.2365121017701,809.2365121017701,809.2365121017701,809.2365121017701,809.2365121017701,809.2365121017701,809.2365121017701,809.2365121017701,809.2365121017701,809.2365121017701,809.2365121017701,809.2365121017701,809.2365121017701,809.2365121017701,809.2365121017701,809.2365121017701,809.2365121017701,809.2365121017701,809.2365121017701,809.2365121017701,809.2365121017701,809.2365121017701,809.2365121017701,809.2365121017701,809.2365121017701,809.2365121017701,809.2365121017701,809.2365121017701,809.2365121017701,809.2365121017701,809.2365121017701,809.2365121017701,809.2365121017701,809.2365121017701,809.2365121017701,809.2365121017701,809.2365121017701,809.2365121017701,809.2365121017701,809.2365121017701,809.2365121017701,809.2365121017701,809.2365121017701,809.2365121017701,809.2365121017701,809.2365121017701,809.2365121017701,809.2365121017701,809.2365121017701,809.2365121017701,809.2365121017701,809.2365121017701,809.2365121017701,809.2365121017701,809.2365121017701,809.2365121017701,809.2365121017701,809.2365121017701,809.2365121017701,809.2365121017701,809.2365121017701,809.2365121017701,809.2365121017701,809.2365121017701,809.2365121017701,809.2365121017701,809.2365121017701,809.2365121017701,809.2365121017701,809.2365121017701,809.2365121017701,809.2365121017701,809.2365121017701,809.2365121017701,809.2365121017701,809.2365121017701,809.2365121017701,809.2365121017701,809.2365121017701,809.2365121017701,809.2365121017701,809.2365121017701,809.2365121017701,809.2365121017701,809.2365121017701,809.2365121017701,809.2365121017701,809.2365121017701,809.2365121017701,809.2365121017701,809.2365121017701,809.2365121017701,809.2365121017701,809.2365121017701,809.2365121017701,809.2365121017701,809.2365121017701,809.2365121017701,809.2365121017701,809.2365121017701,809.2365121017701,809.2365121017701,809.2365121017701,809.2365121017701,809.2365121017701,809.2365121017701,809.2365121017701,809.2365121017701,809.2365121017701,809.2365121017701,809.2365121017701,809.2365121017701,809.2365121017701,809.2365121017701,809.2365121017701,809.2365121017701,809.2365121017701,809.2365121017701,809.2365121017701,809.2365121017701,809.2365121017701,809.2365121017701,809.2365121017701,809.2365121017701]"
RC101,25,PSO,9,784.4551888251615,0.9050888000056148,90,True,301,"[1258.516160445567,1219.7389962239808,1219.7389962239808,1219.7389962239808,1189.7268601579126,1189.7268601579126,1189.7268601579126,1164.9623755056778,1164.9623755056778,1164.9623755056778,1164.9623755056778,1164.4307610101694,1164.4307610101694,1164.4307610101694,1164.4307610101694,1164.4307610101694,1164.4307610101694,1164.4307610101694,1145.943594558923,1145.943594558923,1144.2221809117268,1144.2221809117268,1035.1458156200129,1035.1458156200129,1035.1458156200129,995.5450074548068,995.5450074548068,947.9627760826722,947.9627760826722,947.9627760826722,947.9627760826722,947.9627760826722,947.9627760826722,947.9627760826722,903.5576879380479,903.5576879380479,903.5576879380479,903.5576879380479,903.5576879380479,903.5576879380479,903.5576879380479,803.2179953481943,803.2179953481943,803.2179953481943,803.2179953481943,803.2179953481943,803.2179953481943,803.2179953481943,803.2179953481943,803.2179953481943,803.2179953481943,803.2179953481943,803.2179953481943,803.2179953481943,803.2179953481943,792.1812927530232,792.1812927530232,792.1812927530232,792.1812927530232,792.1812927530232,792.1812927530232,792.1812927530232,792.1812927530232,792.1812927530232,792.1812927530232,792.1812927530232,792.1812927530232,792.1812927530232,792.1812927530232,792.1812927530232,792.1812927530232,792.1812927530232,792.1812927530232,792.1812927530232,792.1812927530232,792.1812927530232,792.1812927530232,792.1812927530232,792.1812927530232,792.1812927530232,790.123044048968,790.123044048968,790.123044048968,790.123044048968,790.123044048968,786.4684626141986,786.4684626141986,786.4684626141986,786.4684626141986,786.4684626141986,784.4551888251615,784.4551888251615,784.4551888251615,784.4551888251615,784.4551888251615,784.4551888251615,784.4551888251615,784.4551888251615,784.4551888251615,784.4551888251615,784.4551888251615,784.4551888251615,784.4551888251615,784.4551888251615,784.4551888251615,784.4551888251615,784.4551888251615,784.4551888251615,784.4551888251615,784.4551888251615,784.4551888251615,784.4551888251615,784.4551888251615,784.4551888251615,784.4551888251615,784.4551888251615,784.4551888251615,784.4551888251615,784.4551888251615,784.4551888251615,784.4551888251615,784.4551888251615,784.4551888251615,784.4551888251615,784.4551888251615,784.4551888251615,784.4551888251615,784.4551888251615,784.4551888251615,784.4551888251615,784.4551888251615,784.4551888251615,784.4551888251615,784.4551888251615,784.4551888251615,784.4551888251615,784.4551888251615,784.4551888251615,784.4551888251615,784.4551888251615,784.4551888251615,784.4551888251615,784.4551888251615,784.4551888251615,784.4551888251615,784.4551888251615,784.4551888251615,784.4551888251615,784.4551888251615,784.4551888251615,784.4551888251615,784.4551888251615,784.4551888251615,784.4551888251615,784.4551888251615,784.4551888251615,784.4551888251615,784.4551888251615,784.4551888251615,784.4551888251615,784.4551888251615,784.4551888251615,784.4551888251615,784.4551888251615,784.4551888251615,784.4551888251615,784.4551888251615,784.4551888251615,784.4551888251615,784.4551888251615,784.4551888251615,784.4551888251615,784.4551888251615,784.4551888251615,784.4551888251615,784.4551888251615,784.4551888251615,784.4551888251615,784.4551888251615,784.4551888251615,784.4551888251615,784.4551888251615,784.4551888251615,784.4551888251615,784.4551888251615,784.4551888251615,784.4551888251615,784.4551888251615,784.4551888251615,784.4551888251615,784.4551888251615,784.4551888251615,784.4551888251615,784.4551888251615,784.4551888251615,784.4551888251615,784.4551888251615,784.4551888251615,784.4551888251615,784.4551888251615,784.4551888251615,784.4551888251615,784.4551888251615,784.4551888251615,784.4551888251615,784.4551888251615,784.4551888251615,784.4551888251615,784.4551888251615,784.4551888251615,784.4551888251615,784.4551888251615,784.4551888251615,784.4551888251615,784.4551888251615,784.4551888251615,784.4551888251615,784.4551888251615,784.4551888251615,784.4551888251615,784.4551888251615,784.4551888251615,784.4551888251615,784.4551888251615,784.4551888251615,784.4551888251615,784.4551888251615,784.4551888251615,784.4551888251615,784.4551888251615,784.4551888251615,784.4551888251615,784.4551888251615,784.4551888251615,784.4551888251615,784.4551888251615,784.4551888251615,784.4551888251615,784.4551888251615,784.4551888251615,784.4551888251615,784.4551888251615,784.4551888251615,784.4551888251615,784.4551888251615,784.4551888251615,784.4551888251615,784.4551888251615,784.4551888251615,784.4551888251615,784.4551888251615,784.4551888251615,784.4551888251615,784.4551888251615,784.4551888251615,784.4551888251615,784.4551888251615,784.4551888251615,784.4551888251615,784.4551888251615,784.4551888251615,784.4551888251615,784.4551888251615,784.4551888251615,784.4551888251615,784.4551888251615,784.4551888251615,784.4551888251615,784.4551888251615,784.4551888251615,784.4551888251615,784.4551888251615,784.4551888251615,784.4551888251615,784.4551888251615,784.4551888251615,784.4551888251615,784.4551888251615,784.4551888251615,784.4551888251615,784.4551888251615,784.4551888251615,784.4551888251615,784.4551888251615,784.4551888251615,784.4551888251615,784.4551888251615,784.4551888251615,784.4551888251615,784.4551888251615,784.4551888251615,784.4551888251615,784.4551888251615,784.4551888251615,784.4551888251615,784.4551888251615,784.4551888251615,784.4551888251615,784.4551888251615,784.4551888251615,784.4551888251615]"
RC101,25,PSO,10,649.7963896864665,0.972361499996623,107,True,301,"[1289.6672546110806,1133.4943501941434,1133.4943501941434,1057.1914629612158,1057.1914629612158,1057.1914629612158,1057.1914629612158,1057.1914629612158,1050.52194594344,1050.52194594344,1050.52194594344,1003.2495614011962,1003.2495614011962,1003.2495614011962,1003.2495614011962,1003.2495614011962,1003.2495614011962,1003.2495614011962,1003.2495614011962,1003.2495614011962,1003.2495614011962,983.3257572375164,983.3257572375164,983.3257572375164,983.3257572375164,983.3257572375164,929.1218753051029,917.0038984387892,917.0038984387892,875.1930931020912,875.1930931020912,875.1930931020912,875.1930931020912,816.252923289052,816.252923289052,816.252923289052,816.252923289052,816.252923289052,816.252923289052,816.252923289052,816.252923289052,774.4157808707255,774.4157808707255,774.4157808707255,774.4157808707255,774.4157808707255,774.4157808707255,774.4157808707255,774.4157808707255,774.4157808707255,774.4157808707255,774.4157808707255,774.4157808707255,774.4157808707255,774.4157808707255,774.4157808707255,774.4157808707255,774.4157808707255,708.1413287535354,708.1413287535354,708.1413287535354,705.6323139052108,705.6323139052108,705.6323139052108,705.6323139052108,686.931401936636,686.4224573546621,680.844575261254,678.3355604129296,678.3355604129296,678.3355604129296,678.3355604129296,667.2988578177584,667.2988578177584,667.2988578177584,667.2988578177584,667.2988578177584,667.2988578177584,667.2988578177584,667.2988578177584,667.2988578177584,667.2988578177584,667.2988578177584,667.2988578177584,667.2988578177584,667.2988578177584,667.2988578177584,667.2988578177584,667.2988578177584,667.2988578177584,667.2988578177584,667.2988578177584,667.2988578177584,667.2988578177584,667.2988578177584,667.2988578177584,667.2988578177584,667.2988578177584,667.2988578177584,667.2988578177584,667.2988578177584,667.2988578177584,667.2988578177584,667.2988578177584,667.2988578177584,653.2789414468684,650.769926598544,649.7963896864665,649.7963896864665,649.7963896864665,649.7963896864665,649.7963896864665,649.7963896864665,649.7963896864665,649.7963896864665,649.7963896864665,649.7963896864665,649.7963896864665,649.7963896864665,649.7963896864665,649.7963896864665,649.7963896864665,649.7963896864665,649.7963896864665,649.7963896864665,649.7963896864665,649.7963896864665,649.7963896864665,649.7963896864665,649.7963896864665,649.7963896864665,649.7963896864665,649.7963896864665,649.7963896864665,649.7963896864665,649.7963896864665,649.7963896864665,649.7963896864665,649.7963896864665,649.7963896864665,649.7963896864665,649.7963896864665,649.7963896864665,649.7963896864665,649.7963896864665,649.7963896864665,649.7963896864665,649.7963896864665,649.7963896864665,649.7963896864665,649.7963896864665,649.7963896864665,649.7963896864665,649.7963896864665,649.7963896864665,649.7963896864665,649.7963896864665,649.7963896864665,649.7963896864665,649.7963896864665,649.7963896864665,649.7963896864665,649.7963896864665,649.7963896864665,649.7963896864665,649.7963896864665,649.7963896864665,649.7963896864665,649.7963896864665,649.7963896864665,649.7963896864665,649.7963896864665,649.7963896864665,649.7963896864665,649.7963896864665,649.7963896864665,649.7963896864665,649.7963896864665,649.7963896864665,649.7963896864665,649.7963896864665,649.7963896864665,649.7963896864665,649.7963896864665,649.7963896864665,649.7963896864665,649.7963896864665,649.7963896864665,649.7963896864665,649.7963896864665,649.7963896864665,649.7963896864665,649.7963896864665,649.7963896864665,649.7963896864665,649.7963896864665,649.7963896864665,649.7963896864665,649.7963896864665,649.7963896864665,649.7963896864665,649.7963896864665,649.7963896864665,649.7963896864665,649.7963896864665,649.7963896864665,649.7963896864665,649.7963896864665,649.7963896864665,649.7963896864665,649.7963896864665,649.7963896864665,649.7963896864665,649.7963896864665,649.7963896864665,649.7963896864665,649.7963896864665,649.7963896864665,649.7963896864665,649.7963896864665,649.7963896864665,649.7963896864665,649.7963896864665,649.7963896864665,649.7963896864665,649.7963896864665,649.7963896864665,649.7963896864665,649.7963896864665,649.7963896864665,649.7963896864665,649.7963896864665,649.7963896864665,649.7963896864665,649.7963896864665,649.7963896864665,649.7963896864665,649.7963896864665,649.7963896864665,649.7963896864665,649.7963896864665,649.7963896864665,649.7963896864665,649.7963896864665,649.7963896864665,649.7963896864665,649.7963896864665,649.7963896864665,649.7963896864665,649.7963896864665,649.7963896864665,649.7963896864665,649.7963896864665,649.7963896864665,649.7963896864665,649.7963896864665,649.7963896864665,649.7963896864665,649.7963896864665,649.7963896864665,649.7963896864665,649.7963896864665,649.7963896864665,649.7963896864665,649.7963896864665,649.7963896864665,649.7963896864665,649.7963896864665,649.7963896864665,649.7963896864665,649.7963896864665,649.7963896864665,649.7963896864665,649.7963896864665,649.7963896864665,649.7963896864665,649.7963896864665,649.7963896864665,649.7963896864665,649.7963896864665,649.7963896864665,649.7963896864665,649.7963896864665,649.7963896864665,649.7963896864665,649.7963896864665,649.7963896864665,649.7963896864665,649.7963896864665,649.7963896864665,649.7963896864665,649.7963896864665,649.7963896864665,649.7963896864665,649.7963896864665,649.7963896864665,649.7963896864665,649.7963896864665,649.7963896864665,649.7963896864665,649.7963896864665]"
RC101,25,PSO,11,694.1149800254937,1.0808815000054892,62,True,301,"[1236.2987172404976,1236.2987172404976,1218.519631820091,1218.519631820091,1218.519631820091,1218.519631820091,1191.4580663084196,1191.4580663084196,1191.4580663084196,1156.9732955088878,1074.7759003752108,1074.7759003752108,1074.7759003752108,1044.6016721034998,1044.6016721034998,1044.6016721034998,967.4273532932174,967.4273532932174,967.4273532932174,967.4273532932174,901.4081209673936,901.4081209673936,901.4081209673936,901.4081209673936,868.7568325703113,851.1286412949111,851.1286412949111,851.1286412949111,851.1286412949111,851.1286412949111,823.0473567951764,823.0473567951764,823.0473567951764,823.0473567951764,823.0473567951764,789.765451269349,768.6173466674655,768.6173466674655,756.1356014415675,706.7843730603477,706.7843730603477,706.7843730603477,706.7843730603477,706.7843730603477,706.7843730603477,706.7843730603477,706.7843730603477,706.7843730603477,697.7099898154679,697.7099898154679,697.7099898154679,697.7099898154679,697.7099898154679,697.7099898154679,697.7099898154679,697.7099898154679,697.7099898154679,697.7099898154679,697.7099898154679,697.7099898154679,697.7099898154679,697.7099898154679,694.1149800254937,694.1149800254937,694.1149800254937,694.1149800254937,694.1149800254937,694.1149800254937,694.1149800254937,694.1149800254937,694.1149800254937,694.1149800254937,694.1149800254937,694.1149800254937,694.1149800254937,694.1149800254937,694.1149800254937,694.1149800254937,694.1149800254937,694.1149800254937,694.1149800254937,694.1149800254937,694.1149800254937,694.1149800254937,694.1149800254937,694.1149800254937,694.1149800254937,694.1149800254937,694.1149800254937,694.1149800254937,694.1149800254937,694.1149800254937,694.1149800254937,694.1149800254937,694.1149800254937,694.1149800254937,694.1149800254937,694.1149800254937,694.1149800254937,694.1149800254937,694.1149800254937,694.1149800254937,694.1149800254937,694.1149800254937,694.1149800254937,694.1149800254937,694.1149800254937,694.1149800254937,694.1149800254937,694.1149800254937,694.1149800254937,694.1149800254937,694.1149800254937,694.1149800254937,694.1149800254937,694.1149800254937,694.1149800254937,694.1149800254937,694.1149800254937,694.1149800254937,694.1149800254937,694.1149800254937,694.1149800254937,694.1149800254937,694.1149800254937,694.1149800254937,694.1149800254937,694.1149800254937,694.1149800254937,694.1149800254937,694.1149800254937,694.1149800254937,694.1149800254937,694.1149800254937,694.1149800254937,694.1149800254937,694.1149800254937,694.1149800254937,694.1149800254937,694.1149800254937,694.1149800254937,694.1149800254937,694.1149800254937,694.1149800254937,694.1149800254937,694.1149800254937,694.1149800254937,694.1149800254937,694.1149800254937,694.1149800254937,694.1149800254937,694.1149800254937,694.1149800254937,694.1149800254937,694.1149800254937,694.1149800254937,694.1149800254937,694.1149800254937,694.1149800254937,694.1149800254937,694.1149800254937,694.1149800254937,694.1149800254937,694.1149800254937,694.1149800254937,694.1149800254937,694.1149800254937,694.1149800254937,694.1149800254937,694.1149800254937,694.1149800254937,694.1149800254937,694.1149800254937,694.1149800254937,694.1149800254937,694.1149800254937,694.1149800254937,694.1149800254937,694.1149800254937,694.1149800254937,694.1149800254937,694.1149800254937,694.1149800254937,694.1149800254937,694.1149800254937,694.1149800254937,694.1149800254937,694.1149800254937,694.1149800254937,694.1149800254937,694.1149800254937,694.1149800254937,694.1149800254937,694.1149800254937,694.1149800254937,694.1149800254937,694.1149800254937,694.1149800254937,694.1149800254937,694.1149800254937,694.1149800254937,694.1149800254937,694.1149800254937,694.1149800254937,694.1149800254937,694.1149800254937,694.1149800254937,694.1149800254937,694.1149800254937,694.1149800254937,694.1149800254937,694.1149800254937,694.1149800254937,694.1149800254937,694.1149800254937,694.1149800254937,694.1149800254937,694.1149800254937,694.1149800254937,694.1149800254937,694.1149800254937,694.1149800254937,694.1149800254937,694.1149800254937,694.1149800254937,694.1149800254937,694.1149800254937,694.1149800254937,694.1149800254937,694.1149800254937,694.1149800254937,694.1149800254937,694.1149800254937,694.1149800254937,694.1149800254937,694.1149800254937,694.1149800254937,694.1149800254937,694.1149800254937,694.1149800254937,694.1149800254937,694.1149800254937,694.1149800254937,694.1149800254937,694.1149800254937,694.1149800254937,694.1149800254937,694.1149800254937,694.1149800254937,694.1149800254937,694.1149800254937,694.1149800254937,694.1149800254937,694.1149800254937,694.1149800254937,694.1149800254937,694.1149800254937,694.1149800254937,694.1149800254937,694.1149800254937,694.1149800254937,694.1149800254937,694.1149800254937,694.1149800254937,694.1149800254937,694.1149800254937,694.1149800254937,694.1149800254937,694.1149800254937,694.1149800254937,694.1149800254937,694.1149800254937,694.1149800254937,694.1149800254937,694.1149800254937,694.1149800254937,694.1149800254937,694.1149800254937,694.1149800254937,694.1149800254937,694.1149800254937,694.1149800254937,694.1149800254937,694.1149800254937,694.1149800254937,694.1149800254937,694.1149800254937,694.1149800254937,694.1149800254937,694.1149800254937,694.1149800254937,694.1149800254937,694.1149800254937,694.1149800254937,694.1149800254937,694.1149800254937,694.1149800254937,694.1149800254937,694.1149800254937,694.1149800254937,694.1149800254937]"
RC101,25,PSO,12,780.6084526279012,0.9308871999965049,117,True,301,"[1239.2160830559264,1131.19471985047,1131.19471985047,1131.19471985047,1131.19471985047,1131.19471985047,1131.19471985047,1131.19471985047,1131.19471985047,1131.19471985047,1131.19471985047,1131.19471985047,1131.19471985047,1131.19471985047,1131.19471985047,1131.19471985047,1131.19471985047,1131.19471985047,1131.19471985047,1131.19471985047,1131.19471985047,1131.19471985047,1114.7968739123526,1114.7968739123526,1114.7968739123526,1089.8288447006641,1089.8288447006641,1089.8288447006641,1089.8288447006641,1089.8288447006641,1054.5154327185444,1054.5154327185444,1054.5154327185444,1054.5154327185444,1054.5154327185444,982.6882506109157,982.6882506109157,982.6882506109157,982.6882506109157,982.6882506109157,982.6882506109157,982.6882506109157,982.6882506109157,982.6882506109157,976.0305455544778,976.0305455544778,976.0305455544778,976.0305455544778,976.0305455544778,976.0305455544778,976.0305455544778,976.0305455544778,976.0305455544778,976.0305455544778,976.0305455544778,976.0305455544778,976.0305455544778,976.0305455544778,976.0305455544778,976.0305455544778,976.0305455544778,976.0305455544778,976.0305455544778,976.0305455544778,976.0305455544778,976.0305455544778,976.0305455544778,976.0305455544778,976.0305455544778,976.0305455544778,954.1311859907603,948.1804720236321,948.1804720236321,948.1804720236321,948.1804720236321,948.1804720236321,948.1804720236321,932.5611601608989,932.5611601608989,932.5611601608989,932.5611601608989,932.5611601608989,932.5611601608989,932.5611601608989,932.5611601608989,920.1134087830119,914.1626948158837,914.1626948158837,914.1626948158837,882.9961868045698,882.9961868045698,882.9961868045698,882.9961868045698,882.9961868045698,882.9961868045698,882.9961868045698,882.9961868045698,882.9961868045698,882.9961868045698,882.9961868045698,882.9961868045698,882.9961868045698,882.9961868045698,882.9961868045698,882.9961868045698,882.9961868045698,882.9961868045698,882.9961868045698,820.455674740487,820.455674740487,820.455674740487,820.455674740487,818.133219085953,818.133219085953,818.133219085953,818.133219085953,818.133219085953,780.6084526279012,780.6084526279012,780.6084526279012,780.6084526279012,780.6084526279012,780.6084526279012,780.6084526279012,780.6084526279012,780.6084526279012,780.6084526279012,780.6084526279012,780.6084526279012,780.6084526279012,780.6084526279012,780.6084526279012,780.6084526279012,780.6084526279012,780.6084526279012,780.6084526279012,780.6084526279012,780.6084526279012,780.6084526279012,780.6084526279012,780.6084526279012,780.6084526279012,780.6084526279012,780.6084526279012,780.6084526279012,780.6084526279012,780.6084526279012,780.6084526279012,780.6084526279012,780.6084526279012,780.6084526279012,780.6084526279012,780.6084526279012,780.6084526279012,780.6084526279012,780.6084526279012,780.6084526279012,780.6084526279012,780.6084526279012,780.6084526279012,780.6084526279012,780.6084526279012,780.6084526279012,780.6084526279012,780.6084526279012,780.6084526279012,780.6084526279012,780.6084526279012,780.6084526279012,780.6084526279012,780.6084526279012,780.6084526279012,780.6084526279012,780.6084526279012,780.6084526279012,780.6084526279012,780.6084526279012,780.6084526279012,780.6084526279012,780.6084526279012,780.6084526279012,780.6084526279012,780.6084526279012,780.6084526279012,780.6084526279012,780.6084526279012,780.6084526279012,780.6084526279012,780.6084526279012,780.6084526279012,780.6084526279012,780.6084526279012,780.6084526279012,780.6084526279012,780.6084526279012,780.6084526279012,780.6084526279012,780.6084526279012,780.6084526279012,780.6084526279012,780.6084526279012,780.6084526279012,780.6084526279012,780.6084526279012,780.6084526279012,780.6084526279012,780.6084526279012,780.6084526279012,780.6084526279012,780.6084526279012,780.6084526279012,780.6084526279012,780.6084526279012,780.6084526279012,780.6084526279012,780.6084526279012,780.6084526279012,780.6084526279012,780.6084526279012,780.6084526279012,780.6084526279012,780.6084526279012,780.6084526279012,780.6084526279012,780.6084526279012,780.6084526279012,780.6084526279012,780.6084526279012,780.6084526279012,780.6084526279012,780.6084526279012,780.6084526279012,780.6084526279012,780.6084526279012,780.6084526279012,780.6084526279012,780.6084526279012,780.6084526279012,780.6084526279012,780.6084526279012,780.6084526279012,780.6084526279012,780.6084526279012,780.6084526279012,780.6084526279012,780.6084526279012,780.6084526279012,780.6084526279012,780.6084526279012,780.6084526279012,780.6084526279012,780.6084526279012,780.6084526279012,780.6084526279012,780.6084526279012,780.6084526279012,780.6084526279012,780.6084526279012,780.6084526279012,780.6084526279012,780.6084526279012,780.6084526279012,780.6084526279012,780.6084526279012,780.6084526279012,780.6084526279012,780.6084526279012,780.6084526279012,780.6084526279012,780.6084526279012,780.6084526279012,780.6084526279012,780.6084526279012,780.6084526279012,780.6084526279012,780.6084526279012,780.6084526279012,780.6084526279012,780.6084526279012,780.6084526279012,780.6084526279012,780.6084526279012,780.6084526279012,780.6084526279012,780.6084526279012,780.6084526279012,780.6084526279012,780.6084526279012,780.6084526279012,780.6084526279012,780.6084526279012,780.6084526279012,780.6084526279012,780.6084526279012,780.6084526279012,780.6084526279012,780.6084526279012,780.6084526279012,780.6084526279012,780.6084526279012,780.6084526279012]"
RC101,25,PSO,13,781.6893495616523,0.8577948000165634,123,True,301,"[1335.1597715414055,1166.7731725985695,1166.7731725985695,1166.7731725985695,1131.3914604555268,1131.3914604555268,1131.3914604555268,1018.9343234598406,1018.9343234598406,1018.9343234598406,1018.9343234598406,1018.9343234598406,1018.9343234598406,1018.9343234598406,890.3708768354609,890.3708768354609,890.3708768354609,890.3708768354609,890.3708768354609,890.3708768354609,890.3708768354609,890.3708768354609,890.3708768354609,890.3708768354609,890.3708768354609,890.3708768354609,890.3708768354609,811.9827281760915,811.9827281760915,811.9827281760915,811.9827281760915,811.9827281760915,811.9827281760915,811.9827281760915,811.9827281760915,811.9827281760915,811.9827281760915,811.9827281760915,801.5197848035709,801.5197848035709,801.5197848035709,801.5197848035709,801.5197848035709,801.5197848035709,801.5197848035709,801.5197848035709,801.5197848035709,801.5197848035709,801.5197848035709,801.5197848035709,801.5197848035709,801.5197848035709,801.5197848035709,801.5197848035709,801.5197848035709,801.5197848035709,801.5197848035709,801.5197848035709,801.5197848035709,801.5197848035709,801.5197848035709,801.5197848035709,801.5197848035709,801.5197848035709,801.5197848035709,801.5197848035709,801.5197848035709,801.5197848035709,801.5197848035709,801.5197848035709,801.5197848035709,801.5197848035709,801.5197848035709,801.5197848035709,794.1468924380365,794.1468924380365,794.1468924380365,794.1468924380365,794.1468924380365,794.1468924380365,794.1468924380365,794.1468924380365,794.1468924380365,794.1468924380365,794.1468924380365,794.1468924380365,789.8562317035285,789.8562317035285,789.8562317035285,789.8562317035285,789.8562317035285,789.8562317035285,789.8562317035285,789.8562317035285,789.8562317035285,789.8562317035285,789.8562317035285,789.8562317035285,789.8562317035285,789.8562317035285,789.8562317035285,789.8562317035285,789.8562317035285,789.8562317035285,789.8562317035285,789.8562317035285,789.8562317035285,789.8562317035285,789.8562317035285,789.8562317035285,789.8562317035285,789.8562317035285,789.8562317035285,789.8562317035285,789.8562317035285,789.8562317035285,789.8562317035285,789.8562317035285,789.8562317035285,789.8562317035285,789.8562317035285,782.0571340055553,782.0571340055553,781.6893495616523,781.6893495616523,781.6893495616523,781.6893495616523,781.6893495616523,781.6893495616523,781.6893495616523,781.6893495616523,781.6893495616523,781.6893495616523,781.6893495616523,781.6893495616523,781.6893495616523,781.6893495616523,781.6893495616523,781.6893495616523,781.6893495616523,781.6893495616523,781.6893495616523,781.6893495616523,781.6893495616523,781.6893495616523,781.6893495616523,781.6893495616523,781.6893495616523,781.6893495616523,781.6893495616523,781.6893495616523,781.6893495616523,781.6893495616523,781.6893495616523,781.6893495616523,781.6893495616523,781.6893495616523,781.6893495616523,781.6893495616523,781.6893495616523,781.6893495616523,781.6893495616523,781.6893495616523,781.6893495616523,781.6893495616523,781.6893495616523,781.6893495616523,781.6893495616523,781.6893495616523,781.6893495616523,781.6893495616523,781.6893495616523,781.6893495616523,781.6893495616523,781.6893495616523,781.6893495616523,781.6893495616523,781.6893495616523,781.6893495616523,781.6893495616523,781.6893495616523,781.6893495616523,781.6893495616523,781.6893495616523,781.6893495616523,781.6893495616523,781.6893495616523,781.6893495616523,781.6893495616523,781.6893495616523,781.6893495616523,781.6893495616523,781.6893495616523,781.6893495616523,781.6893495616523,781.6893495616523,781.6893495616523,781.6893495616523,781.6893495616523,781.6893495616523,781.6893495616523,781.6893495616523,781.6893495616523,781.6893495616523,781.6893495616523,781.6893495616523,781.6893495616523,781.6893495616523,781.6893495616523,781.6893495616523,781.6893495616523,781.6893495616523,781.6893495616523,781.6893495616523,781.6893495616523,781.6893495616523,781.6893495616523,781.6893495616523,781.6893495616523,781.6893495616523,781.6893495616523,781.6893495616523,781.6893495616523,781.6893495616523,781.6893495616523,781.6893495616523,781.6893495616523,781.6893495616523,781.6893495616523,781.6893495616523,781.6893495616523,781.6893495616523,781.6893495616523,781.6893495616523,781.6893495616523,781.6893495616523,781.6893495616523,781.6893495616523,781.6893495616523,781.6893495616523,781.6893495616523,781.6893495616523,781.6893495616523,781.6893495616523,781.6893495616523,781.6893495616523,781.6893495616523,781.6893495616523,781.6893495616523,781.6893495616523,781.6893495616523,781.6893495616523,781.6893495616523,781.6893495616523,781.6893495616523,781.6893495616523,781.6893495616523,781.6893495616523,781.6893495616523,781.6893495616523,781.6893495616523,781.6893495616523,781.6893495616523,781.6893495616523,781.6893495616523,781.6893495616523,781.6893495616523,781.6893495616523,781.6893495616523,781.6893495616523,781.6893495616523,781.6893495616523,781.6893495616523,781.6893495616523,781.6893495616523,781.6893495616523,781.6893495616523,781.6893495616523,781.6893495616523,781.6893495616523,781.6893495616523,781.6893495616523,781.6893495616523,781.6893495616523,781.6893495616523,781.6893495616523,781.6893495616523,781.6893495616523,781.6893495616523,781.6893495616523,781.6893495616523,781.6893495616523,781.6893495616523,781.6893495616523,781.6893495616523,781.6893495616523,781.6893495616523,781.6893495616523,781.6893495616523,781.6893495616523,781.6893495616523]"
RC101,25,PSO,14,864.8991578248213,1.0220426000014413,236,True,301,"[1337.321970456941,1316.323387734215,1105.0810118528407,977.319907291821,977.319907291821,977.319907291821,977.319907291821,977.319907291821,976.5248254314095,947.4074768933469,947.4074768933469,947.4074768933469,921.3830351488222,921.3830351488222,921.3830351488222,921.3830351488222,899.628441535974,899.628441535974,899.628441535974,899.628441535974,899.628441535974,899.628441535974,899.628441535974,899.628441535974,899.628441535974,899.628441535974,899.628441535974,899.628441535974,899.628441535974,899.628441535974,899.628441535974,899.628441535974,899.628441535974,899.628441535974,899.628441535974,899.628441535974,899.628441535974,899.628441535974,899.628441535974,899.628441535974,899.628441535974,899.628441535974,899.628441535974,899.628441535974,899.628441535974,899.628441535974,899.628441535974,899.628441535974,899.628441535974,899.628441535974,899.628441535974,899.628441535974,899.628441535974,899.628441535974,899.628441535974,899.628441535974,899.628441535974,899.628441535974,899.628441535974,899.628441535974,899.628441535974,899.628441535974,899.628441535974,899.628441535974,899.628441535974,899.628441535974,899.628441535974,899.628441535974,899.628441535974,899.628441535974,899.628441535974,899.628441535974,899.628441535974,899.628441535974,899.628441535974,899.628441535974,899.628441535974,899.628441535974,899.628441535974,899.628441535974,899.628441535974,899.628441535974,899.628441535974,899.628441535974,899.628441535974,899.628441535974,899.628441535974,899.628441535974,899.628441535974,899.628441535974,899.628441535974,899.628441535974,899.628441535974,899.628441535974,899.628441535974,899.628441535974,899.628441535974,899.628441535974,899.628441535974,899.628441535974,899.628441535974,899.628441535974,899.628441535974,899.628441535974,899.628441535974,899.628441535974,899.628441535974,899.628441535974,899.628441535974,899.628441535974,899.628441535974,899.628441535974,899.628441535974,899.628441535974,899.628441535974,899.628441535974,899.628441535974,899.628441535974,899.628441535974,899.628441535974,899.628441535974,899.628441535974,899.628441535974,899.628441535974,899.628441535974,899.628441535974,899.628441535974,899.628441535974,899.628441535974,899.628441535974,899.628441535974,899.628441535974,899.628441535974,899.628441535974,899.628441535974,899.628441535974,899.628441535974,899.628441535974,899.628441535974,899.628441535974,899.628441535974,899.628441535974,899.628441535974,899.628441535974,899.628441535974,899.628441535974,899.628441535974,899.628441535974,899.628441535974,899.628441535974,899.628441535974,899.628441535974,899.628441535974,899.628441535974,899.628441535974,899.628441535974,899.628441535974,899.628441535974,899.628441535974,899.628441535974,899.628441535974,899.628441535974,899.628441535974,899.628441535974,899.628441535974,899.628441535974,899.628441535974,899.628441535974,899.628441535974,899.628441535974,899.628441535974,899.628441535974,899.628441535974,899.628441535974,899.628441535974,899.628441535974,899.628441535974,899.628441535974,899.628441535974,899.628441535974,899.628441535974,899.628441535974,899.628441535974,899.628441535974,899.628441535974,899.628441535974,899.628441535974,899.628441535974,899.628441535974,899.628441535974,899.628441535974,899.628441535974,899.628441535974,899.628441535974,899.628441535974,899.628441535974,899.628441535974,899.628441535974,899.628441535974,899.628441535974,899.628441535974,899.628441535974,899.628441535974,899.628441535974,899.628441535974,899.628441535974,899.628441535974,899.628441535974,899.628441535974,899.628441535974,899.628441535974,899.628441535974,899.628441535974,899.628441535974,899.628441535974,899.628441535974,899.628441535974,899.628441535974,899.628441535974,899.628441535974,899.628441535974,899.628441535974,899.628441535974,899.628441535974,899.628441535974,899.628441535974,899.628441535974,899.628441535974,899.628441535974,899.628441535974,899.628441535974,899.628441535974,899.628441535974,899.628441535974,899.628441535974,899.628441535974,864.8991578248213,864.8991578248213,864.8991578248213,864.8991578248213,864.8991578248213,864.8991578248213,864.8991578248213,864.8991578248213,864.8991578248213,864.8991578248213,864.8991578248213,864.8991578248213,864.8991578248213,864.8991578248213,864.8991578248213,864.8991578248213,864.8991578248213,864.8991578248213,864.8991578248213,864.8991578248213,864.8991578248213,864.8991578248213,864.8991578248213,864.8991578248213,864.8991578248213,864.8991578248213,864.8991578248213,864.8991578248213,864.8991578248213,864.8991578248213,864.8991578248213,864.8991578248213,864.8991578248213,864.8991578248213,864.8991578248213,864.8991578248213,864.8991578248213,864.8991578248213,864.8991578248213,864.8991578248213,864.8991578248213,864.8991578248213,864.8991578248213,864.8991578248213,864.8991578248213,864.8991578248213,864.8991578248213,864.8991578248213,864.8991578248213,864.8991578248213,864.8991578248213,864.8991578248213,864.8991578248213,864.8991578248213,864.8991578248213,864.8991578248213,864.8991578248213,864.8991578248213,864.8991578248213,864.8991578248213,864.8991578248213,864.8991578248213,864.8991578248213,864.8991578248213,864.8991578248213]"
RC101,25,PSO,15,778.3612763614333,1.0934388000168838,212,True,301,"[1354.7136217389327,1249.7605823378044,1249.7605823378044,1249.7605823378044,1184.730017594545,1184.730017594545,1184.730017594545,1184.730017594545,1184.730017594545,1184.730017594545,1184.730017594545,1184.730017594545,1184.730017594545,1184.730017594545,1184.730017594545,1184.730017594545,1172.1433776443873,1164.3958629743456,1164.3958629743456,1164.3958629743456,1164.3958629743456,1164.3958629743456,1132.3264377981395,1132.3264377981395,1132.3264377981395,1132.3264377981395,1132.3264377981395,1132.3264377981395,1132.3264377981395,1132.3264377981395,1119.2611949151296,1119.2611949151296,1119.2611949151296,1119.2611949151296,1081.5688400914685,1081.5688400914685,1081.5688400914685,1081.5688400914685,1077.8154865858128,1077.8154865858128,1077.8154865858128,1074.4738251748613,1074.4738251748613,1074.4738251748613,1074.4738251748613,1066.154809792629,1066.154809792629,1066.154809792629,1066.154809792629,1066.154809792629,1066.154809792629,1066.154809792629,1058.7092209963253,1058.7092209963253,1058.7092209963253,1058.7092209963253,1051.1097269975999,1051.1097269975999,1016.0890912812063,1016.0890912812063,1016.0890912812063,1016.0890912812063,1016.0890912812063,989.611870923224,934.7672254277188,934.7672254277188,934.7672254277188,934.7672254277188,934.7672254277188,934.7672254277188,929.0002482956475,929.0002482956475,926.9869745066103,926.9869745066103,926.9869745066103,926.9869745066103,926.9869745066103,904.4301533219696,904.4301533219696,904.4301533219696,900.1266622979308,900.1266622979308,900.1266622979308,900.1266622979308,900.1266622979308,900.1266622979308,900.1266622979308,900.1266622979308,900.1266622979308,900.1266622979308,900.1266622979308,900.1266622979308,900.1266622979308,900.1266622979308,900.1266622979308,900.1266622979308,900.1266622979308,900.1266622979308,900.1266622979308,900.1266622979308,840.8969919121998,840.8969919121998,840.8969919121998,840.8969919121998,840.8969919121998,840.8969919121998,840.8969919121998,840.8969919121998,840.8969919121998,840.8969919121998,840.8969919121998,840.8969919121998,840.8969919121998,840.8969919121998,840.8969919121998,840.8969919121998,830.7195639198937,780.5822565780641,780.5822565780641,780.5822565780641,780.5822565780641,780.5822565780641,780.5822565780641,780.5822565780641,780.5822565780641,780.5822565780641,780.5822565780641,780.5822565780641,780.5822565780641,780.5822565780641,780.5822565780641,780.5822565780641,780.5822565780641,780.5822565780641,780.5822565780641,780.5822565780641,780.5822565780641,780.5822565780641,780.5822565780641,780.5822565780641,780.5822565780641,780.5822565780641,780.5822565780641,780.5822565780641,780.5822565780641,780.5822565780641,780.5822565780641,780.5822565780641,780.5822565780641,780.5822565780641,780.5822565780641,780.5822565780641,780.5822565780641,780.5822565780641,780.5822565780641,780.5822565780641,780.5822565780641,780.5822565780641,780.5822565780641,780.5822565780641,780.5822565780641,780.5822565780641,780.5822565780641,780.5822565780641,780.5822565780641,780.5822565780641,780.5822565780641,780.5822565780641,780.5822565780641,780.5822565780641,780.5822565780641,780.5822565780641,780.5822565780641,780.5822565780641,780.0543885092014,780.0543885092014,780.0543885092014,780.0543885092014,780.0543885092014,780.0543885092014,780.0543885092014,780.0543885092014,780.0543885092014,780.0543885092014,780.0543885092014,780.0543885092014,780.0543885092014,780.0543885092014,780.0543885092014,780.0543885092014,780.0543885092014,780.0543885092014,780.0543885092014,780.0543885092014,780.0543885092014,780.0543885092014,780.0543885092014,780.0543885092014,780.0543885092014,780.0543885092014,780.0543885092014,780.0543885092014,780.0543885092014,780.0543885092014,780.0543885092014,780.0543885092014,780.0543885092014,780.0543885092014,780.0543885092014,780.0543885092014,780.0543885092014,780.0543885092014,778.3612763614333,778.3612763614333,778.3612763614333,778.3612763614333,778.3612763614333,778.3612763614333,778.3612763614333,778.3612763614333,778.3612763614333,778.3612763614333,778.3612763614333,778.3612763614333,778.3612763614333,778.3612763614333,778.3612763614333,778.3612763614333,778.3612763614333,778.3612763614333,778.3612763614333,778.3612763614333,778.3612763614333,778.3612763614333,778.3612763614333,778.3612763614333,778.3612763614333,778.3612763614333,778.3612763614333,778.3612763614333,778.3612763614333,778.3612763614333,778.3612763614333,778.3612763614333,778.3612763614333,778.3612763614333,778.3612763614333,778.3612763614333,778.3612763614333,778.3612763614333,778.3612763614333,778.3612763614333,778.3612763614333,778.3612763614333,778.3612763614333,778.3612763614333,778.3612763614333,778.3612763614333,778.3612763614333,778.3612763614333,778.3612763614333,778.3612763614333,778.3612763614333,778.3612763614333,778.3612763614333,778.3612763614333,778.3612763614333,778.3612763614333,778.3612763614333,778.3612763614333,778.3612763614333,778.3612763614333,778.3612763614333,778.3612763614333,778.3612763614333,778.3612763614333,778.3612763614333,778.3612763614333,778.3612763614333,778.3612763614333,778.3612763614333,778.3612763614333,778.3612763614333,778.3612763614333,778.3612763614333,778.3612763614333,778.3612763614333,778.3612763614333,778.3612763614333,778.3612763614333,778.3612763614333,778.3612763614333,778.3612763614333,778.3612763614333,778.3612763614333,778.3612763614333,778.3612763614333,778.3612763614333,778.3612763614333,778.3612763614333,778.3612763614333]"
RC101,25,PSO,16,780.8647117899914,1.0738177000021096,165,True,301,"[1293.712032192525,1272.8130701601506,1272.8130701601506,1272.8130701601506,1253.5732654796757,1253.5732654796757,1253.5732654796757,1227.6054667706983,1200.7441081737675,1200.7441081737675,1200.7441081737675,1021.6211791427687,1021.6211791427687,1021.6211791427687,1021.6211791427687,1021.6211791427687,1021.6211791427687,1021.6211791427687,1021.6211791427687,1021.6211791427687,1021.6211791427687,1021.6211791427687,1021.6211791427687,1021.6211791427687,1021.6211791427687,1021.6211791427687,1021.6211791427687,1021.6211791427687,1021.6211791427687,1021.6211791427687,1014.3210394738718,1014.3210394738718,1014.3210394738718,1014.3210394738718,1014.3210394738718,1014.3210394738718,1014.3210394738718,1014.3210394738718,1014.3210394738718,1014.3210394738718,1014.3210394738718,1014.3210394738718,1014.3210394738718,932.8084712679195,932.8084712679195,932.8084712679195,932.8084712679195,932.8084712679195,895.6119457160271,895.6119457160271,895.6119457160271,895.6119457160271,895.6119457160271,895.6119457160271,895.6119457160271,895.6119457160271,895.6119457160271,895.6119457160271,895.6119457160271,895.6119457160271,858.5484623009575,858.5484623009575,858.5484623009575,858.5484623009575,858.5484623009575,858.5484623009575,858.5484623009575,858.5484623009575,858.5484623009575,858.5484623009575,858.5484623009575,858.5484623009575,858.5484623009575,858.5484623009575,858.5484623009575,858.5484623009575,858.5484623009575,858.5484623009575,858.5484623009575,858.5484623009575,858.5484623009575,858.5484623009575,858.5484623009575,858.5484623009575,858.5484623009575,858.5484623009575,858.5484623009575,858.5484623009575,858.5484623009575,858.5484623009575,858.5484623009575,858.5484623009575,858.5484623009575,858.5484623009575,858.5484623009575,858.5484623009575,858.5484623009575,858.5484623009575,858.5484623009575,858.5484623009575,828.9920605242106,828.9920605242106,828.9920605242106,828.9920605242106,828.9920605242106,828.9920605242106,828.9920605242106,828.9920605242106,828.9920605242106,828.9920605242106,828.9920605242106,828.9920605242106,828.9920605242106,828.9920605242106,828.9920605242106,828.9920605242106,828.9920605242106,828.9920605242106,828.9920605242106,828.9920605242106,828.9920605242106,828.9920605242106,828.9920605242106,828.9920605242106,828.9920605242106,828.9920605242106,828.9920605242106,828.9920605242106,828.9920605242106,828.9920605242106,828.9920605242106,828.9920605242106,828.9920605242106,788.3759831522636,788.3759831522636,783.577945118344,783.577945118344,783.577945118344,783.577945118344,783.577945118344,783.577945118344,783.577945118344,783.577945118344,783.577945118344,783.577945118344,783.577945118344,783.577945118344,783.577945118344,783.577945118344,783.577945118344,783.577945118344,783.577945118344,783.577945118344,783.577945118344,783.577945118344,783.577945118344,783.577945118344,783.577945118344,783.577945118344,783.577945118344,783.577945118344,783.577945118344,783.577945118344,783.577945118344,783.577945118344,780.8647117899914,780.8647117899914,780.8647117899914,780.8647117899914,780.8647117899914,780.8647117899914,780.8647117899914,780.8647117899914,780.8647117899914,780.8647117899914,780.8647117899914,780.8647117899914,780.8647117899914,780.8647117899914,780.8647117899914,780.8647117899914,780.8647117899914,780.8647117899914,780.8647117899914,780.8647117899914,780.8647117899914,780.8647117899914,780.8647117899914,780.8647117899914,780.8647117899914,780.8647117899914,780.8647117899914,780.8647117899914,780.8647117899914,780.8647117899914,780.8647117899914,780.8647117899914,780.8647117899914,780.8647117899914,780.8647117899914,780.8647117899914,780.8647117899914,780.8647117899914,780.8647117899914,780.8647117899914,780.8647117899914,780.8647117899914,780.8647117899914,780.8647117899914,780.8647117899914,780.8647117899914,780.8647117899914,780.8647117899914,780.8647117899914,780.8647117899914,780.8647117899914,780.8647117899914,780.8647117899914,780.8647117899914,780.8647117899914,780.8647117899914,780.8647117899914,780.8647117899914,780.8647117899914,780.8647117899914,780.8647117899914,780.8647117899914,780.8647117899914,780.8647117899914,780.8647117899914,780.8647117899914,780.8647117899914,780.8647117899914,780.8647117899914,780.8647117899914,780.8647117899914,780.8647117899914,780.8647117899914,780.8647117899914,780.8647117899914,780.8647117899914,780.8647117899914,780.8647117899914,780.8647117899914,780.8647117899914,780.8647117899914,780.8647117899914,780.8647117899914,780.8647117899914,780.8647117899914,780.8647117899914,780.8647117899914,780.8647117899914,780.8647117899914,780.8647117899914,780.8647117899914,780.8647117899914,780.8647117899914,780.8647117899914,780.8647117899914,780.8647117899914,780.8647117899914,780.8647117899914,780.8647117899914,780.8647117899914,780.8647117899914,780.8647117899914,780.8647117899914,780.8647117899914,780.8647117899914,780.8647117899914,780.8647117899914,780.8647117899914,780.8647117899914,780.8647117899914,780.8647117899914,780.8647117899914,780.8647117899914,780.8647117899914,780.8647117899914,780.8647117899914,780.8647117899914,780.8647117899914,780.8647117899914,780.8647117899914,780.8647117899914,780.8647117899914,780.8647117899914,780.8647117899914,780.8647117899914,780.8647117899914,780.8647117899914,780.8647117899914,780.8647117899914,780.8647117899914,780.8647117899914,780.8647117899914,780.8647117899914,780.8647117899914,780.8647117899914,780.8647117899914]"
RC101,25,PSO,17,591.2876338853301,1.1138970000029076,74,True,301,"[1213.0121550569515,1134.4708339188599,1134.4708339188599,1134.4708339188599,1051.9894114330184,1051.9894114330184,1051.9894114330184,1040.6307454989455,983.3656505187696,983.3656505187696,983.3656505187696,983.3656505187696,983.3656505187696,983.3656505187696,983.3656505187696,983.3656505187696,983.3656505187696,983.3656505187696,972.724250532435,970.1589140032003,970.1589140032003,875.3070421198656,875.3070421198656,875.3070421198656,875.3070421198656,875.3070421198656,875.3070421198656,875.3070421198656,875.3070421198656,875.3070421198656,875.3070421198656,875.3070421198656,875.3070421198656,875.3070421198656,875.3070421198656,875.3070421198656,875.3070421198656,875.3070421198656,873.7619635964509,840.1906385972741,840.1906385972741,840.1906385972741,840.1906385972741,840.1906385972741,840.1906385972741,840.1906385972741,840.1906385972741,840.1906385972741,799.8554333111097,799.8554333111097,799.8554333111097,795.48355873704,795.48355873704,749.7682757351222,749.7682757351222,727.3137047079946,727.3137047079946,662.7436208646214,662.7436208646214,662.7436208646214,662.7436208646214,662.7436208646214,662.7436208646214,662.7436208646214,662.7436208646214,662.7436208646214,662.7436208646214,662.7436208646214,662.7436208646214,595.5338064813081,595.5338064813081,591.6228299034631,591.6228299034631,591.6228299034631,591.2876338853301,591.2876338853301,591.2876338853301,591.2876338853301,591.2876338853301,591.2876338853301,591.2876338853301,591.2876338853301,591.2876338853301,591.2876338853301,591.2876338853301,591.2876338853301,591.2876338853301,591.2876338853301,591.2876338853301,591.2876338853301,591.2876338853301,591.2876338853301,591.2876338853301,591.2876338853301,591.2876338853301,591.2876338853301,591.2876338853301,591.2876338853301,591.2876338853301,591.2876338853301,591.2876338853301,591.2876338853301,591.2876338853301,591.2876338853301,591.2876338853301,591.2876338853301,591.2876338853301,591.2876338853301,591.2876338853301,591.2876338853301,591.2876338853301,591.2876338853301,591.2876338853301,591.2876338853301,591.2876338853301,591.2876338853301,591.2876338853301,591.2876338853301,591.2876338853301,591.2876338853301,591.2876338853301,591.2876338853301,591.2876338853301,591.2876338853301,591.2876338853301,591.2876338853301,591.2876338853301,591.2876338853301,591.2876338853301,591.2876338853301,591.2876338853301,591.2876338853301,591.2876338853301,591.2876338853301,591.2876338853301,591.2876338853301,591.2876338853301,591.2876338853301,591.2876338853301,591.2876338853301,591.2876338853301,591.2876338853301,591.2876338853301,591.2876338853301,591.2876338853301,591.2876338853301,591.2876338853301,591.2876338853301,591.2876338853301,591.2876338853301,591.2876338853301,591.2876338853301,591.2876338853301,591.2876338853301,591.2876338853301,591.2876338853301,591.2876338853301,591.2876338853301,591.2876338853301,591.2876338853301,591.2876338853301,591.2876338853301,591.2876338853301,591.2876338853301,591.2876338853301,591.2876338853301,591.2876338853301,591.2876338853301,591.2876338853301,591.2876338853301,591.2876338853301,591.2876338853301,591.2876338853301,591.2876338853301,591.2876338853301,591.2876338853301,591.2876338853301,591.2876338853301,591.2876338853301,591.2876338853301,591.2876338853301,591.2876338853301,591.2876338853301,591.2876338853301,591.2876338853301,591.2876338853301,591.2876338853301,591.2876338853301,591.2876338853301,591.2876338853301,591.2876338853301,591.2876338853301,591.2876338853301,591.2876338853301,591.2876338853301,591.2876338853301,591.2876338853301,591.2876338853301,591.2876338853301,591.2876338853301,591.2876338853301,591.2876338853301,591.2876338853301,591.2876338853301,591.2876338853301,591.2876338853301,591.2876338853301,591.2876338853301,591.2876338853301,591.2876338853301,591.2876338853301,591.2876338853301,591.2876338853301,591.2876338853301,591.2876338853301,591.2876338853301,591.2876338853301,591.2876338853301,591.2876338853301,591.2876338853301,591.2876338853301,591.2876338853301,591.2876338853301,591.2876338853301,591.2876338853301,591.2876338853301,591.2876338853301,591.2876338853301,591.2876338853301,591.2876338853301,591.2876338853301,591.2876338853301,591.2876338853301,591.2876338853301,591.2876338853301,591.2876338853301,591.2876338853301,591.2876338853301,591.2876338853301,591.2876338853301,591.2876338853301,591.2876338853301,591.2876338853301,591.2876338853301,591.2876338853301,591.2876338853301,591.2876338853301,591.2876338853301,591.2876338853301,591.2876338853301,591.2876338853301,591.2876338853301,591.2876338853301,591.2876338853301,591.2876338853301,591.2876338853301,591.2876338853301,591.2876338853301,591.2876338853301,591.2876338853301,591.2876338853301,591.2876338853301,591.2876338853301,591.2876338853301,591.2876338853301,591.2876338853301,591.2876338853301,591.2876338853301,591.2876338853301,591.2876338853301,591.2876338853301,591.2876338853301,591.2876338853301,591.2876338853301,591.2876338853301,591.2876338853301,591.2876338853301,591.2876338853301,591.2876338853301,591.2876338853301,591.2876338853301,591.2876338853301,591.2876338853301,591.2876338853301,591.2876338853301,591.2876338853301,591.2876338853301,591.2876338853301,591.2876338853301,591.2876338853301,591.2876338853301,591.2876338853301,591.2876338853301,591.2876338853301,591.2876338853301,591.2876338853301,591.2876338853301,591.2876338853301,591.2876338853301,591.2876338853301,591.2876338853301]"
RC101,25,PSO,18,852.9451581470377,1.0071434999990743,125,True,301,"[1265.7463593825669,1226.6299422544384,1226.6299422544384,1149.2288864051159,1100.4914108668816,1100.4914108668816,1100.4914108668816,1100.4914108668816,1100.4914108668816,1100.4914108668816,1100.4914108668816,1100.4914108668816,1100.4914108668816,1050.802529397202,1050.802529397202,1050.802529397202,1050.802529397202,1050.802529397202,1050.802529397202,1050.802529397202,1050.802529397202,1050.802529397202,1050.802529397202,1050.802529397202,1050.802529397202,1050.802529397202,927.9089554624547,927.9089554624547,927.9089554624547,927.9089554624547,927.9089554624547,927.9089554624547,927.9089554624547,927.9089554624547,927.9089554624547,927.9089554624547,927.9089554624547,927.9089554624547,927.9089554624547,927.9089554624547,927.9089554624547,927.9089554624547,927.9089554624547,927.9089554624547,900.5319804399246,900.5319804399246,900.5319804399246,900.5319804399246,900.5319804399246,900.5319804399246,900.5319804399246,900.5319804399246,900.5319804399246,900.5319804399246,900.5319804399246,900.5319804399246,900.5319804399246,900.5319804399246,900.5319804399246,900.5319804399246,900.5319804399246,900.5319804399246,900.5319804399246,900.5319804399246,900.5319804399246,900.5319804399246,900.5319804399246,900.5319804399246,900.5319804399246,900.5319804399246,900.5319804399246,900.5319804399246,900.5319804399246,870.0660686716253,870.0660686716253,870.0660686716253,870.0660686716253,870.0660686716253,866.7586625588169,866.7586625588169,866.7586625588169,866.7586625588169,866.7586625588169,866.7586625588169,866.7586625588169,866.7586625588169,865.0551226045942,864.9924134519938,864.9924134519938,864.9924134519938,864.9924134519938,864.9924134519938,864.9924134519938,864.9924134519938,864.9924134519938,864.9924134519938,864.9924134519938,864.9924134519938,864.9924134519938,864.9924134519938,864.9924134519938,864.9924134519938,864.9924134519938,864.9924134519938,864.9924134519938,864.9924134519938,864.9924134519938,864.9924134519938,864.9924134519938,864.9924134519938,864.9924134519938,864.9924134519938,864.9924134519938,864.9924134519938,864.9924134519938,864.9924134519938,864.9924134519938,864.9924134519938,864.9924134519938,864.9924134519938,864.9924134519938,864.9924134519938,864.9924134519938,864.9924134519938,854.6278596797388,852.9451581470377,852.9451581470377,852.9451581470377,852.9451581470377,852.9451581470377,852.9451581470377,852.9451581470377,852.9451581470377,852.9451581470377,852.9451581470377,852.9451581470377,852.9451581470377,852.9451581470377,852.9451581470377,852.9451581470377,852.9451581470377,852.9451581470377,852.9451581470377,852.9451581470377,852.9451581470377,852.9451581470377,852.9451581470377,852.9451581470377,852.9451581470377,852.9451581470377,852.9451581470377,852.9451581470377,852.9451581470377,852.9451581470377,852.9451581470377,852.9451581470377,852.9451581470377,852.9451581470377,852.9451581470377,852.9451581470377,852.9451581470377,852.9451581470377,852.9451581470377,852.9451581470377,852.9451581470377,852.9451581470377,852.9451581470377,852.9451581470377,852.9451581470377,852.9451581470377,852.9451581470377,852.9451581470377,852.9451581470377,852.9451581470377,852.9451581470377,852.9451581470377,852.9451581470377,852.9451581470377,852.9451581470377,852.9451581470377,852.9451581470377,852.9451581470377,852.9451581470377,852.9451581470377,852.9451581470377,852.9451581470377,852.9451581470377,852.9451581470377,852.9451581470377,852.9451581470377,852.9451581470377,852.9451581470377,852.9451581470377,852.9451581470377,852.9451581470377,852.9451581470377,852.9451581470377,852.9451581470377,852.9451581470377,852.9451581470377,852.9451581470377,852.9451581470377,852.9451581470377,852.9451581470377,852.9451581470377,852.9451581470377,852.9451581470377,852.9451581470377,852.9451581470377,852.9451581470377,852.9451581470377,852.9451581470377,852.9451581470377,852.9451581470377,852.9451581470377,852.9451581470377,852.9451581470377,852.9451581470377,852.9451581470377,852.9451581470377,852.9451581470377,852.9451581470377,852.9451581470377,852.9451581470377,852.9451581470377,852.9451581470377,852.9451581470377,852.9451581470377,852.9451581470377,852.9451581470377,852.9451581470377,852.9451581470377,852.9451581470377,852.9451581470377,852.9451581470377,852.9451581470377,852.9451581470377,852.9451581470377,852.9451581470377,852.9451581470377,852.9451581470377,852.9451581470377,852.9451581470377,852.9451581470377,852.9451581470377,852.9451581470377,852.9451581470377,852.9451581470377,852.9451581470377,852.9451581470377,852.9451581470377,852.9451581470377,852.9451581470377,852.9451581470377,852.9451581470377,852.9451581470377,852.9451581470377,852.9451581470377,852.9451581470377,852.9451581470377,852.9451581470377,852.9451581470377,852.9451581470377,852.9451581470377,852.9451581470377,852.9451581470377,852.9451581470377,852.9451581470377,852.9451581470377,852.9451581470377,852.9451581470377,852.9451581470377,852.9451581470377,852.9451581470377,852.9451581470377,852.9451581470377,852.9451581470377,852.9451581470377,852.9451581470377,852.9451581470377,852.9451581470377,852.9451581470377,852.9451581470377,852.9451581470377,852.9451581470377,852.9451581470377,852.9451581470377,852.9451581470377,852.9451581470377,852.9451581470377,852.9451581470377,852.9451581470377,852.9451581470377,852.9451581470377,852.9451581470377,852.9451581470377,852.9451581470377,852.9451581470377,852.9451581470377,852.9451581470377,852.9451581470377]"
RC101,25,PSO,19,751.8933802131518,0.8623081000114325,203,True,301,"[1307.4838715442072,1279.43052634576,1131.0080566407353,1131.0080566407353,1131.0080566407353,1131.0080566407353,1131.0080566407353,1131.0080566407353,1131.0080566407353,1131.0080566407353,1131.0080566407353,1131.0080566407353,1131.0080566407353,1075.0928354945045,1075.0928354945045,1075.0928354945045,1075.0928354945045,1021.29958626055,1021.29958626055,1021.29958626055,1021.29958626055,1012.8907309093254,1012.8907309093254,1000.1372772509241,919.6950174585719,919.6950174585719,919.6950174585719,919.6950174585719,919.6950174585719,919.6950174585719,895.540652930878,895.540652930878,886.3495712167838,886.3495712167838,886.3495712167838,886.3495712167838,884.3939937350046,884.3939937350046,861.2882277179614,861.2882277179614,861.2882277179614,861.2882277179614,827.0488373142496,824.5958972142146,824.5958972142146,824.5958972142146,824.5958972142146,824.5958972142146,824.5958972142146,824.5958972142146,824.5958972142146,822.6403197324354,822.6403197324354,822.6403197324354,822.6403197324354,822.6403197324354,822.6403197324354,822.6403197324354,822.6403197324354,822.6403197324354,822.6403197324354,822.6403197324354,794.8834097298916,794.8834097298916,794.8834097298916,794.8834097298916,794.8834097298916,792.9278322481124,792.9278322481124,792.9278322481124,792.9278322481124,792.9278322481124,792.9278322481124,791.1615831412893,791.1615831412893,791.1615831412893,791.1615831412893,791.1615831412893,790.4968541984156,790.4968541984156,790.4968541984156,790.4968541984156,790.4968541984156,790.4968541984156,790.4968541984156,790.4968541984156,790.4968541984156,790.4968541984156,790.4968541984156,790.4968541984156,790.4968541984156,790.4968541984156,790.4968541984156,790.4968541984156,790.4968541984156,790.4968541984156,790.4968541984156,790.4968541984156,790.4968541984156,790.4968541984156,790.4968541984156,790.4968541984156,784.0756908495395,784.0756908495395,784.0756908495395,784.0756908495395,784.0756908495395,784.0756908495395,784.0756908495395,784.0756908495395,784.0756908495395,784.0756908495395,784.0756908495395,784.0756908495395,784.0756908495395,784.0756908495395,784.0756908495395,783.1967145295187,783.1967145295187,783.1967145295187,783.1967145295187,783.1967145295187,783.1967145295187,783.1967145295187,781.2411370477395,781.2411370477395,781.2411370477395,781.2411370477395,781.2411370477395,781.2411370477395,781.2411370477395,781.2411370477395,781.2411370477395,781.2411370477395,781.2411370477395,781.2411370477395,781.2411370477395,781.2411370477395,781.2411370477395,781.2411370477395,781.2411370477395,781.2411370477395,781.2411370477395,781.2411370477395,781.2411370477395,781.2411370477395,781.2411370477395,781.2411370477395,781.2411370477395,781.2411370477395,781.2411370477395,781.2411370477395,781.2411370477395,781.2411370477395,781.2411370477395,781.2411370477395,781.2411370477395,781.2411370477395,781.2411370477395,781.2411370477395,781.2411370477395,781.2411370477395,781.2411370477395,781.2411370477395,781.2411370477395,781.2411370477395,781.2411370477395,781.2411370477395,781.2411370477395,781.2411370477395,781.2411370477395,781.2411370477395,781.2411370477395,781.2411370477395,781.2411370477395,781.2411370477395,781.2411370477395,781.2411370477395,781.2411370477395,781.2411370477395,781.2411370477395,781.2411370477395,781.2411370477395,781.2411370477395,781.2411370477395,781.2411370477395,756.7039345588372,754.49150769339,754.49150769339,752.5359302116109,752.5359302116109,752.5359302116109,752.5359302116109,752.5359302116109,752.5359302116109,752.5359302116109,752.5359302116109,752.5359302116109,752.5359302116109,752.5359302116109,752.5359302116109,752.5359302116109,752.5359302116109,751.8933802131518,751.8933802131518,751.8933802131518,751.8933802131518,751.8933802131518,751.8933802131518,751.8933802131518,751.8933802131518,751.8933802131518,751.8933802131518,751.8933802131518,751.8933802131518,751.8933802131518,751.8933802131518,751.8933802131518,751.8933802131518,751.8933802131518,751.8933802131518,751.8933802131518,751.8933802131518,751.8933802131518,751.8933802131518,751.8933802131518,751.8933802131518,751.8933802131518,751.8933802131518,751.8933802131518,751.8933802131518,751.8933802131518,751.8933802131518,751.8933802131518,751.8933802131518,751.8933802131518,751.8933802131518,751.8933802131518,751.8933802131518,751.8933802131518,751.8933802131518,751.8933802131518,751.8933802131518,751.8933802131518,751.8933802131518,751.8933802131518,751.8933802131518,751.8933802131518,751.8933802131518,751.8933802131518,751.8933802131518,751.8933802131518,751.8933802131518,751.8933802131518,751.8933802131518,751.8933802131518,751.8933802131518,751.8933802131518,751.8933802131518,751.8933802131518,751.8933802131518,751.8933802131518,751.8933802131518,751.8933802131518,751.8933802131518,751.8933802131518,751.8933802131518,751.8933802131518,751.8933802131518,751.8933802131518,751.8933802131518,751.8933802131518,751.8933802131518,751.8933802131518,751.8933802131518,751.8933802131518,751.8933802131518,751.8933802131518,751.8933802131518,751.8933802131518,751.8933802131518,751.8933802131518,751.8933802131518,751.8933802131518,751.8933802131518,751.8933802131518,751.8933802131518,751.8933802131518,751.8933802131518,751.8933802131518,751.8933802131518,751.8933802131518,751.8933802131518,751.8933802131518,751.8933802131518,751.8933802131518,751.8933802131518,751.8933802131518,751.8933802131518,751.8933802131518,751.8933802131518]"
RC101,25,PSO,20,732.1765193012434,0.9050709999864921,134,True,301,"[1301.3293975007914,1277.6979851822812,1269.5165270900413,1179.9952444516223,1135.2589528727174,1135.2589528727174,1135.2589528727174,1027.6622493535651,1027.6622493535651,1027.6622493535651,979.0514841105705,979.0514841105705,979.0514841105705,979.0514841105705,979.0514841105705,979.0514841105705,979.0514841105705,979.0514841105705,979.0514841105705,979.0514841105705,946.8445772560908,946.8445772560908,946.8445772560908,946.8445772560908,946.8445772560908,946.8445772560908,946.8445772560908,946.8445772560908,946.8445772560908,936.7228564319232,936.7228564319232,915.5317888606337,915.5317888606337,915.5317888606337,915.5317888606337,914.5582519485561,914.5582519485561,867.2568741705356,867.2568741705356,867.2568741705356,867.2568741705356,867.2568741705356,867.2568741705356,867.2568741705356,867.2568741705356,867.2568741705356,867.2568741705356,845.4357105318961,841.7702527148799,841.7702527148799,841.7702527148799,841.7702527148799,841.7702527148799,841.7702527148799,841.7702527148799,841.7702527148799,841.7702527148799,809.2841069211754,809.2841069211754,809.2841069211754,809.2841069211754,809.2841069211754,808.310570009098,808.310570009098,808.310570009098,808.310570009098,808.310570009098,808.310570009098,775.8417475094693,775.8417475094693,775.8417475094693,772.5916252769741,772.5916252769741,772.5916252769741,772.5916252769741,772.5916252769741,743.8814663289395,743.8814663289395,743.8814663289395,743.8814663289395,743.8814663289395,743.8814663289395,743.8814663289395,743.8814663289395,743.8814663289395,743.8814663289395,743.8814663289395,743.8814663289395,743.8814663289395,743.8814663289395,743.8814663289395,743.8814663289395,743.8814663289395,743.8814663289395,743.8814663289395,743.8814663289395,743.8814663289395,743.8814663289395,743.8814663289395,743.8814663289395,743.8814663289395,743.8814663289395,743.8814663289395,743.8814663289395,743.8814663289395,743.8814663289395,743.8814663289395,743.8814663289395,743.8814663289395,743.8814663289395,743.8814663289395,743.8814663289395,743.8814663289395,743.8814663289395,743.8814663289395,743.8814663289395,743.8814663289395,743.8814663289395,743.8814663289395,743.8814663289395,743.8814663289395,743.8814663289395,743.8814663289395,743.8814663289395,743.8814663289395,743.8814663289395,743.8814663289395,743.8814663289395,743.8814663289395,743.8814663289395,743.8814663289395,743.8814663289395,743.8814663289395,743.8814663289395,732.1765193012434,732.1765193012434,732.1765193012434,732.1765193012434,732.1765193012434,732.1765193012434,732.1765193012434,732.1765193012434,732.1765193012434,732.1765193012434,732.1765193012434,732.1765193012434,732.1765193012434,732.1765193012434,732.1765193012434,732.1765193012434,732.1765193012434,732.1765193012434,732.1765193012434,732.1765193012434,732.1765193012434,732.1765193012434,732.1765193012434,732.1765193012434,732.1765193012434,732.1765193012434,732.1765193012434,732.1765193012434,732.1765193012434,732.1765193012434,732.1765193012434,732.1765193012434,732.1765193012434,732.1765193012434,732.1765193012434,732.1765193012434,732.1765193012434,732.1765193012434,732.1765193012434,732.1765193012434,732.1765193012434,732.1765193012434,732.1765193012434,732.1765193012434,732.1765193012434,732.1765193012434,732.1765193012434,732.1765193012434,732.1765193012434,732.1765193012434,732.1765193012434,732.1765193012434,732.1765193012434,732.1765193012434,732.1765193012434,732.1765193012434,732.1765193012434,732.1765193012434,732.1765193012434,732.1765193012434,732.1765193012434,732.1765193012434,732.1765193012434,732.1765193012434,732.1765193012434,732.1765193012434,732.1765193012434,732.1765193012434,732.1765193012434,732.1765193012434,732.1765193012434,732.1765193012434,732.1765193012434,732.1765193012434,732.1765193012434,732.1765193012434,732.1765193012434,732.1765193012434,732.1765193012434,732.1765193012434,732.1765193012434,732.1765193012434,732.1765193012434,732.1765193012434,732.1765193012434,732.1765193012434,732.1765193012434,732.1765193012434,732.1765193012434,732.1765193012434,732.1765193012434,732.1765193012434,732.1765193012434,732.1765193012434,732.1765193012434,732.1765193012434,732.1765193012434,732.1765193012434,732.1765193012434,732.1765193012434,732.1765193012434,732.1765193012434,732.1765193012434,732.1765193012434,732.1765193012434,732.1765193012434,732.1765193012434,732.1765193012434,732.1765193012434,732.1765193012434,732.1765193012434,732.1765193012434,732.1765193012434,732.1765193012434,732.1765193012434,732.1765193012434,732.1765193012434,732.1765193012434,732.1765193012434,732.1765193012434,732.1765193012434,732.1765193012434,732.1765193012434,732.1765193012434,732.1765193012434,732.1765193012434,732.1765193012434,732.1765193012434,732.1765193012434,732.1765193012434,732.1765193012434,732.1765193012434,732.1765193012434,732.1765193012434,732.1765193012434,732.1765193012434,732.1765193012434,732.1765193012434,732.1765193012434,732.1765193012434,732.1765193012434,732.1765193012434,732.1765193012434,732.1765193012434,732.1765193012434,732.1765193012434,732.1765193012434,732.1765193012434,732.1765193012434,732.1765193012434,732.1765193012434,732.1765193012434,732.1765193012434,732.1765193012434,732.1765193012434,732.1765193012434,732.1765193012434,732.1765193012434,732.1765193012434,732.1765193012434,732.1765193012434,732.1765193012434,732.1765193012434,732.1765193012434,732.1765193012434,732.1765193012434,732.1765193012434]"
RC101,25,PSO,21,834.0225678621214,1.0229394999914803,69,True,301,"[1295.318760961005,1207.549244209358,1138.5200593001819,1138.5200593001819,1138.5200593001819,1138.5200593001819,1138.5200593001819,1124.5425558321704,1124.5425558321704,1124.5425558321704,1124.5425558321704,1124.5425558321704,1124.5425558321704,1124.5425558321704,1124.5425558321704,1124.5425558321704,1124.5425558321704,1104.7610875183918,1104.7610875183918,1030.3105421711307,996.5578565201353,996.5578565201353,996.5578565201353,988.8676762309266,988.8676762309266,988.8676762309266,939.7261590294548,939.4378438484974,937.5609949850374,937.5609949850374,937.5609949850374,873.529642908541,873.529642908541,837.2749456990796,837.2749456990796,837.2749456990796,837.2749456990796,837.2749456990796,837.2749456990796,837.2749456990796,837.2749456990796,837.2749456990796,837.2749456990796,837.2749456990796,837.2749456990796,837.2749456990796,837.2749456990796,837.2749456990796,837.2749456990796,837.2749456990796,837.2749456990796,837.2749456990796,837.2749456990796,837.2749456990796,836.1540092416176,835.3980968356193,835.3980968356193,835.3980968356193,835.3980968356193,835.3980968356193,835.3980968356193,835.3980968356193,835.3980968356193,835.3980968356193,835.3980968356193,835.3980968356193,835.3980968356193,835.3980968356193,835.3980968356193,834.0225678621214,834.0225678621214,834.0225678621214,834.0225678621214,834.0225678621214,834.0225678621214,834.0225678621214,834.0225678621214,834.0225678621214,834.0225678621214,834.0225678621214,834.0225678621214,834.0225678621214,834.0225678621214,834.0225678621214,834.0225678621214,834.0225678621214,834.0225678621214,834.0225678621214,834.0225678621214,834.0225678621214,834.0225678621214,834.0225678621214,834.0225678621214,834.0225678621214,834.0225678621214,834.0225678621214,834.0225678621214,834.0225678621214,834.0225678621214,834.0225678621214,834.0225678621214,834.0225678621214,834.0225678621214,834.0225678621214,834.0225678621214,834.0225678621214,834.0225678621214,834.0225678621214,834.0225678621214,834.0225678621214,834.0225678621214,834.0225678621214,834.0225678621214,834.0225678621214,834.0225678621214,834.0225678621214,834.0225678621214,834.0225678621214,834.0225678621214,834.0225678621214,834.0225678621214,834.0225678621214,834.0225678621214,834.0225678621214,834.0225678621214,834.0225678621214,834.0225678621214,834.0225678621214,834.0225678621214,834.0225678621214,834.0225678621214,834.0225678621214,834.0225678621214,834.0225678621214,834.0225678621214,834.0225678621214,834.0225678621214,834.0225678621214,834.0225678621214,834.0225678621214,834.0225678621214,834.0225678621214,834.0225678621214,834.0225678621214,834.0225678621214,834.0225678621214,834.0225678621214,834.0225678621214,834.0225678621214,834.0225678621214,834.0225678621214,834.0225678621214,834.0225678621214,834.0225678621214,834.0225678621214,834.0225678621214,834.0225678621214,834.0225678621214,834.0225678621214,834.0225678621214,834.0225678621214,834.0225678621214,834.0225678621214,834.0225678621214,834.0225678621214,834.0225678621214,834.0225678621214,834.0225678621214,834.0225678621214,834.0225678621214,834.0225678621214,834.0225678621214,834.0225678621214,834.0225678621214,834.0225678621214,834.0225678621214,834.0225678621214,834.0225678621214,834.0225678621214,834.0225678621214,834.0225678621214,834.0225678621214,834.0225678621214,834.0225678621214,834.0225678621214,834.0225678621214,834.0225678621214,834.0225678621214,834.0225678621214,834.0225678621214,834.0225678621214,834.0225678621214,834.0225678621214,834.0225678621214,834.0225678621214,834.0225678621214,834.0225678621214,834.0225678621214,834.0225678621214,834.0225678621214,834.0225678621214,834.0225678621214,834.0225678621214,834.0225678621214,834.0225678621214,834.0225678621214,834.0225678621214,834.0225678621214,834.0225678621214,834.0225678621214,834.0225678621214,834.0225678621214,834.0225678621214,834.0225678621214,834.0225678621214,834.0225678621214,834.0225678621214,834.0225678621214,834.0225678621214,834.0225678621214,834.0225678621214,834.0225678621214,834.0225678621214,834.0225678621214,834.0225678621214,834.0225678621214,834.0225678621214,834.0225678621214,834.0225678621214,834.0225678621214,834.0225678621214,834.0225678621214,834.0225678621214,834.0225678621214,834.0225678621214,834.0225678621214,834.0225678621214,834.0225678621214,834.0225678621214,834.0225678621214,834.0225678621214,834.0225678621214,834.0225678621214,834.0225678621214,834.0225678621214,834.0225678621214,834.0225678621214,834.0225678621214,834.0225678621214,834.0225678621214,834.0225678621214,834.0225678621214,834.0225678621214,834.0225678621214,834.0225678621214,834.0225678621214,834.0225678621214,834.0225678621214,834.0225678621214,834.0225678621214,834.0225678621214,834.0225678621214,834.0225678621214,834.0225678621214,834.0225678621214,834.0225678621214,834.0225678621214,834.0225678621214,834.0225678621214,834.0225678621214,834.0225678621214,834.0225678621214,834.0225678621214,834.0225678621214,834.0225678621214,834.0225678621214,834.0225678621214,834.0225678621214,834.0225678621214,834.0225678621214,834.0225678621214,834.0225678621214,834.0225678621214,834.0225678621214,834.0225678621214,834.0225678621214,834.0225678621214,834.0225678621214,834.0225678621214,834.0225678621214,834.0225678621214,834.0225678621214,834.0225678621214,834.0225678621214,834.0225678621214,834.0225678621214,834.0225678621214,834.0225678621214,834.0225678621214,834.0225678621214,834.0225678621214]"
RC101,25,PSO,22,760.0657479465965,1.0283591999905184,100,True,301,"[1230.1759655647277,1221.5796989152527,1166.7206675421346,1166.7206675421346,1166.7206675421346,1166.7206675421346,1125.9554279107044,1051.540400883988,1051.540400883988,1051.540400883988,1051.540400883988,1051.540400883988,1051.540400883988,1051.540400883988,1051.540400883988,1051.540400883988,1051.540400883988,1051.540400883988,1051.540400883988,1051.540400883988,1051.540400883988,1051.540400883988,1006.2731886660946,1006.2731886660946,1006.2731886660946,1006.2731886660946,1006.2731886660946,1006.2731886660946,1006.2731886660946,1006.2731886660946,1006.2731886660946,1006.2731886660946,949.8343815788962,949.8343815788962,949.1800266634712,948.5141064362408,948.5141064362408,943.2308019349553,943.2308019349553,943.2308019349553,943.2308019349553,908.9079441604938,908.9079441604938,908.9079441604938,908.9079441604938,908.9079441604938,908.9079441604938,908.5722707623104,908.5722707623104,908.4859587809501,908.4859587809501,908.4859587809501,899.9995299646757,899.9995299646757,899.9995299646757,835.5704262845172,835.5704262845172,835.5704262845172,835.5704262845172,835.5704262845172,835.5704262845172,835.5704262845172,835.5704262845172,835.5704262845172,835.5704262845172,835.5704262845172,835.5704262845172,835.5704262845172,835.5704262845172,835.5704262845172,835.5704262845172,835.5704262845172,835.5704262845172,835.5704262845172,835.5704262845172,835.5704262845172,835.5704262845172,835.5704262845172,835.5704262845172,835.5704262845172,835.5704262845172,835.5704262845172,835.5704262845172,835.5704262845172,835.5704262845172,835.5704262845172,835.5704262845172,835.5704262845172,835.5704262845172,835.5704262845172,835.5704262845172,835.5704262845172,835.5704262845172,835.5704262845172,835.5704262845172,835.5704262845172,835.5704262845172,835.5704262845172,835.5704262845172,835.5704262845172,760.0657479465965,760.0657479465965,760.0657479465965,760.0657479465965,760.0657479465965,760.0657479465965,760.0657479465965,760.0657479465965,760.0657479465965,760.0657479465965,760.0657479465965,760.0657479465965,760.0657479465965,760.0657479465965,760.0657479465965,760.0657479465965,760.0657479465965,760.0657479465965,760.0657479465965,760.0657479465965,760.0657479465965,760.0657479465965,760.0657479465965,760.0657479465965,760.0657479465965,760.0657479465965,760.0657479465965,760.0657479465965,760.0657479465965,760.0657479465965,760.0657479465965,760.0657479465965,760.0657479465965,760.0657479465965,760.0657479465965,760.0657479465965,760.0657479465965,760.0657479465965,760.0657479465965,760.0657479465965,760.0657479465965,760.0657479465965,760.0657479465965,760.0657479465965,760.0657479465965,760.0657479465965,760.0657479465965,760.0657479465965,760.0657479465965,760.0657479465965,760.0657479465965,760.0657479465965,760.0657479465965,760.0657479465965,760.0657479465965,760.0657479465965,760.0657479465965,760.0657479465965,760.0657479465965,760.0657479465965,760.0657479465965,760.0657479465965,760.0657479465965,760.0657479465965,760.0657479465965,760.0657479465965,760.0657479465965,760.0657479465965,760.0657479465965,760.0657479465965,760.0657479465965,760.0657479465965,760.0657479465965,760.0657479465965,760.0657479465965,760.0657479465965,760.0657479465965,760.0657479465965,760.0657479465965,760.0657479465965,760.0657479465965,760.0657479465965,760.0657479465965,760.0657479465965,760.0657479465965,760.0657479465965,760.0657479465965,760.0657479465965,760.0657479465965,760.0657479465965,760.0657479465965,760.0657479465965,760.0657479465965,760.0657479465965,760.0657479465965,760.0657479465965,760.0657479465965,760.0657479465965,760.0657479465965,760.0657479465965,760.0657479465965,760.0657479465965,760.0657479465965,760.0657479465965,760.0657479465965,760.0657479465965,760.0657479465965,760.0657479465965,760.0657479465965,760.0657479465965,760.0657479465965,760.0657479465965,760.0657479465965,760.0657479465965,760.0657479465965,760.0657479465965,760.0657479465965,760.0657479465965,760.0657479465965,760.0657479465965,760.0657479465965,760.0657479465965,760.0657479465965,760.0657479465965,760.0657479465965,760.0657479465965,760.0657479465965,760.0657479465965,760.0657479465965,760.0657479465965,760.0657479465965,760.0657479465965,760.0657479465965,760.0657479465965,760.0657479465965,760.0657479465965,760.0657479465965,760.0657479465965,760.0657479465965,760.0657479465965,760.0657479465965,760.0657479465965,760.0657479465965,760.0657479465965,760.0657479465965,760.0657479465965,760.0657479465965,760.0657479465965,760.0657479465965,760.0657479465965,760.0657479465965,760.0657479465965,760.0657479465965,760.0657479465965,760.0657479465965,760.0657479465965,760.0657479465965,760.0657479465965,760.0657479465965,760.0657479465965,760.0657479465965,760.0657479465965,760.0657479465965,760.0657479465965,760.0657479465965,760.0657479465965,760.0657479465965,760.0657479465965,760.0657479465965,760.0657479465965,760.0657479465965,760.0657479465965,760.0657479465965,760.0657479465965,760.0657479465965,760.0657479465965,760.0657479465965,760.0657479465965,760.0657479465965,760.0657479465965,760.0657479465965,760.0657479465965,760.0657479465965,760.0657479465965,760.0657479465965,760.0657479465965,760.0657479465965,760.0657479465965,760.0657479465965,760.0657479465965,760.0657479465965,760.0657479465965,760.0657479465965,760.0657479465965,760.0657479465965,760.0657479465965,760.0657479465965,760.0657479465965,760.0657479465965,760.0657479465965,760.0657479465965]"
RC101,25,PSO,23,688.9698354066703,0.9304530000081286,199,True,301,"[1219.013689022479,1219.013689022479,1219.013689022479,1219.013689022479,1219.013689022479,1151.991276554712,1151.991276554712,1151.991276554712,1151.991276554712,1151.991276554712,1124.9134990259845,966.3009751795489,966.3009751795489,966.3009751795489,966.3009751795489,966.3009751795489,966.3009751795489,938.1182815237815,938.1182815237815,938.1182815237815,938.1182815237815,938.1182815237815,810.4063547592382,810.4063547592382,810.4063547592382,810.4063547592382,810.4063547592382,810.4063547592382,810.4063547592382,810.4063547592382,810.4063547592382,810.4063547592382,810.4063547592382,810.4063547592382,810.4063547592382,810.4063547592382,810.4063547592382,810.4063547592382,810.4063547592382,810.4063547592382,810.4063547592382,806.5967211376242,806.5967211376242,806.5967211376242,806.5967211376242,806.5967211376242,806.5967211376242,806.5967211376242,806.5967211376242,806.5967211376242,798.3300032717214,798.3300032717214,798.3300032717214,798.3300032717214,798.3300032717214,798.3300032717214,798.3300032717214,798.3300032717214,798.3300032717214,798.3300032717214,798.3300032717214,764.3913517910944,764.3913517910944,764.3913517910944,764.3913517910944,764.3913517910944,764.3913517910944,764.3913517910944,750.051874731664,750.051874731664,750.051874731664,750.051874731664,750.051874731664,750.051874731664,750.051874731664,750.051874731664,750.051874731664,750.051874731664,750.051874731664,750.051874731664,750.051874731664,750.051874731664,750.051874731664,750.051874731664,750.051874731664,750.051874731664,750.051874731664,750.051874731664,750.051874731664,750.051874731664,750.051874731664,750.051874731664,750.051874731664,750.051874731664,750.051874731664,750.051874731664,750.051874731664,750.051874731664,750.051874731664,750.051874731664,750.051874731664,750.051874731664,750.051874731664,749.6178935996074,749.6178935996074,749.6178935996074,749.6178935996074,749.6178935996074,749.6178935996074,749.6178935996074,749.6178935996074,749.6178935996074,749.6178935996074,749.6178935996074,749.6178935996074,749.6178935996074,749.6178935996074,749.6178935996074,749.6178935996074,749.6178935996074,749.6178935996074,749.6178935996074,749.6178935996074,749.6178935996074,749.6178935996074,749.6178935996074,749.6178935996074,749.6178935996074,749.6178935996074,749.6178935996074,749.6178935996074,749.6178935996074,749.6178935996074,749.6178935996074,749.6178935996074,749.6178935996074,749.6178935996074,749.6178935996074,749.6178935996074,749.6178935996074,749.6178935996074,749.6178935996074,749.6178935996074,749.6178935996074,749.6178935996074,749.6178935996074,749.6178935996074,749.6178935996074,749.6178935996074,749.6178935996074,749.6178935996074,749.6178935996074,749.6178935996074,749.6178935996074,749.6178935996074,749.6178935996074,749.6178935996074,749.6178935996074,749.6178935996074,749.6178935996074,749.6178935996074,749.6178935996074,749.6178935996074,749.6178935996074,749.6178935996074,749.6178935996074,749.6178935996074,749.6178935996074,749.6178935996074,749.6178935996074,749.6178935996074,749.6178935996074,749.6178935996074,749.6178935996074,749.6178935996074,749.6178935996074,749.6178935996074,749.6178935996074,749.6178935996074,733.3361908947993,698.6526630182102,696.639389229173,696.639389229173,696.639389229173,696.639389229173,696.639389229173,696.639389229173,696.639389229173,696.639389229173,696.639389229173,696.639389229173,696.639389229173,696.639389229173,696.639389229173,696.639389229173,696.639389229173,696.639389229173,696.639389229173,696.639389229173,688.9698354066703,688.9698354066703,688.9698354066703,688.9698354066703,688.9698354066703,688.9698354066703,688.9698354066703,688.9698354066703,688.9698354066703,688.9698354066703,688.9698354066703,688.9698354066703,688.9698354066703,688.9698354066703,688.9698354066703,688.9698354066703,688.9698354066703,688.9698354066703,688.9698354066703,688.9698354066703,688.9698354066703,688.9698354066703,688.9698354066703,688.9698354066703,688.9698354066703,688.9698354066703,688.9698354066703,688.9698354066703,688.9698354066703,688.9698354066703,688.9698354066703,688.9698354066703,688.9698354066703,688.9698354066703,688.9698354066703,688.9698354066703,688.9698354066703,688.9698354066703,688.9698354066703,688.9698354066703,688.9698354066703,688.9698354066703,688.9698354066703,688.9698354066703,688.9698354066703,688.9698354066703,688.9698354066703,688.9698354066703,688.9698354066703,688.9698354066703,688.9698354066703,688.9698354066703,688.9698354066703,688.9698354066703,688.9698354066703,688.9698354066703,688.9698354066703,688.9698354066703,688.9698354066703,688.9698354066703,688.9698354066703,688.9698354066703,688.9698354066703,688.9698354066703,688.9698354066703,688.9698354066703,688.9698354066703,688.9698354066703,688.9698354066703,688.9698354066703,688.9698354066703,688.9698354066703,688.9698354066703,688.9698354066703,688.9698354066703,688.9698354066703,688.9698354066703,688.9698354066703,688.9698354066703,688.9698354066703,688.9698354066703,688.9698354066703,688.9698354066703,688.9698354066703,688.9698354066703,688.9698354066703,688.9698354066703,688.9698354066703,688.9698354066703,688.9698354066703,688.9698354066703,688.9698354066703,688.9698354066703,688.9698354066703,688.9698354066703,688.9698354066703,688.9698354066703,688.9698354066703,688.9698354066703,688.9698354066703,688.9698354066703,688.9698354066703]"
RC101,25,PSO,24,776.0577867287469,0.9314936999871861,41,True,301,"[1265.9368498322244,1228.820716397362,1165.7129678190609,1112.6076803686544,1098.3978189260924,1055.323212025985,1018.1561529237423,960.3842956507807,960.3842956507807,960.3842956507807,960.3842956507807,846.0588100541997,839.149097642642,839.149097642642,839.149097642642,839.149097642642,839.149097642642,839.149097642642,833.6270436100878,829.8774468412479,829.8774468412479,829.8774468412479,829.8774468412479,829.8774468412479,829.8774468412479,829.8774468412479,829.8774468412479,829.8774468412479,829.8774468412479,829.8774468412479,829.8774468412479,829.8774468412479,829.8774468412479,829.8774468412479,829.8774468412479,829.8774468412479,829.8774468412479,829.8774468412479,829.8774468412479,829.8774468412479,779.8073834975867,776.0577867287469,776.0577867287469,776.0577867287469,776.0577867287469,776.0577867287469,776.0577867287469,776.0577867287469,776.0577867287469,776.0577867287469,776.0577867287469,776.0577867287469,776.0577867287469,776.0577867287469,776.0577867287469,776.0577867287469,776.0577867287469,776.0577867287469,776.0577867287469,776.0577867287469,776.0577867287469,776.0577867287469,776.0577867287469,776.0577867287469,776.0577867287469,776.0577867287469,776.0577867287469,776.0577867287469,776.0577867287469,776.0577867287469,776.0577867287469,776.0577867287469,776.0577867287469,776.0577867287469,776.0577867287469,776.0577867287469,776.0577867287469,776.0577867287469,776.0577867287469,776.0577867287469,776.0577867287469,776.0577867287469,776.0577867287469,776.0577867287469,776.0577867287469,776.0577867287469,776.0577867287469,776.0577867287469,776.0577867287469,776.0577867287469,776.0577867287469,776.0577867287469,776.0577867287469,776.0577867287469,776.0577867287469,776.0577867287469,776.0577867287469,776.0577867287469,776.0577867287469,776.0577867287469,776.0577867287469,776.0577867287469,776.0577867287469,776.0577867287469,776.0577867287469,776.0577867287469,776.0577867287469,776.0577867287469,776.0577867287469,776.0577867287469,776.0577867287469,776.0577867287469,776.0577867287469,776.0577867287469,776.0577867287469,776.0577867287469,776.0577867287469,776.0577867287469,776.0577867287469,776.0577867287469,776.0577867287469,776.0577867287469,776.0577867287469,776.0577867287469,776.0577867287469,776.0577867287469,776.0577867287469,776.0577867287469,776.0577867287469,776.0577867287469,776.0577867287469,776.0577867287469,776.0577867287469,776.0577867287469,776.0577867287469,776.0577867287469,776.0577867287469,776.0577867287469,776.0577867287469,776.0577867287469,776.0577867287469,776.0577867287469,776.0577867287469,776.0577867287469,776.0577867287469,776.0577867287469,776.0577867287469,776.0577867287469,776.0577867287469,776.0577867287469,776.0577867287469,776.0577867287469,776.0577867287469,776.0577867287469,776.0577867287469,776.0577867287469,776.0577867287469,776.0577867287469,776.0577867287469,776.0577867287469,776.0577867287469,776.0577867287469,776.0577867287469,776.0577867287469,776.0577867287469,776.0577867287469,776.0577867287469,776.0577867287469,776.0577867287469,776.0577867287469,776.0577867287469,776.0577867287469,776.0577867287469,776.0577867287469,776.0577867287469,776.0577867287469,776.0577867287469,776.0577867287469,776.0577867287469,776.0577867287469,776.0577867287469,776.0577867287469,776.0577867287469,776.0577867287469,776.0577867287469,776.0577867287469,776.0577867287469,776.0577867287469,776.0577867287469,776.0577867287469,776.0577867287469,776.0577867287469,776.0577867287469,776.0577867287469,776.0577867287469,776.0577867287469,776.0577867287469,776.0577867287469,776.0577867287469,776.0577867287469,776.0577867287469,776.0577867287469,776.0577867287469,776.0577867287469,776.0577867287469,776.0577867287469,776.0577867287469,776.0577867287469,776.0577867287469,776.0577867287469,776.0577867287469,776.0577867287469,776.0577867287469,776.0577867287469,776.0577867287469,776.0577867287469,776.0577867287469,776.0577867287469,776.0577867287469,776.0577867287469,776.0577867287469,776.0577867287469,776.0577867287469,776.0577867287469,776.0577867287469,776.0577867287469,776.0577867287469,776.0577867287469,776.0577867287469,776.0577867287469,776.0577867287469,776.0577867287469,776.0577867287469,776.0577867287469,776.0577867287469,776.0577867287469,776.0577867287469,776.0577867287469,776.0577867287469,776.0577867287469,776.0577867287469,776.0577867287469,776.0577867287469,776.0577867287469,776.0577867287469,776.0577867287469,776.0577867287469,776.0577867287469,776.0577867287469,776.0577867287469,776.0577867287469,776.0577867287469,776.0577867287469,776.0577867287469,776.0577867287469,776.0577867287469,776.0577867287469,776.0577867287469,776.0577867287469,776.0577867287469,776.0577867287469,776.0577867287469,776.0577867287469,776.0577867287469,776.0577867287469,776.0577867287469,776.0577867287469,776.0577867287469,776.0577867287469,776.0577867287469,776.0577867287469,776.0577867287469,776.0577867287469,776.0577867287469,776.0577867287469,776.0577867287469,776.0577867287469,776.0577867287469,776.0577867287469,776.0577867287469,776.0577867287469,776.0577867287469,776.0577867287469,776.0577867287469,776.0577867287469,776.0577867287469,776.0577867287469,776.0577867287469,776.0577867287469,776.0577867287469,776.0577867287469,776.0577867287469,776.0577867287469,776.0577867287469,776.0577867287469,776.0577867287469,776.0577867287469,776.0577867287469,776.0577867287469,776.0577867287469,776.0577867287469]"
RC101,25,PSO,25,670.9339388742551,1.0924305000226013,268,True,301,"[1279.3929667738082,1279.3929667738082,1193.36690756515,1193.36690756515,1183.1864585578544,1183.1864585578544,1135.5713466511343,1135.2121747734902,1135.2121747734902,1078.8842016295534,1058.6465984688023,1043.1284632737174,1043.1284632737174,1043.1284632737174,1043.1284632737174,1043.1284632737174,1043.1284632737174,952.38042392426,952.38042392426,952.38042392426,952.38042392426,952.38042392426,952.38042392426,952.38042392426,952.38042392426,952.38042392426,952.38042392426,952.38042392426,952.38042392426,952.38042392426,952.38042392426,952.38042392426,952.38042392426,952.38042392426,872.1943318011316,872.1943318011316,870.4064718442792,870.4064718442792,811.0010234527466,811.0010234527466,811.0010234527466,811.0010234527466,811.0010234527466,811.0010234527466,811.0010234527466,793.4955783127526,793.4955783127526,793.4955783127526,793.4955783127526,793.4955783127526,793.4955783127526,793.4955783127526,793.4955783127526,793.4955783127526,793.4955783127526,792.4024241525049,792.4024241525049,792.4024241525049,792.4024241525049,792.4024241525049,792.4024241525049,792.4024241525049,792.4024241525049,792.4024241525049,792.4024241525049,792.4024241525049,792.4024241525049,792.4024241525049,792.4024241525049,792.4024241525049,792.4024241525049,792.4024241525049,792.4024241525049,792.4024241525049,792.4024241525049,792.4024241525049,792.4024241525049,792.4024241525049,792.4024241525049,792.4024241525049,792.4024241525049,792.4024241525049,792.4024241525049,792.4024241525049,792.4024241525049,792.172625284222,786.5460589953498,786.5460589953498,786.5460589953498,786.5460589953498,786.5460589953498,786.5460589953498,786.5460589953498,786.5460589953498,786.5460589953498,786.5460589953498,786.5460589953498,786.5460589953498,786.5460589953498,786.5460589953498,786.5460589953498,786.5460589953498,786.5460589953498,786.5460589953498,786.5460589953498,786.5460589953498,786.5460589953498,786.5460589953498,786.5460589953498,786.5460589953498,786.5460589953498,786.5460589953498,786.5460589953498,786.5460589953498,786.5460589953498,786.5460589953498,786.5460589953498,780.4434065124628,780.4434065124628,710.1640997908654,710.1640997908654,710.1640997908654,710.1640997908654,710.1640997908654,710.1640997908654,710.1640997908654,710.1640997908654,705.7555822090512,705.7555822090512,705.7555822090512,703.9189630272747,703.9189630272747,703.9189630272747,703.9189630272747,703.9189630272747,703.9189630272747,703.9189630272747,703.9189630272747,703.9189630272747,703.9189630272747,703.9189630272747,703.9189630272747,699.9296521545962,682.4242070146022,682.4242070146022,682.4242070146022,682.4242070146022,682.4242070146022,682.4242070146022,682.4242070146022,682.4242070146022,682.4242070146022,682.4242070146022,682.4242070146022,682.4242070146022,682.4242070146022,682.4242070146022,682.4242070146022,682.4242070146022,682.4242070146022,682.4242070146022,682.4242070146022,682.4242070146022,682.4242070146022,682.4242070146022,682.4242070146022,682.4242070146022,682.4242070146022,682.4242070146022,682.4242070146022,682.4242070146022,682.4242070146022,682.4242070146022,682.4242070146022,682.4242070146022,682.4242070146022,682.4242070146022,682.4242070146022,682.4242070146022,682.4242070146022,682.4242070146022,682.4242070146022,682.4242070146022,682.4242070146022,682.4242070146022,682.4242070146022,682.4242070146022,682.4242070146022,682.4242070146022,682.4242070146022,682.4242070146022,682.4242070146022,682.4242070146022,682.4242070146022,682.4242070146022,682.4242070146022,682.4242070146022,682.4242070146022,682.4242070146022,682.4242070146022,682.4242070146022,682.4242070146022,682.4242070146022,682.4242070146022,682.4242070146022,682.4242070146022,682.4242070146022,682.4242070146022,682.4242070146022,682.4242070146022,682.4242070146022,682.4242070146022,682.4242070146022,682.4242070146022,682.4242070146022,682.4242070146022,682.4242070146022,682.4242070146022,682.4242070146022,682.4242070146022,682.4242070146022,682.4242070146022,682.4242070146022,682.4242070146022,682.4242070146022,682.4242070146022,682.4242070146022,672.876842588339,672.876842588339,672.876842588339,672.876842588339,672.876842588339,672.876842588339,672.876842588339,672.876842588339,672.876842588339,672.876842588339,672.876842588339,672.876842588339,672.876842588339,672.876842588339,672.876842588339,672.876842588339,672.876842588339,672.876842588339,672.876842588339,672.876842588339,672.876842588339,672.876842588339,672.876842588339,672.876842588339,672.876842588339,672.876842588339,672.876842588339,672.876842588339,672.876842588339,672.876842588339,672.876842588339,672.876842588339,672.876842588339,672.876842588339,672.876842588339,672.876842588339,672.876842588339,672.876842588339,672.876842588339,672.876842588339,672.876842588339,670.9339388742551,670.9339388742551,670.9339388742551,670.9339388742551,670.9339388742551,670.9339388742551,670.9339388742551,670.9339388742551,670.9339388742551,670.9339388742551,670.9339388742551,670.9339388742551,670.9339388742551,670.9339388742551,670.9339388742551,670.9339388742551,670.9339388742551,670.9339388742551,670.9339388742551,670.9339388742551,670.9339388742551,670.9339388742551,670.9339388742551,670.9339388742551,670.9339388742551,670.9339388742551,670.9339388742551,670.9339388742551,670.9339388742551,670.9339388742551,670.9339388742551,670.9339388742551,670.9339388742551]"
RC101,25,PSO,26,690.8414171428584,0.97968319998472,93,True,301,"[1303.830184813472,1238.4508785877972,1238.4508785877972,1052.9211215381256,1052.9211215381256,1052.9211215381256,1052.9211215381256,1052.9211215381256,1052.9211215381256,1006.9402578710907,1006.9402578710907,1006.9402578710907,1006.9402578710907,1006.9402578710907,939.1296787340527,939.1296787340527,939.1296787340527,939.1296787340527,939.1296787340527,939.1296787340527,939.1296787340527,939.1296787340527,939.1296787340527,939.1296787340527,922.0666165902569,922.0666165902569,919.085240570318,885.1448077579894,796.6960762676594,796.6960762676594,796.6960762676594,796.6960762676594,796.6960762676594,796.6960762676594,787.9287997728918,787.9287997728918,787.9287997728918,787.9287997728918,787.9287997728918,696.6715641222959,696.6715641222959,696.6715641222959,696.6715641222959,696.6715641222959,696.6715641222959,696.6715641222959,696.6715641222959,696.6715641222959,696.6715641222959,696.6715641222959,696.6715641222959,696.6715641222959,696.6715641222959,696.6715641222959,696.6715641222959,696.6715641222959,696.6715641222959,696.6715641222959,696.6715641222959,696.6715641222959,696.6715641222959,691.3464588698008,691.3464588698008,691.3464588698008,691.3464588698008,691.3464588698008,691.3464588698008,691.3464588698008,691.3464588698008,691.3464588698008,691.3464588698008,691.3464588698008,691.3464588698008,691.3464588698008,691.3464588698008,691.3464588698008,691.3464588698008,691.3464588698008,691.3464588698008,691.3464588698008,691.3464588698008,691.3464588698008,691.3464588698008,691.3464588698008,691.3464588698008,691.3464588698008,691.3464588698008,691.3464588698008,691.3464588698008,691.3464588698008,691.3464588698008,691.3464588698008,691.3464588698008,690.8414171428584,690.8414171428584,690.8414171428584,690.8414171428584,690.8414171428584,690.8414171428584,690.8414171428584,690.8414171428584,690.8414171428584,690.8414171428584,690.8414171428584,690.8414171428584,690.8414171428584,690.8414171428584,690.8414171428584,690.8414171428584,690.8414171428584,690.8414171428584,690.8414171428584,690.8414171428584,690.8414171428584,690.8414171428584,690.8414171428584,690.8414171428584,690.8414171428584,690.8414171428584,690.8414171428584,690.8414171428584,690.8414171428584,690.8414171428584,690.8414171428584,690.8414171428584,690.8414171428584,690.8414171428584,690.8414171428584,690.8414171428584,690.8414171428584,690.8414171428584,690.8414171428584,690.8414171428584,690.8414171428584,690.8414171428584,690.8414171428584,690.8414171428584,690.8414171428584,690.8414171428584,690.8414171428584,690.8414171428584,690.8414171428584,690.8414171428584,690.8414171428584,690.8414171428584,690.8414171428584,690.8414171428584,690.8414171428584,690.8414171428584,690.8414171428584,690.8414171428584,690.8414171428584,690.8414171428584,690.8414171428584,690.8414171428584,690.8414171428584,690.8414171428584,690.8414171428584,690.8414171428584,690.8414171428584,690.8414171428584,690.8414171428584,690.8414171428584,690.8414171428584,690.8414171428584,690.8414171428584,690.8414171428584,690.8414171428584,690.8414171428584,690.8414171428584,690.8414171428584,690.8414171428584,690.8414171428584,690.8414171428584,690.8414171428584,690.8414171428584,690.8414171428584,690.8414171428584,690.8414171428584,690.8414171428584,690.8414171428584,690.8414171428584,690.8414171428584,690.8414171428584,690.8414171428584,690.8414171428584,690.8414171428584,690.8414171428584,690.8414171428584,690.8414171428584,690.8414171428584,690.8414171428584,690.8414171428584,690.8414171428584,690.8414171428584,690.8414171428584,690.8414171428584,690.8414171428584,690.8414171428584,690.8414171428584,690.8414171428584,690.8414171428584,690.8414171428584,690.8414171428584,690.8414171428584,690.8414171428584,690.8414171428584,690.8414171428584,690.8414171428584,690.8414171428584,690.8414171428584,690.8414171428584,690.8414171428584,690.8414171428584,690.8414171428584,690.8414171428584,690.8414171428584,690.8414171428584,690.8414171428584,690.8414171428584,690.8414171428584,690.8414171428584,690.8414171428584,690.8414171428584,690.8414171428584,690.8414171428584,690.8414171428584,690.8414171428584,690.8414171428584,690.8414171428584,690.8414171428584,690.8414171428584,690.8414171428584,690.8414171428584,690.8414171428584,690.8414171428584,690.8414171428584,690.8414171428584,690.8414171428584,690.8414171428584,690.8414171428584,690.8414171428584,690.8414171428584,690.8414171428584,690.8414171428584,690.8414171428584,690.8414171428584,690.8414171428584,690.8414171428584,690.8414171428584,690.8414171428584,690.8414171428584,690.8414171428584,690.8414171428584,690.8414171428584,690.8414171428584,690.8414171428584,690.8414171428584,690.8414171428584,690.8414171428584,690.8414171428584,690.8414171428584,690.8414171428584,690.8414171428584,690.8414171428584,690.8414171428584,690.8414171428584,690.8414171428584,690.8414171428584,690.8414171428584,690.8414171428584,690.8414171428584,690.8414171428584,690.8414171428584,690.8414171428584,690.8414171428584,690.8414171428584,690.8414171428584,690.8414171428584,690.8414171428584,690.8414171428584,690.8414171428584,690.8414171428584,690.8414171428584,690.8414171428584,690.8414171428584,690.8414171428584,690.8414171428584,690.8414171428584,690.8414171428584,690.8414171428584,690.8414171428584,690.8414171428584,690.8414171428584,690.8414171428584,690.8414171428584,690.8414171428584,690.8414171428584,690.8414171428584,690.8414171428584,690.8414171428584]"
RC101,25,PSO,27,641.6392227210588,1.0834601999958977,73,True,301,"[1167.4902817937282,1112.2358248343448,1112.2358248343448,1112.2358248343448,1112.2358248343448,1112.2358248343448,984.038788074884,984.038788074884,984.038788074884,984.038788074884,984.038788074884,984.038788074884,984.038788074884,984.038788074884,984.038788074884,984.038788074884,938.5340616478022,938.5340616478022,924.3864047010351,924.3864047010351,924.3864047010351,924.3864047010351,924.3864047010351,924.3864047010351,832.7583048173204,832.7583048173204,775.9982906579714,775.9982906579714,775.9982906579714,775.9982906579714,753.2901522783557,753.2901522783557,753.2901522783557,753.2901522783557,710.259261413665,710.259261413665,710.259261413665,710.259261413665,710.259261413665,710.259261413665,710.259261413665,710.259261413665,710.259261413665,710.259261413665,709.3755693918565,709.3755693918565,709.3755693918565,709.3755693918565,709.3755693918565,709.3755693918565,709.3755693918565,709.3755693918565,709.3755693918565,709.3755693918565,708.4020324797791,708.4020324797791,708.4020324797791,708.4020324797791,708.4020324797791,708.4020324797791,644.6571821513571,644.6571821513571,644.6571821513571,644.6571821513571,644.6571821513571,644.6571821513571,644.6571821513571,644.6571821513571,644.6571821513571,644.6571821513571,644.6571821513571,644.6571821513571,644.6571821513571,641.6392227210588,641.6392227210588,641.6392227210588,641.6392227210588,641.6392227210588,641.6392227210588,641.6392227210588,641.6392227210588,641.6392227210588,641.6392227210588,641.6392227210588,641.6392227210588,641.6392227210588,641.6392227210588,641.6392227210588,641.6392227210588,641.6392227210588,641.6392227210588,641.6392227210588,641.6392227210588,641.6392227210588,641.6392227210588,641.6392227210588,641.6392227210588,641.6392227210588,641.6392227210588,641.6392227210588,641.6392227210588,641.6392227210588,641.6392227210588,641.6392227210588,641.6392227210588,641.6392227210588,641.6392227210588,641.6392227210588,641.6392227210588,641.6392227210588,641.6392227210588,641.6392227210588,641.6392227210588,641.6392227210588,641.6392227210588,641.6392227210588,641.6392227210588,641.6392227210588,641.6392227210588,641.6392227210588,641.6392227210588,641.6392227210588,641.6392227210588,641.6392227210588,641.6392227210588,641.6392227210588,641.6392227210588,641.6392227210588,641.6392227210588,641.6392227210588,641.6392227210588,641.6392227210588,641.6392227210588,641.6392227210588,641.6392227210588,641.6392227210588,641.6392227210588,641.6392227210588,641.6392227210588,641.6392227210588,641.6392227210588,641.6392227210588,641.6392227210588,641.6392227210588,641.6392227210588,641.6392227210588,641.6392227210588,641.6392227210588,641.6392227210588,641.6392227210588,641.6392227210588,641.6392227210588,641.6392227210588,641.6392227210588,641.6392227210588,641.6392227210588,641.6392227210588,641.6392227210588,641.6392227210588,641.6392227210588,641.6392227210588,641.6392227210588,641.6392227210588,641.6392227210588,641.6392227210588,641.6392227210588,641.6392227210588,641.6392227210588,641.6392227210588,641.6392227210588,641.6392227210588,641.6392227210588,641.6392227210588,641.6392227210588,641.6392227210588,641.6392227210588,641.6392227210588,641.6392227210588,641.6392227210588,641.6392227210588,641.6392227210588,641.6392227210588,641.6392227210588,641.6392227210588,641.6392227210588,641.6392227210588,641.6392227210588,641.6392227210588,641.6392227210588,641.6392227210588,641.6392227210588,641.6392227210588,641.6392227210588,641.6392227210588,641.6392227210588,641.6392227210588,641.6392227210588,641.6392227210588,641.6392227210588,641.6392227210588,641.6392227210588,641.6392227210588,641.6392227210588,641.6392227210588,641.6392227210588,641.6392227210588,641.6392227210588,641.6392227210588,641.6392227210588,641.6392227210588,641.6392227210588,641.6392227210588,641.6392227210588,641.6392227210588,641.6392227210588,641.6392227210588,641.6392227210588,641.6392227210588,641.6392227210588,641.6392227210588,641.6392227210588,641.6392227210588,641.6392227210588,641.6392227210588,641.6392227210588,641.6392227210588,641.6392227210588,641.6392227210588,641.6392227210588,641.6392227210588,641.6392227210588,641.6392227210588,641.6392227210588,641.6392227210588,641.6392227210588,641.6392227210588,641.6392227210588,641.6392227210588,641.6392227210588,641.6392227210588,641.6392227210588,641.6392227210588,641.6392227210588,641.6392227210588,641.6392227210588,641.6392227210588,641.6392227210588,641.6392227210588,641.6392227210588,641.6392227210588,641.6392227210588,641.6392227210588,641.6392227210588,641.6392227210588,641.6392227210588,641.6392227210588,641.6392227210588,641.6392227210588,641.6392227210588,641.6392227210588,641.6392227210588,641.6392227210588,641.6392227210588,641.6392227210588,641.6392227210588,641.6392227210588,641.6392227210588,641.6392227210588,641.6392227210588,641.6392227210588,641.6392227210588,641.6392227210588,641.6392227210588,641.6392227210588,641.6392227210588,641.6392227210588,641.6392227210588,641.6392227210588,641.6392227210588,641.6392227210588,641.6392227210588,641.6392227210588,641.6392227210588,641.6392227210588,641.6392227210588,641.6392227210588,641.6392227210588,641.6392227210588,641.6392227210588,641.6392227210588,641.6392227210588,641.6392227210588,641.6392227210588,641.6392227210588,641.6392227210588,641.6392227210588,641.6392227210588,641.6392227210588,641.6392227210588,641.6392227210588,641.6392227210588]"
RC101,25,PSO,28,659.3586185454394,0.8842074999993201,116,True,301,"[1297.757522029619,1196.4982625375228,1196.4982625375228,1196.4982625375228,1126.782736545213,1126.782736545213,1086.8418232249783,1086.8418232249783,1086.8418232249783,1086.8418232249783,1086.8418232249783,1086.8418232249783,1086.8418232249783,1051.8086738409834,1051.8086738409834,1051.8086738409834,1051.8086738409834,1051.8086738409834,1051.8086738409834,1051.8086738409834,1051.8086738409834,992.5050553513461,992.5050553513461,992.5050553513461,992.5050553513461,992.5050553513461,992.5050553513461,949.7403288336827,949.7403288336827,949.7403288336827,949.7403288336827,949.7403288336827,949.7403288336827,949.7403288336827,949.7403288336827,949.7403288336827,914.4144475977253,914.4144475977253,914.4144475977253,914.4144475977253,914.4144475977253,914.4144475977253,914.4144475977253,914.4144475977253,914.4144475977253,869.580721697717,869.580721697717,869.580721697717,869.580721697717,869.580721697717,869.580721697717,869.580721697717,869.580721697717,869.580721697717,869.580721697717,869.580721697717,869.580721697717,869.580721697717,869.580721697717,865.0014816335414,865.0014816335414,865.0014816335414,865.0014816335414,865.0014816335414,865.0014816335414,865.0014816335414,865.0014816335414,865.0014816335414,865.0014816335414,865.0014816335414,865.0014816335414,865.0014816335414,861.0283652196758,861.0283652196758,861.0283652196758,822.8047902532041,811.60559342691,740.0789543293987,740.0789543293987,738.2021054659384,738.2021054659384,738.2021054659384,738.2021054659384,738.2021054659384,738.2021054659384,738.2021054659384,738.2021054659384,738.2021054659384,738.2021054659384,738.2021054659384,738.2021054659384,738.2021054659384,738.2021054659384,738.2021054659384,729.6497489878973,729.6497489878973,729.6497489878973,729.6497489878973,727.9309091325229,727.9309091325229,727.9309091325229,727.9309091325229,727.9309091325229,727.9309091325229,727.9309091325229,715.5331039369415,715.5331039369415,715.5331039369415,661.0774584008138,661.0774584008138,661.0774584008138,661.0774584008138,661.0774584008138,661.0774584008138,661.0774584008138,661.0774584008138,659.3586185454394,659.3586185454394,659.3586185454394,659.3586185454394,659.3586185454394,659.3586185454394,659.3586185454394,659.3586185454394,659.3586185454394,659.3586185454394,659.3586185454394,659.3586185454394,659.3586185454394,659.3586185454394,659.3586185454394,659.3586185454394,659.3586185454394,659.3586185454394,659.3586185454394,659.3586185454394,659.3586185454394,659.3586185454394,659.3586185454394,659.3586185454394,659.3586185454394,659.3586185454394,659.3586185454394,659.3586185454394,659.3586185454394,659.3586185454394,659.3586185454394,659.3586185454394,659.3586185454394,659.3586185454394,659.3586185454394,659.3586185454394,659.3586185454394,659.3586185454394,659.3586185454394,659.3586185454394,659.3586185454394,659.3586185454394,659.3586185454394,659.3586185454394,659.3586185454394,659.3586185454394,659.3586185454394,659.3586185454394,659.3586185454394,659.3586185454394,659.3586185454394,659.3586185454394,659.3586185454394,659.3586185454394,659.3586185454394,659.3586185454394,659.3586185454394,659.3586185454394,659.3586185454394,659.3586185454394,659.3586185454394,659.3586185454394,659.3586185454394,659.3586185454394,659.3586185454394,659.3586185454394,659.3586185454394,659.3586185454394,659.3586185454394,659.3586185454394,659.3586185454394,659.3586185454394,659.3586185454394,659.3586185454394,659.3586185454394,659.3586185454394,659.3586185454394,659.3586185454394,659.3586185454394,659.3586185454394,659.3586185454394,659.3586185454394,659.3586185454394,659.3586185454394,659.3586185454394,659.3586185454394,659.3586185454394,659.3586185454394,659.3586185454394,659.3586185454394,659.3586185454394,659.3586185454394,659.3586185454394,659.3586185454394,659.3586185454394,659.3586185454394,659.3586185454394,659.3586185454394,659.3586185454394,659.3586185454394,659.3586185454394,659.3586185454394,659.3586185454394,659.3586185454394,659.3586185454394,659.3586185454394,659.3586185454394,659.3586185454394,659.3586185454394,659.3586185454394,659.3586185454394,659.3586185454394,659.3586185454394,659.3586185454394,659.3586185454394,659.3586185454394,659.3586185454394,659.3586185454394,659.3586185454394,659.3586185454394,659.3586185454394,659.3586185454394,659.3586185454394,659.3586185454394,659.3586185454394,659.3586185454394,659.3586185454394,659.3586185454394,659.3586185454394,659.3586185454394,659.3586185454394,659.3586185454394,659.3586185454394,659.3586185454394,659.3586185454394,659.3586185454394,659.3586185454394,659.3586185454394,659.3586185454394,659.3586185454394,659.3586185454394,659.3586185454394,659.3586185454394,659.3586185454394,659.3586185454394,659.3586185454394,659.3586185454394,659.3586185454394,659.3586185454394,659.3586185454394,659.3586185454394,659.3586185454394,659.3586185454394,659.3586185454394,659.3586185454394,659.3586185454394,659.3586185454394,659.3586185454394,659.3586185454394,659.3586185454394,659.3586185454394,659.3586185454394,659.3586185454394,659.3586185454394,659.3586185454394,659.3586185454394,659.3586185454394,659.3586185454394,659.3586185454394,659.3586185454394,659.3586185454394,659.3586185454394,659.3586185454394,659.3586185454394,659.3586185454394,659.3586185454394,659.3586185454394,659.3586185454394,659.3586185454394,659.3586185454394,659.3586185454394,659.3586185454394,659.3586185454394,659.3586185454394,659.3586185454394]"
RC101,25,PSO,29,723.5127176006206,0.9349959999963176,78,True,301,"[1318.9583465085122,1318.6752672844,1172.7713378781039,1172.7713378781039,1105.4012343232628,1104.4499854345534,1092.5902709441846,1092.5902709441846,1092.5902709441846,949.0939478408893,949.0939478408893,949.0939478408893,949.0939478408893,949.0939478408893,864.0080704564365,864.0080704564365,798.4654303255379,798.4654303255379,798.4654303255379,798.4654303255379,798.4654303255379,798.4654303255379,798.4654303255379,798.4654303255379,798.4654303255379,798.4654303255379,798.4654303255379,798.4654303255379,798.4654303255379,798.4654303255379,798.4654303255379,792.603270072615,792.603270072615,792.603270072615,792.603270072615,792.603270072615,792.603270072615,792.603270072615,792.603270072615,792.603270072615,792.603270072615,792.603270072615,792.603270072615,792.603270072615,792.603270072615,792.603270072615,792.603270072615,792.603270072615,792.603270072615,792.603270072615,792.603270072615,792.603270072615,775.8964511528641,775.8964511528641,775.8964511528641,775.8964511528641,775.8964511528641,739.6888913627313,739.6888913627313,735.2803737809171,735.2803737809171,735.2803737809171,735.2803737809171,735.2803737809171,735.2803737809171,735.2803737809171,735.2803737809171,735.2803737809171,735.2803737809171,735.2803737809171,735.2803737809171,735.2803737809171,735.2803737809171,735.2803737809171,735.2803737809171,735.2803737809171,735.2803737809171,735.2803737809171,723.5127176006206,723.5127176006206,723.5127176006206,723.5127176006206,723.5127176006206,723.5127176006206,723.5127176006206,723.5127176006206,723.5127176006206,723.5127176006206,723.5127176006206,723.5127176006206,723.5127176006206,723.5127176006206,723.5127176006206,723.5127176006206,723.5127176006206,723.5127176006206,723.5127176006206,723.5127176006206,723.5127176006206,723.5127176006206,723.5127176006206,723.5127176006206,723.5127176006206,723.5127176006206,723.5127176006206,723.5127176006206,723.5127176006206,723.5127176006206,723.5127176006206,723.5127176006206,723.5127176006206,723.5127176006206,723.5127176006206,723.5127176006206,723.5127176006206,723.5127176006206,723.5127176006206,723.5127176006206,723.5127176006206,723.5127176006206,723.5127176006206,723.5127176006206,723.5127176006206,723.5127176006206,723.5127176006206,723.5127176006206,723.5127176006206,723.5127176006206,723.5127176006206,723.5127176006206,723.5127176006206,723.5127176006206,723.5127176006206,723.5127176006206,723.5127176006206,723.5127176006206,723.5127176006206,723.5127176006206,723.5127176006206,723.5127176006206,723.5127176006206,723.5127176006206,723.5127176006206,723.5127176006206,723.5127176006206,723.5127176006206,723.5127176006206,723.5127176006206,723.5127176006206,723.5127176006206,723.5127176006206,723.5127176006206,723.5127176006206,723.5127176006206,723.5127176006206,723.5127176006206,723.5127176006206,723.5127176006206,723.5127176006206,723.5127176006206,723.5127176006206,723.5127176006206,723.5127176006206,723.5127176006206,723.5127176006206,723.5127176006206,723.5127176006206,723.5127176006206,723.5127176006206,723.5127176006206,723.5127176006206,723.5127176006206,723.5127176006206,723.5127176006206,723.5127176006206,723.5127176006206,723.5127176006206,723.5127176006206,723.5127176006206,723.5127176006206,723.5127176006206,723.5127176006206,723.5127176006206,723.5127176006206,723.5127176006206,723.5127176006206,723.5127176006206,723.5127176006206,723.5127176006206,723.5127176006206,723.5127176006206,723.5127176006206,723.5127176006206,723.5127176006206,723.5127176006206,723.5127176006206,723.5127176006206,723.5127176006206,723.5127176006206,723.5127176006206,723.5127176006206,723.5127176006206,723.5127176006206,723.5127176006206,723.5127176006206,723.5127176006206,723.5127176006206,723.5127176006206,723.5127176006206,723.5127176006206,723.5127176006206,723.5127176006206,723.5127176006206,723.5127176006206,723.5127176006206,723.5127176006206,723.5127176006206,723.5127176006206,723.5127176006206,723.5127176006206,723.5127176006206,723.5127176006206,723.5127176006206,723.5127176006206,723.5127176006206,723.5127176006206,723.5127176006206,723.5127176006206,723.5127176006206,723.5127176006206,723.5127176006206,723.5127176006206,723.5127176006206,723.5127176006206,723.5127176006206,723.5127176006206,723.5127176006206,723.5127176006206,723.5127176006206,723.5127176006206,723.5127176006206,723.5127176006206,723.5127176006206,723.5127176006206,723.5127176006206,723.5127176006206,723.5127176006206,723.5127176006206,723.5127176006206,723.5127176006206,723.5127176006206,723.5127176006206,723.5127176006206,723.5127176006206,723.5127176006206,723.5127176006206,723.5127176006206,723.5127176006206,723.5127176006206,723.5127176006206,723.5127176006206,723.5127176006206,723.5127176006206,723.5127176006206,723.5127176006206,723.5127176006206,723.5127176006206,723.5127176006206,723.5127176006206,723.5127176006206,723.5127176006206,723.5127176006206,723.5127176006206,723.5127176006206,723.5127176006206,723.5127176006206,723.5127176006206,723.5127176006206,723.5127176006206,723.5127176006206,723.5127176006206,723.5127176006206,723.5127176006206,723.5127176006206,723.5127176006206,723.5127176006206,723.5127176006206,723.5127176006206,723.5127176006206,723.5127176006206,723.5127176006206,723.5127176006206,723.5127176006206,723.5127176006206,723.5127176006206,723.5127176006206,723.5127176006206,723.5127176006206,723.5127176006206,723.5127176006206,723.5127176006206]"
RC101,25,QPSO,0,781.0572690166763,1.0851083000015933,293,True,301,"[1294.8162730652034,1275.284645824715,1241.442382198756,1210.4880562101205,1210.4880562101205,1210.4880562101205,1210.4880562101205,1210.4880562101205,1167.9655343331797,1167.9655343331797,1167.9655343331797,1167.9655343331797,1167.9655343331797,1161.3471907758262,1161.3471907758262,1145.2047515162058,1145.2047515162058,1101.1168245288306,1101.1168245288306,1101.1168245288306,1101.1168245288306,1101.1168245288306,1101.1168245288306,1101.1168245288306,1101.1168245288306,1101.1168245288306,1101.1168245288306,1101.1168245288306,1101.1168245288306,1101.1168245288306,1101.1168245288306,1101.1168245288306,1101.1168245288306,1101.1168245288306,1101.1168245288306,1101.1168245288306,1026.4720594992345,1026.4720594992345,1026.4720594992345,1026.4720594992345,1026.4720594992345,1026.4720594992345,1026.4720594992345,1026.4720594992345,1026.4720594992345,1026.4720594992345,1026.4720594992345,1026.4720594992345,1026.4720594992345,1026.4720594992345,1026.4720594992345,1026.4720594992345,1026.4720594992345,1026.4720594992345,1026.4720594992345,1026.4720594992345,1026.4720594992345,1026.4720594992345,1026.4720594992345,1026.4720594992345,1026.4720594992345,1026.4720594992345,1026.4720594992345,1026.4720594992345,1026.4720594992345,1026.4720594992345,1026.4720594992345,1026.4720594992345,1026.4720594992345,1026.4720594992345,1026.4720594992345,1026.4720594992345,1026.4720594992345,1026.4720594992345,1026.4720594992345,1026.4720594992345,1026.4720594992345,1026.4720594992345,1026.4720594992345,1026.4720594992345,1026.4720594992345,1026.4720594992345,1026.4720594992345,1026.4720594992345,1026.4720594992345,1026.4720594992345,1026.4720594992345,1026.4720594992345,1026.4720594992345,1026.4720594992345,1026.4720594992345,1026.4720594992345,1026.4720594992345,1026.4720594992345,1026.4720594992345,1026.4720594992345,1026.4720594992345,1026.4720594992345,1026.4720594992345,1026.4720594992345,1026.4720594992345,1026.4720594992345,1026.4720594992345,1026.4720594992345,1026.4720594992345,1026.4720594992345,1026.4720594992345,1026.4720594992345,1026.4720594992345,1026.4720594992345,1026.4720594992345,1026.4720594992345,1026.4720594992345,1026.4720594992345,1026.4720594992345,1026.4720594992345,1026.4720594992345,1026.4720594992345,1026.4720594992345,1026.4720594992345,1026.4720594992345,1026.4720594992345,1026.4720594992345,1026.4720594992345,1026.4720594992345,1026.4720594992345,1026.4720594992345,1026.4720594992345,1026.4720594992345,1026.4720594992345,1026.4720594992345,1026.4720594992345,1026.4720594992345,1026.4720594992345,1026.4720594992345,1026.4720594992345,1026.4720594992345,1026.4720594992345,1026.4720594992345,1026.4720594992345,1026.4720594992345,1026.4720594992345,1026.4720594992345,1026.4720594992345,1026.4720594992345,1026.4720594992345,1026.4720594992345,1026.4720594992345,1026.4720594992345,1026.4720594992345,1026.4720594992345,1026.4720594992345,1026.4720594992345,1026.4720594992345,1026.4720594992345,1026.4720594992345,1026.4720594992345,1026.4720594992345,1026.4720594992345,1026.4720594992345,1026.4720594992345,1026.4720594992345,1026.4720594992345,1026.4720594992345,1026.4720594992345,1026.4720594992345,1026.4720594992345,1026.4720594992345,1026.4720594992345,1026.4720594992345,985.2298448364086,985.2298448364086,985.2298448364086,985.2298448364086,985.2298448364086,985.2298448364086,985.2298448364086,985.2298448364086,985.2298448364086,985.2298448364086,985.2298448364086,985.2298448364086,985.2298448364086,985.2298448364086,985.2298448364086,985.2298448364086,985.2298448364086,985.2298448364086,985.2298448364086,985.2298448364086,950.9214968151339,945.3130426110093,945.3130426110093,945.3130426110093,945.3130426110093,945.3130426110093,945.3130426110093,945.3130426110093,945.3130426110093,945.3130426110093,945.3130426110093,945.3130426110093,945.3130426110093,945.3130426110093,945.3130426110093,945.3130426110093,945.3130426110093,945.3130426110093,945.3130426110093,945.3130426110093,945.3130426110093,945.3130426110093,945.3130426110093,945.3130426110093,945.3130426110093,945.3130426110093,945.3130426110093,945.3130426110093,945.3130426110093,945.3130426110093,945.3130426110093,945.3130426110093,945.3130426110093,945.3130426110093,945.3130426110093,945.3130426110093,945.3130426110093,945.3130426110093,945.3130426110093,945.3130426110093,945.3130426110093,860.7567312075055,860.7567312075055,860.7567312075055,860.7567312075055,860.7567312075055,860.7567312075055,860.7567312075055,860.7567312075055,860.7567312075055,860.7567312075055,860.7567312075055,860.7567312075055,860.7567312075055,860.7567312075055,860.7567312075055,860.7567312075055,860.7567312075055,860.7567312075055,860.7567312075055,860.7567312075055,860.7567312075055,860.7567312075055,860.7567312075055,860.7567312075055,860.7567312075055,860.7567312075055,860.7567312075055,860.7567312075055,860.7567312075055,860.7567312075055,860.7567312075055,860.7567312075055,860.7567312075055,860.7567312075055,860.7567312075055,860.7567312075055,860.7567312075055,860.7567312075055,860.7567312075055,860.7567312075055,860.7567312075055,860.7567312075055,860.7567312075055,860.7567312075055,860.7567312075055,860.7567312075055,860.7567312075055,860.7567312075055,860.7567312075055,860.7567312075055,860.7567312075055,860.7567312075055,860.7567312075055,860.7567312075055,860.7567312075055,860.7567312075055,860.7567312075055,860.7567312075055,860.7567312075055,860.7567312075055,860.7567312075055,845.1647642288685,781.0572690166763,781.0572690166763,781.0572690166763,781.0572690166763,781.0572690166763,781.0572690166763,781.0572690166763,781.0572690166763]"
RC101,25,QPSO,1,993.0658703776476,1.017319700011285,2,True,301,"[1229.0723705291844,1229.0723705291844,993.0658703776476,993.0658703776476,993.0658703776476,993.0658703776476,993.0658703776476,993.0658703776476,993.0658703776476,993.0658703776476,993.0658703776476,993.0658703776476,993.0658703776476,993.0658703776476,993.0658703776476,993.0658703776476,993.0658703776476,993.0658703776476,993.0658703776476,993.0658703776476,993.0658703776476,993.0658703776476,993.0658703776476,993.0658703776476,993.0658703776476,993.0658703776476,993.0658703776476,993.0658703776476,993.0658703776476,993.0658703776476,993.0658703776476,993.0658703776476,993.0658703776476,993.0658703776476,993.0658703776476,993.0658703776476,993.0658703776476,993.0658703776476,993.0658703776476,993.0658703776476,993.0658703776476,993.0658703776476,993.0658703776476,993.0658703776476,993.0658703776476,993.0658703776476,993.0658703776476,993.0658703776476,993.0658703776476,993.0658703776476,993.0658703776476,993.0658703776476,993.0658703776476,993.0658703776476,993.0658703776476,993.0658703776476,993.0658703776476,993.0658703776476,993.0658703776476,993.0658703776476,993.0658703776476,993.0658703776476,993.0658703776476,993.0658703776476,993.0658703776476,993.0658703776476,993.0658703776476,993.0658703776476,993.0658703776476,993.0658703776476,993.0658703776476,993.0658703776476,993.0658703776476,993.0658703776476,993.0658703776476,993.0658703776476,993.0658703776476,993.0658703776476,993.0658703776476,993.0658703776476,993.0658703776476,993.0658703776476,993.0658703776476,993.0658703776476,993.0658703776476,993.0658703776476,993.0658703776476,993.0658703776476,993.0658703776476,993.0658703776476,993.0658703776476,993.0658703776476,993.0658703776476,993.0658703776476,993.0658703776476,993.0658703776476,993.0658703776476,993.0658703776476,993.0658703776476,993.0658703776476,993.0658703776476,993.0658703776476,993.0658703776476,993.0658703776476,993.0658703776476,993.0658703776476,993.0658703776476,993.0658703776476,993.0658703776476,993.0658703776476,993.0658703776476,993.0658703776476,993.0658703776476,993.0658703776476,993.0658703776476,993.0658703776476,993.0658703776476,993.0658703776476,993.0658703776476,993.0658703776476,993.0658703776476,993.0658703776476,993.0658703776476,993.0658703776476,993.0658703776476,993.0658703776476,993.0658703776476,993.0658703776476,993.0658703776476,993.0658703776476,993.0658703776476,993.0658703776476,993.0658703776476,993.0658703776476,993.0658703776476,993.0658703776476,993.0658703776476,993.0658703776476,993.0658703776476,993.0658703776476,993.0658703776476,993.0658703776476,993.0658703776476,993.0658703776476,993.0658703776476,993.0658703776476,993.0658703776476,993.0658703776476,993.0658703776476,993.0658703776476,993.0658703776476,993.0658703776476,993.0658703776476,993.0658703776476,993.0658703776476,993.0658703776476,993.0658703776476,993.0658703776476,993.0658703776476,993.0658703776476,993.0658703776476,993.0658703776476,993.0658703776476,993.0658703776476,993.0658703776476,993.0658703776476,993.0658703776476,993.0658703776476,993.0658703776476,993.0658703776476,993.0658703776476,993.0658703776476,993.0658703776476,993.0658703776476,993.0658703776476,993.0658703776476,993.0658703776476,993.0658703776476,993.0658703776476,993.0658703776476,993.0658703776476,993.0658703776476,993.0658703776476,993.0658703776476,993.0658703776476,993.0658703776476,993.0658703776476,993.0658703776476,993.0658703776476,993.0658703776476,993.0658703776476,993.0658703776476,993.0658703776476,993.0658703776476,993.0658703776476,993.0658703776476,993.0658703776476,993.0658703776476,993.0658703776476,993.0658703776476,993.0658703776476,993.0658703776476,993.0658703776476,993.0658703776476,993.0658703776476,993.0658703776476,993.0658703776476,993.0658703776476,993.0658703776476,993.0658703776476,993.0658703776476,993.0658703776476,993.0658703776476,993.0658703776476,993.0658703776476,993.0658703776476,993.0658703776476,993.0658703776476,993.0658703776476,993.0658703776476,993.0658703776476,993.0658703776476,993.0658703776476,993.0658703776476,993.0658703776476,993.0658703776476,993.0658703776476,993.0658703776476,993.0658703776476,993.0658703776476,993.0658703776476,993.0658703776476,993.0658703776476,993.0658703776476,993.0658703776476,993.0658703776476,993.0658703776476,993.0658703776476,993.0658703776476,993.0658703776476,993.0658703776476,993.0658703776476,993.0658703776476,993.0658703776476,993.0658703776476,993.0658703776476,993.0658703776476,993.0658703776476,993.0658703776476,993.0658703776476,993.0658703776476,993.0658703776476,993.0658703776476,993.0658703776476,993.0658703776476,993.0658703776476,993.0658703776476,993.0658703776476,993.0658703776476,993.0658703776476,993.0658703776476,993.0658703776476,993.0658703776476,993.0658703776476,993.0658703776476,993.0658703776476,993.0658703776476,993.0658703776476,993.0658703776476,993.0658703776476,993.0658703776476,993.0658703776476,993.0658703776476,993.0658703776476,993.0658703776476,993.0658703776476,993.0658703776476,993.0658703776476,993.0658703776476,993.0658703776476,993.0658703776476,993.0658703776476,993.0658703776476,993.0658703776476,993.0658703776476,993.0658703776476,993.0658703776476,993.0658703776476,993.0658703776476,993.0658703776476,993.0658703776476,993.0658703776476,993.0658703776476,993.0658703776476,993.0658703776476,993.0658703776476,993.0658703776476,993.0658703776476,993.0658703776476,993.0658703776476,993.0658703776476]"
RC101,25,QPSO,2,918.4457310264263,1.0219298000156414,211,True,301,"[1311.9934959317827,1311.9934959317827,1113.5576723488548,1113.5576723488548,1113.5576723488548,1113.5576723488548,1113.5576723488548,1113.5576723488548,1113.5576723488548,1110.5049847051398,1110.5049847051398,1110.5049847051398,1110.5049847051398,1110.5049847051398,1110.5049847051398,1110.5049847051398,1110.5049847051398,1110.5049847051398,1110.5049847051398,1110.5049847051398,1110.5049847051398,1110.5049847051398,1091.3363459357913,1091.3363459357913,1056.588101465489,1056.588101465489,1056.588101465489,1056.588101465489,1056.588101465489,1056.588101465489,1056.588101465489,1056.588101465489,1056.588101465489,1056.588101465489,1056.588101465489,1056.117520143575,1056.117520143575,1056.117520143575,1056.117520143575,1056.117520143575,1056.117520143575,1056.117520143575,1056.117520143575,1056.117520143575,1056.117520143575,1056.117520143575,1056.117520143575,1056.117520143575,1056.117520143575,1056.117520143575,1056.117520143575,1056.117520143575,1056.117520143575,1056.117520143575,1056.117520143575,1056.117520143575,1056.117520143575,1056.117520143575,1056.117520143575,1056.117520143575,1056.117520143575,1056.117520143575,1056.117520143575,1056.117520143575,1056.117520143575,1056.117520143575,1056.117520143575,1056.117520143575,1056.117520143575,1056.117520143575,1056.117520143575,1056.117520143575,1056.117520143575,1056.117520143575,1056.117520143575,1056.117520143575,1056.117520143575,1056.117520143575,1056.117520143575,1056.117520143575,1056.117520143575,1056.117520143575,1056.117520143575,1056.117520143575,1056.117520143575,1056.117520143575,1056.117520143575,1056.117520143575,1056.117520143575,1056.117520143575,1056.117520143575,1056.117520143575,1056.117520143575,1056.117520143575,1056.117520143575,1056.117520143575,1056.117520143575,1056.117520143575,1056.117520143575,1056.117520143575,1056.117520143575,1056.117520143575,1056.117520143575,1056.117520143575,1056.117520143575,1056.117520143575,1056.117520143575,1056.117520143575,1056.117520143575,1056.117520143575,1056.117520143575,1056.117520143575,1056.117520143575,1056.117520143575,1056.117520143575,1056.117520143575,1056.117520143575,1056.117520143575,1056.117520143575,1056.117520143575,1056.117520143575,1056.117520143575,1056.117520143575,1056.117520143575,1056.117520143575,1056.117520143575,1056.117520143575,1056.117520143575,1056.117520143575,1056.117520143575,1056.117520143575,1056.117520143575,1056.117520143575,1056.117520143575,1056.117520143575,1056.117520143575,1056.117520143575,1056.117520143575,1056.117520143575,1056.117520143575,1056.117520143575,1056.117520143575,1056.117520143575,1056.117520143575,1056.117520143575,1056.117520143575,1056.117520143575,1056.117520143575,1056.117520143575,1056.117520143575,1056.117520143575,1056.117520143575,1056.117520143575,1056.117520143575,1056.117520143575,1056.117520143575,1056.117520143575,1018.2541072140982,1018.2541072140982,1018.2541072140982,1018.2541072140982,1018.2541072140982,1018.2541072140982,1018.2541072140982,1018.2541072140982,1018.2541072140982,1018.2541072140982,1018.2541072140982,1018.2541072140982,1018.2541072140982,1018.2541072140982,1018.2541072140982,1018.2541072140982,1018.2541072140982,1018.2541072140982,1018.2541072140982,1018.2541072140982,1018.2541072140982,1018.2541072140982,1018.2541072140982,1018.2541072140982,1018.2541072140982,1018.2541072140982,1018.2541072140982,1018.2541072140982,1018.2541072140982,1018.2541072140982,1018.2541072140982,1018.2541072140982,1018.2541072140982,1018.2541072140982,1018.2541072140982,1018.2541072140982,1018.2541072140982,1018.2541072140982,1018.2541072140982,1018.2541072140982,1018.2541072140982,1018.2541072140982,1018.2541072140982,1018.2541072140982,1018.2541072140982,1018.2541072140982,1018.2541072140982,1002.0891830500473,1002.0891830500473,1002.0891830500473,1002.0891830500473,1002.0891830500473,1002.0891830500473,1002.0891830500473,918.4457310264263,918.4457310264263,918.4457310264263,918.4457310264263,918.4457310264263,918.4457310264263,918.4457310264263,918.4457310264263,918.4457310264263,918.4457310264263,918.4457310264263,918.4457310264263,918.4457310264263,918.4457310264263,918.4457310264263,918.4457310264263,918.4457310264263,918.4457310264263,918.4457310264263,918.4457310264263,918.4457310264263,918.4457310264263,918.4457310264263,918.4457310264263,918.4457310264263,918.4457310264263,918.4457310264263,918.4457310264263,918.4457310264263,918.4457310264263,918.4457310264263,918.4457310264263,918.4457310264263,918.4457310264263,918.4457310264263,918.4457310264263,918.4457310264263,918.4457310264263,918.4457310264263,918.4457310264263,918.4457310264263,918.4457310264263,918.4457310264263,918.4457310264263,918.4457310264263,918.4457310264263,918.4457310264263,918.4457310264263,918.4457310264263,918.4457310264263,918.4457310264263,918.4457310264263,918.4457310264263,918.4457310264263,918.4457310264263,918.4457310264263,918.4457310264263,918.4457310264263,918.4457310264263,918.4457310264263,918.4457310264263,918.4457310264263,918.4457310264263,918.4457310264263,918.4457310264263,918.4457310264263,918.4457310264263,918.4457310264263,918.4457310264263,918.4457310264263,918.4457310264263,918.4457310264263,918.4457310264263,918.4457310264263,918.4457310264263,918.4457310264263,918.4457310264263,918.4457310264263,918.4457310264263,918.4457310264263,918.4457310264263,918.4457310264263,918.4457310264263,918.4457310264263,918.4457310264263,918.4457310264263,918.4457310264263,918.4457310264263,918.4457310264263,918.4457310264263]"
RC101,25,QPSO,3,647.7328658619359,0.9179128999821842,300,True,301,"[1219.009790887423,1219.009790887423,1215.840965814575,1102.7238491777941,1102.7238491777941,1102.7238491777941,1102.7238491777941,1102.7238491777941,1102.7238491777941,1102.7238491777941,1102.7238491777941,1102.7238491777941,1102.7238491777941,1102.7238491777941,1102.7238491777941,1102.7238491777941,1102.7238491777941,1102.7238491777941,1102.7238491777941,1102.7238491777941,1102.7238491777941,1102.7238491777941,1102.7238491777941,1102.7238491777941,1102.7238491777941,1102.7238491777941,1102.7238491777941,1102.7238491777941,1102.7238491777941,1102.7238491777941,1102.7238491777941,1102.7238491777941,1102.7238491777941,1102.7238491777941,1102.7238491777941,1102.7238491777941,1102.7238491777941,1102.7238491777941,1102.7238491777941,1102.7238491777941,1102.7238491777941,1102.7238491777941,1102.7238491777941,1102.7238491777941,1102.7238491777941,1102.7238491777941,1102.7238491777941,1102.7238491777941,1102.7238491777941,1102.7238491777941,1102.7238491777941,1102.7238491777941,1102.7238491777941,1102.7238491777941,1102.7238491777941,1102.7238491777941,1102.7238491777941,1102.7238491777941,1097.433392932147,1097.433392932147,1097.433392932147,1097.433392932147,1097.433392932147,1097.433392932147,1097.433392932147,1097.433392932147,1097.433392932147,1097.433392932147,1097.433392932147,1097.433392932147,1097.433392932147,1097.433392932147,1097.433392932147,1097.433392932147,1097.433392932147,1097.433392932147,1097.433392932147,1097.433392932147,1097.433392932147,1097.433392932147,1097.433392932147,1097.433392932147,1097.433392932147,1097.433392932147,1097.433392932147,1097.433392932147,1097.433392932147,1082.076020333972,1082.076020333972,1082.076020333972,1082.076020333972,1082.076020333972,1082.076020333972,1082.076020333972,1082.076020333972,1082.076020333972,1082.076020333972,1082.076020333972,984.6705434726852,984.6705434726852,984.6705434726852,984.6705434726852,984.6705434726852,984.6705434726852,984.6705434726852,984.6705434726852,984.6705434726852,984.6705434726852,984.6705434726852,984.6705434726852,984.6705434726852,984.6705434726852,984.6705434726852,984.6705434726852,984.6705434726852,984.6705434726852,984.6705434726852,984.6705434726852,984.6705434726852,984.6705434726852,984.6705434726852,984.6705434726852,984.6705434726852,984.6705434726852,984.6705434726852,984.6705434726852,984.6705434726852,984.6705434726852,984.6705434726852,984.6705434726852,984.6705434726852,984.6705434726852,954.9323031893805,954.9323031893805,954.9323031893805,954.9323031893805,954.9323031893805,954.9323031893805,954.9323031893805,954.9323031893805,954.9323031893805,954.9323031893805,954.9323031893805,954.9323031893805,954.9323031893805,954.9323031893805,954.9323031893805,954.9323031893805,954.9323031893805,954.9323031893805,954.9323031893805,954.9323031893805,954.9323031893805,954.9323031893805,954.9323031893805,954.9323031893805,954.9323031893805,954.9323031893805,954.9323031893805,954.9323031893805,954.9323031893805,954.9323031893805,954.9323031893805,954.9323031893805,897.9374582111082,897.9374582111082,897.9374582111082,897.9374582111082,897.9374582111082,897.9374582111082,897.9374582111082,897.9374582111082,897.9374582111082,897.9374582111082,897.9374582111082,897.9374582111082,897.9374582111082,897.9374582111082,897.9374582111082,897.9374582111082,842.0391378532602,842.0391378532602,842.0391378532602,842.0391378532602,842.0391378532602,842.0391378532602,842.0391378532602,842.0391378532602,842.0391378532602,842.0391378532602,842.0391378532602,842.0391378532602,842.0391378532602,842.0391378532602,842.0391378532602,842.0391378532602,842.0391378532602,842.0391378532602,842.0391378532602,842.0391378532602,842.0391378532602,842.0391378532602,842.0391378532602,842.0391378532602,842.0391378532602,842.0391378532602,842.0391378532602,842.0391378532602,842.0391378532602,842.0391378532602,842.0391378532602,842.0391378532602,842.0391378532602,842.0391378532602,842.0391378532602,842.0391378532602,842.0391378532602,842.0391378532602,842.0391378532602,842.0391378532602,842.0391378532602,842.0391378532602,842.0391378532602,842.0391378532602,842.0391378532602,842.0391378532602,842.0391378532602,842.0391378532602,842.0391378532602,842.0391378532602,842.0391378532602,842.0391378532602,842.0391378532602,842.0391378532602,842.0391378532602,842.0391378532602,842.0391378532602,842.0391378532602,842.0391378532602,768.7871159405205,768.7871159405205,768.7871159405205,768.7871159405205,768.7871159405205,768.7871159405205,768.7871159405205,768.7871159405205,768.7871159405205,768.7871159405205,768.7871159405205,768.7871159405205,768.7871159405205,768.7871159405205,768.7871159405205,768.7871159405205,768.7871159405205,768.7871159405205,768.7871159405205,768.7871159405205,768.7871159405205,768.7871159405205,768.7871159405205,768.7871159405205,768.7871159405205,768.7871159405205,768.7871159405205,768.7871159405205,768.7871159405205,749.8185438934435,718.2925371084242,718.2925371084242,718.2925371084242,716.63418746448,716.63418746448,716.63418746448,716.63418746448,708.7092055505461,708.7092055505461,708.7092055505461,708.7092055505461,708.7092055505461,708.7092055505461,705.8047630317094,705.8047630317094,705.8047630317094,705.8047630317094,702.5844502900467,702.5844502900467,702.5844502900467,702.5844502900467,700.6288728082676,700.6288728082676,667.22999711579,667.22999711579,667.22999711579,667.22999711579,667.22999711579,667.22999711579,667.22999711579,666.8693581340084,647.7328658619359]"
RC101,25,QPSO,4,655.4944007896257,0.9865596999879926,271,True,301,"[1231.8520938448055,1231.8520938448055,1171.469718000998,1171.469718000998,1171.469718000998,1171.469718000998,1171.469718000998,1171.469718000998,1171.469718000998,1171.469718000998,1171.469718000998,1161.2128756678621,1161.2128756678621,1161.2128756678621,1161.2128756678621,1161.2128756678621,1161.2128756678621,1161.2128756678621,1161.2128756678621,1142.7559468569425,1142.7559468569425,1142.7559468569425,1142.7559468569425,1142.7559468569425,1142.7559468569425,1142.7559468569425,1142.7559468569425,1142.7559468569425,1142.7559468569425,1142.7559468569425,1142.7559468569425,1142.7559468569425,1142.7559468569425,1142.7559468569425,1142.7559468569425,1142.7559468569425,1126.1906453263464,1126.1906453263464,1126.1906453263464,1117.5015022545008,1117.5015022545008,1117.5015022545008,1080.582493708256,1080.582493708256,1080.582493708256,1080.582493708256,1080.582493708256,1080.582493708256,1080.582493708256,1080.582493708256,1080.582493708256,1080.582493708256,1080.582493708256,1080.582493708256,1033.542757689147,1033.542757689147,1033.542757689147,1033.542757689147,1033.542757689147,1033.542757689147,1033.542757689147,1033.542757689147,1033.542757689147,1033.542757689147,1033.542757689147,1033.542757689147,1033.542757689147,1033.542757689147,1033.542757689147,974.4056237547113,974.4056237547113,974.4056237547113,974.4056237547113,974.4056237547113,974.4056237547113,974.4056237547113,974.4056237547113,974.4056237547113,974.4056237547113,974.4056237547113,974.4056237547113,974.4056237547113,974.4056237547113,974.4056237547113,974.4056237547113,974.4056237547113,974.4056237547113,974.4056237547113,974.4056237547113,974.4056237547113,974.4056237547113,974.4056237547113,974.4056237547113,974.4056237547113,974.4056237547113,974.4056237547113,974.4056237547113,974.4056237547113,974.4056237547113,974.4056237547113,974.4056237547113,974.4056237547113,974.4056237547113,974.4056237547113,974.4056237547113,974.4056237547113,974.4056237547113,974.4056237547113,974.4056237547113,974.4056237547113,974.4056237547113,974.4056237547113,974.4056237547113,974.4056237547113,974.4056237547113,974.4056237547113,974.4056237547113,974.4056237547113,974.4056237547113,974.4056237547113,974.4056237547113,974.4056237547113,974.4056237547113,974.4056237547113,974.4056237547113,974.4056237547113,974.4056237547113,974.4056237547113,974.4056237547113,974.4056237547113,974.4056237547113,974.4056237547113,974.4056237547113,974.4056237547113,974.4056237547113,974.4056237547113,974.4056237547113,974.4056237547113,974.4056237547113,974.4056237547113,974.4056237547113,974.4056237547113,974.4056237547113,974.4056237547113,974.4056237547113,974.4056237547113,974.4056237547113,974.4056237547113,974.4056237547113,974.4056237547113,974.4056237547113,974.4056237547113,946.7749043077802,946.7749043077802,946.7749043077802,946.7749043077802,946.7749043077802,946.7749043077802,946.7749043077802,946.7749043077802,946.7749043077802,946.7749043077802,946.7749043077802,946.7749043077802,946.7749043077802,946.7749043077802,946.7749043077802,946.7749043077802,946.7749043077802,934.5501520853134,934.5501520853134,934.5501520853134,934.5501520853134,934.5501520853134,934.5501520853134,934.5501520853134,934.5501520853134,934.5501520853134,934.5501520853134,934.5501520853134,934.5501520853134,934.5501520853134,934.5501520853134,934.5501520853134,934.5501520853134,934.5501520853134,934.5501520853134,934.5501520853134,934.5501520853134,934.5501520853134,934.5501520853134,934.5501520853134,934.5501520853134,934.5501520853134,934.5501520853134,934.5501520853134,934.5501520853134,934.5501520853134,934.5501520853134,934.5501520853134,920.1602095516142,920.1602095516142,920.1602095516142,920.1602095516142,920.1602095516142,920.1602095516142,920.1602095516142,920.1602095516142,920.1602095516142,819.6884782136335,819.6884782136335,819.6884782136335,819.6884782136335,819.6884782136335,819.6884782136335,819.6884782136335,819.6884782136335,819.6884782136335,819.6884782136335,819.6884782136335,819.6884782136335,819.6884782136335,811.0194707843204,811.0194707843204,811.0194707843204,811.0194707843204,811.0194707843204,811.0194707843204,811.0194707843204,811.0194707843204,811.0194707843204,811.0194707843204,811.0194707843204,811.0194707843204,811.0194707843204,811.0194707843204,811.0194707843204,811.0194707843204,811.0194707843204,747.8943054390807,747.8943054390807,747.8943054390807,747.8943054390807,747.0200245364667,747.0200245364667,747.0200245364667,747.0200245364667,747.0200245364667,747.0200245364667,737.9504792711552,737.9504792711552,737.9504792711552,730.7665729773393,729.5575136264875,729.5575136264875,729.5575136264875,729.5575136264875,729.5575136264875,729.5575136264875,726.6778943602787,726.6778943602787,726.6778943602787,726.6778943602787,726.6778943602787,726.6778943602787,726.6778943602787,726.6778943602787,726.6778943602787,726.6778943602787,715.2078180585119,715.2078180585119,655.4944007896257,655.4944007896257,655.4944007896257,655.4944007896257,655.4944007896257,655.4944007896257,655.4944007896257,655.4944007896257,655.4944007896257,655.4944007896257,655.4944007896257,655.4944007896257,655.4944007896257,655.4944007896257,655.4944007896257,655.4944007896257,655.4944007896257,655.4944007896257,655.4944007896257,655.4944007896257,655.4944007896257,655.4944007896257,655.4944007896257,655.4944007896257,655.4944007896257,655.4944007896257,655.4944007896257,655.4944007896257,655.4944007896257,655.4944007896257]"
RC101,25,QPSO,5,676.3835033139488,1.0303521000023466,299,True,301,"[1235.015692684909,1235.015692684909,1235.015692684909,1172.3969321784366,1172.3969321784366,1172.3969321784366,1172.3969321784366,1172.3969321784366,1172.3969321784366,1172.3969321784366,1172.3969321784366,1172.3969321784366,1172.3969321784366,1172.3969321784366,1133.3626018300297,1133.3626018300297,1133.3626018300297,1133.3626018300297,1133.3626018300297,1133.150992986343,1133.150992986343,1133.150992986343,1133.150992986343,1128.9574644564523,1128.9574644564523,1128.9574644564523,1128.9574644564523,1128.9574644564523,1128.9574644564523,1128.9574644564523,1128.9574644564523,1128.9574644564523,1090.0825795553303,1090.0825795553303,1090.0825795553303,1090.0825795553303,1090.0825795553303,1090.0825795553303,1090.0825795553303,1090.0825795553303,1090.0825795553303,1090.0825795553303,1090.0825795553303,1090.0825795553303,1090.0825795553303,1090.0825795553303,1090.0825795553303,1090.0825795553303,1090.0825795553303,1090.0825795553303,1090.0825795553303,1090.0825795553303,1090.0825795553303,1090.0825795553303,1090.0825795553303,1090.0825795553303,1090.0825795553303,1090.0825795553303,1090.0825795553303,1090.0825795553303,1090.0825795553303,1090.0825795553303,1090.0825795553303,1090.0825795553303,1090.0825795553303,1085.6266375275397,1085.6266375275397,1085.6266375275397,1069.3696581323334,1069.3696581323334,1069.3696581323334,1069.3696581323334,1069.3696581323334,1069.3696581323334,1069.3696581323334,1069.3696581323334,1069.3696581323334,1069.3696581323334,1069.3696581323334,1069.3696581323334,1069.3696581323334,1069.3696581323334,1069.3696581323334,1069.3696581323334,1069.3696581323334,1048.070445574175,1048.070445574175,1048.070445574175,1048.070445574175,1048.070445574175,1048.070445574175,1048.070445574175,1048.070445574175,1048.070445574175,1048.070445574175,1048.070445574175,1048.070445574175,1048.070445574175,1048.070445574175,1048.070445574175,1048.070445574175,1048.070445574175,1048.070445574175,1048.070445574175,1048.070445574175,1048.070445574175,1048.070445574175,1048.070445574175,1048.070445574175,1048.070445574175,1048.070445574175,1048.070445574175,1048.070445574175,1048.070445574175,1048.070445574175,1048.070445574175,1048.070445574175,1048.070445574175,1048.070445574175,1048.070445574175,1048.070445574175,1048.070445574175,994.6870306040221,994.6870306040221,994.6870306040221,994.6870306040221,994.6870306040221,994.6870306040221,994.6870306040221,994.6870306040221,994.6870306040221,994.6870306040221,989.4659375499209,989.4659375499209,989.4659375499209,989.4659375499209,989.4659375499209,989.4659375499209,989.4659375499209,989.4659375499209,989.4659375499209,989.4659375499209,989.4659375499209,989.4659375499209,989.4659375499209,989.4659375499209,989.4659375499209,989.4659375499209,989.4659375499209,989.4659375499209,989.4659375499209,989.4659375499209,989.4659375499209,989.4659375499209,989.4659375499209,989.4659375499209,942.2234651620031,942.2234651620031,942.2234651620031,942.2234651620031,942.2234651620031,942.2234651620031,942.2234651620031,942.2234651620031,942.2234651620031,942.2234651620031,942.2234651620031,942.2234651620031,942.2234651620031,942.2234651620031,942.2234651620031,942.2234651620031,942.2234651620031,942.2234651620031,942.2234651620031,942.2234651620031,942.2234651620031,942.2234651620031,942.2234651620031,942.2234651620031,942.2234651620031,942.2234651620031,942.2234651620031,942.2234651620031,942.2234651620031,942.2234651620031,932.1348987419126,912.9556702232043,912.9556702232043,912.9556702232043,912.9556702232043,912.9556702232043,912.9556702232043,912.9556702232043,912.9556702232043,912.9556702232043,912.9556702232043,891.5835207838528,891.5835207838528,891.5835207838528,891.5835207838528,871.0554505039443,871.0554505039443,871.0554505039443,871.0554505039443,871.0554505039443,871.0554505039443,871.0554505039443,871.0554505039443,871.0554505039443,871.0554505039443,871.0554505039443,871.0554505039443,871.0554505039443,871.0554505039443,871.0554505039443,871.0554505039443,871.0554505039443,844.3892107533584,844.3892107533584,844.3892107533584,844.3892107533584,844.3892107533584,844.3892107533584,844.3892107533584,823.0638852416,823.0638852416,823.0638852416,823.0638852416,823.0638852416,823.0638852416,823.0638852416,823.0638852416,796.5669038702231,796.5669038702231,796.5669038702231,796.5669038702231,796.5669038702231,796.5669038702231,796.5669038702231,796.5669038702231,796.5669038702231,796.5669038702231,796.5669038702231,796.5669038702231,796.5669038702231,784.2453185448276,784.2453185448276,784.2453185448276,784.2453185448276,784.2453185448276,784.2453185448276,784.2453185448276,769.2430806742916,769.2430806742916,769.2430806742916,769.2430806742916,769.2430806742916,769.2430806742916,769.2430806742916,769.2430806742916,769.2430806742916,769.2430806742916,769.2430806742916,769.2430806742916,769.2430806742916,769.2430806742916,769.2430806742916,769.2430806742916,769.2430806742916,769.2430806742916,769.2430806742916,769.2430806742916,769.2430806742916,769.2430806742916,769.2430806742916,769.2430806742916,769.2430806742916,769.2430806742916,769.2430806742916,769.2430806742916,769.2430806742916,769.2430806742916,769.2430806742916,752.5965574021527,752.5965574021527,752.5965574021527,752.5965574021527,752.5965574021527,752.5965574021527,752.5965574021527,752.5965574021527,695.4581631955241,695.4581631955241,695.4581631955241,677.4229928312208,677.4229928312208,677.4229928312208,677.4229928312208,676.3835033139488,676.3835033139488]"
RC101,25,QPSO,6,594.1539265228608,0.9145790999755263,278,True,301,"[1277.014589156866,1205.9630378142479,1205.9630378142479,1155.4474340142867,1155.4474340142867,1155.4474340142867,1113.6861420528433,1110.1453282253385,1110.1453282253385,1080.7958666786774,1080.7958666786774,1080.7958666786774,1080.7958666786774,1080.7958666786774,1080.7958666786774,1080.7958666786774,1080.7958666786774,1080.7958666786774,1080.7958666786774,1080.7958666786774,1080.7958666786774,1080.7958666786774,1080.7958666786774,1080.7958666786774,1080.7958666786774,1080.7958666786774,1080.7958666786774,1080.7958666786774,1080.7958666786774,1080.7958666786774,1080.7958666786774,1080.7958666786774,1080.7958666786774,1080.7958666786774,1080.7958666786774,1080.7958666786774,1080.7958666786774,1080.7958666786774,1080.7958666786774,1080.7958666786774,1080.7958666786774,1080.7958666786774,1080.7958666786774,1080.7958666786774,1080.7958666786774,1080.7958666786774,1080.7958666786774,1080.7958666786774,1080.7958666786774,1080.7958666786774,1080.7958666786774,1080.7958666786774,1080.7958666786774,1080.7958666786774,1080.7958666786774,1080.7958666786774,1080.7958666786774,1080.7958666786774,1080.7958666786774,1080.7958666786774,1080.7958666786774,1080.7958666786774,1080.7958666786774,1080.7958666786774,1080.7958666786774,1080.7958666786774,1080.7958666786774,1080.7958666786774,1080.7958666786774,1080.7958666786774,1080.7958666786774,1080.7958666786774,1080.7958666786774,1080.7958666786774,1080.7958666786774,1080.7958666786774,1080.7958666786774,1080.7958666786774,1080.7958666786774,1080.7958666786774,1080.7958666786774,1080.7958666786774,1080.7958666786774,1080.7958666786774,1080.7958666786774,1080.7958666786774,1080.7958666786774,1080.7958666786774,1080.7958666786774,1080.7958666786774,1080.7958666786774,1080.7958666786774,1080.7958666786774,1080.7958666786774,1080.7958666786774,1080.7958666786774,1080.7958666786774,1080.7958666786774,1080.7958666786774,1080.7958666786774,1080.7958666786774,1080.7958666786774,1080.7958666786774,1080.7958666786774,1080.7958666786774,1080.7958666786774,1080.7958666786774,1080.7958666786774,1080.7958666786774,1080.7958666786774,1080.7958666786774,1080.7958666786774,1080.7958666786774,1080.7958666786774,1080.7958666786774,1080.7958666786774,1080.7958666786774,1080.7958666786774,1080.7958666786774,1080.7958666786774,1080.7958666786774,1080.7958666786774,1080.7958666786774,1080.7958666786774,1080.7958666786774,1080.7958666786774,1080.7958666786774,1080.7958666786774,1080.7958666786774,1080.7958666786774,1080.7958666786774,1080.7958666786774,1080.7958666786774,1080.7958666786774,1080.7958666786774,1080.7958666786774,1080.7958666786774,1080.7958666786774,1080.7958666786774,1080.7958666786774,1080.7958666786774,1054.560825022486,1054.560825022486,1054.560825022486,1054.560825022486,1054.560825022486,1054.560825022486,1054.560825022486,1054.560825022486,1050.0803660140782,1050.0803660140782,1050.0803660140782,1050.0803660140782,1050.0803660140782,1028.895962387006,1028.895962387006,1018.0410732097153,989.7624534487692,989.7624534487692,989.7624534487692,989.7624534487692,989.7624534487692,989.7624534487692,989.7624534487692,989.7624534487692,989.7624534487692,989.7624534487692,989.7624534487692,989.7624534487692,989.7624534487692,989.7624534487692,989.7624534487692,989.7624534487692,989.7624534487692,989.7624534487692,989.7624534487692,989.7624534487692,989.7624534487692,980.2409854741287,980.2409854741287,980.2409854741287,980.2409854741287,980.2409854741287,980.2409854741287,980.2409854741287,980.2409854741287,980.2409854741287,980.2409854741287,980.2409854741287,980.2409854741287,980.2409854741287,980.2409854741287,980.2409854741287,966.1739929157023,966.1739929157023,966.1739929157023,966.1739929157023,933.8398364323272,933.8398364323272,933.8398364323272,933.8398364323272,933.8398364323272,933.8398364323272,933.8398364323272,933.8398364323272,901.9134649642031,871.2623253174778,871.2623253174778,856.0280156191365,856.0280156191365,856.0280156191365,856.0280156191365,856.0280156191365,856.0280156191365,856.0280156191365,856.0280156191365,856.0280156191365,843.1586032690162,814.430209016891,814.430209016891,814.430209016891,814.430209016891,814.430209016891,814.430209016891,797.4000303659444,797.4000303659444,797.4000303659444,797.4000303659444,797.4000303659444,797.4000303659444,797.4000303659444,797.4000303659444,743.594724807722,743.594724807722,743.594724807722,743.594724807722,743.594724807722,738.5595940169455,735.6906344058763,735.6906344058763,720.3933627503259,720.3933627503259,698.215944540136,698.215944540136,650.8627721520235,650.8627721520235,650.8627721520235,644.3156380892485,634.3359414291076,634.3359414291076,634.3359414291076,634.3359414291076,634.3359414291076,634.3359414291076,634.3359414291076,621.6748341138172,615.8126738608943,615.8126738608943,609.8619598937661,609.8619598937661,607.7233434128054,607.7233434128054,607.7233434128054,603.3148258309913,603.3148258309913,603.3148258309913,603.3148258309913,603.3148258309913,603.3148258309913,603.3148258309913,601.3592483492121,601.3592483492121,600.104640489989,600.104640489989,600.104640489989,600.104640489989,600.104640489989,600.104640489989,594.1539265228608,594.1539265228608,594.1539265228608,594.1539265228608,594.1539265228608,594.1539265228608,594.1539265228608,594.1539265228608,594.1539265228608,594.1539265228608,594.1539265228608,594.1539265228608,594.1539265228608,594.1539265228608,594.1539265228608,594.1539265228608,594.1539265228608,594.1539265228608,594.1539265228608,594.1539265228608,594.1539265228608,594.1539265228608,594.1539265228608]"
RC101,25,QPSO,7,633.6607997445781,0.99386190000223,300,True,301,"[1214.3402811029048,1214.3402811029048,1214.3402811029048,1214.3402811029048,1214.3402811029048,1214.3402811029048,1080.8377612340312,1080.8377612340312,1080.8377612340312,1080.8377612340312,1080.8377612340312,1080.8377612340312,1080.8377612340312,1080.8377612340312,1080.8377612340312,1080.8377612340312,1080.8377612340312,1080.8377612340312,1080.8377612340312,1080.8377612340312,1080.8377612340312,1080.8377612340312,1063.789721565874,1063.789721565874,1063.789721565874,1063.789721565874,1063.789721565874,1063.789721565874,1063.789721565874,1063.789721565874,1063.789721565874,1041.5767509552509,1041.5767509552509,1041.5767509552509,1041.5767509552509,1041.5767509552509,1041.5767509552509,1041.5767509552509,1041.5767509552509,1041.5767509552509,1041.5767509552509,1041.5767509552509,1041.5767509552509,1041.5767509552509,1041.5767509552509,1041.5767509552509,1041.5767509552509,1041.5767509552509,1041.5767509552509,1041.5767509552509,1041.5767509552509,1041.5767509552509,1041.5767509552509,1041.5767509552509,1041.5767509552509,1041.5767509552509,1041.5767509552509,1041.5767509552509,1041.5767509552509,1041.5767509552509,1041.5767509552509,1041.5767509552509,1041.5767509552509,1041.5767509552509,1041.5767509552509,1041.5767509552509,1041.5767509552509,1041.5767509552509,1041.5767509552509,1041.5767509552509,1041.5767509552509,1041.5767509552509,1041.5767509552509,1041.5767509552509,1041.5767509552509,1041.5767509552509,1041.5767509552509,1041.5767509552509,1041.5767509552509,1041.5767509552509,1041.5767509552509,1041.5767509552509,1041.5767509552509,1041.5767509552509,1041.5767509552509,1041.5767509552509,1041.5767509552509,1041.5767509552509,1041.5767509552509,1041.5767509552509,1041.5767509552509,1041.5767509552509,1041.5767509552509,1041.5767509552509,1041.5767509552509,1041.5767509552509,1041.5767509552509,1041.5767509552509,1041.5767509552509,1041.5767509552509,1041.5767509552509,1041.5767509552509,1041.5767509552509,1041.5767509552509,1041.5767509552509,1041.5767509552509,1041.5767509552509,1041.5767509552509,1041.5767509552509,1041.5767509552509,1041.5767509552509,1041.5767509552509,1041.5767509552509,1041.5767509552509,1041.5767509552509,1041.5767509552509,1041.5767509552509,1019.2554739020155,1019.2554739020155,1019.2554739020155,1019.2554739020155,1019.2554739020155,1019.2554739020155,1019.2554739020155,1019.2554739020155,1019.2554739020155,1019.2554739020155,1019.2554739020155,1019.2554739020155,1019.2554739020155,1019.2554739020155,1019.2554739020155,1019.2554739020155,1019.2554739020155,1019.2554739020155,1019.2554739020155,1019.2554739020155,1019.2554739020155,990.261562849299,990.261562849299,990.261562849299,990.261562849299,990.261562849299,990.261562849299,990.261562849299,990.261562849299,990.261562849299,990.261562849299,990.261562849299,990.261562849299,990.261562849299,990.261562849299,990.261562849299,990.261562849299,990.261562849299,985.0585869587079,985.0585869587079,985.0585869587079,985.0585869587079,985.0585869587079,985.0585869587079,985.0585869587079,985.0585869587079,985.0585869587079,985.0585869587079,985.0585869587079,985.0585869587079,985.0585869587079,985.0585869587079,985.0585869587079,985.0585869587079,851.2099664520765,851.2099664520765,851.2099664520765,851.2099664520765,851.2099664520765,851.2099664520765,851.2099664520765,851.2099664520765,851.2099664520765,851.2099664520765,851.2099664520765,851.2099664520765,851.2099664520765,851.2099664520765,851.2099664520765,851.2099664520765,851.2099664520765,851.2099664520765,851.2099664520765,851.2099664520765,851.2099664520765,851.2099664520765,851.2099664520765,851.2099664520765,851.2099664520765,851.2099664520765,797.0267654536772,797.0267654536772,797.0267654536772,797.0267654536772,797.0267654536772,797.0267654536772,797.0267654536772,797.0267654536772,797.0267654536772,797.0267654536772,797.0267654536772,797.0267654536772,797.0267654536772,797.0267654536772,797.0267654536772,797.0267654536772,797.0267654536772,797.0267654536772,797.0267654536772,797.0267654536772,797.0267654536772,797.0267654536772,797.0267654536772,797.0267654536772,797.0267654536772,797.0267654536772,797.0267654536772,797.0267654536772,797.0267654536772,797.0267654536772,780.7261809918721,780.7261809918721,780.7261809918721,780.7261809918721,780.7261809918721,780.7261809918721,780.7261809918721,780.7261809918721,743.8725339158377,743.8725339158377,743.8725339158377,743.8725339158377,743.8725339158377,743.8725339158377,710.9019621196107,710.9019621196107,710.9019621196107,710.9019621196107,710.9019621196107,710.9019621196107,710.9019621196107,710.9019621196107,710.9019621196107,710.9019621196107,710.9019621196107,710.9019621196107,710.9019621196107,710.9019621196107,710.9019621196107,710.9019621196107,710.9019621196107,710.9019621196107,710.9019621196107,710.3737998089305,710.3737998089305,710.3737998089305,710.3737998089305,710.3737998089305,710.3737998089305,694.6012732735621,694.6012732735621,694.6012732735621,694.6012732735621,694.6012732735621,694.6012732735621,694.6012732735621,694.6012732735621,694.6012732735621,694.6012732735621,684.910012259606,684.910012259606,684.910012259606,684.910012259606,684.910012259606,684.910012259606,684.910012259606,684.910012259606,680.5014946777917,680.5014946777917,680.5014946777917,680.5014946777917,680.5014946777917,680.5014946777917,680.5014946777917,680.5014946777917,680.5014946777917,680.5014946777917,642.1862221698847,642.1862221698847,642.1862221698847,636.3390100444619,636.3390100444619,636.3390100444619,633.6607997445781]"
RC101,25,QPSO,8,931.7762999286068,1.008524300006684,297,True,301,"[1310.6320522271976,1154.6986081682066,1154.6986081682066,1154.6986081682066,1154.6986081682066,1154.6986081682066,1154.6986081682066,1127.4019903168098,1127.4019903168098,1127.4019903168098,1127.4019903168098,1127.4019903168098,1127.4019903168098,1127.4019903168098,1127.4019903168098,1127.4019903168098,1127.4019903168098,1127.4019903168098,1127.4019903168098,1127.4019903168098,1127.4019903168098,1127.4019903168098,1127.4019903168098,1127.4019903168098,1127.4019903168098,1127.4019903168098,1127.4019903168098,1127.4019903168098,1127.4019903168098,1127.4019903168098,1127.4019903168098,1127.4019903168098,1127.4019903168098,1127.4019903168098,1127.4019903168098,1127.4019903168098,1100.2716165452068,1100.2716165452068,1100.2716165452068,1100.2716165452068,1100.2716165452068,1100.2716165452068,1100.2716165452068,1100.2716165452068,1100.2716165452068,1100.2716165452068,1100.2716165452068,1100.2716165452068,1100.2716165452068,1080.0817664595425,1080.0817664595425,1080.0817664595425,1080.0817664595425,1080.0817664595425,1080.0817664595425,1080.0817664595425,1080.0817664595425,1080.0817664595425,1080.0817664595425,1080.0817664595425,1053.9799552323616,1053.9799552323616,1053.9799552323616,1053.9799552323616,1053.9799552323616,1053.9799552323616,1053.9799552323616,1053.9799552323616,1053.9799552323616,1053.9799552323616,1053.9799552323616,1053.9799552323616,1053.9799552323616,1053.9799552323616,1053.9799552323616,1053.9799552323616,1053.9799552323616,1053.9799552323616,1053.9799552323616,1053.9799552323616,1053.9799552323616,1053.9799552323616,1053.9799552323616,1053.9799552323616,1053.9799552323616,1053.9799552323616,1053.9799552323616,1045.9309565454844,1045.9309565454844,1045.9309565454844,1045.9309565454844,1045.9309565454844,1045.9309565454844,1045.9309565454844,1045.9309565454844,1045.9309565454844,1045.9309565454844,1045.9309565454844,1045.9309565454844,1045.9309565454844,1045.9309565454844,1045.9309565454844,1045.9309565454844,1045.9309565454844,1045.9309565454844,1045.9309565454844,1045.9309565454844,1045.9309565454844,1045.9309565454844,1045.9309565454844,1045.9309565454844,1045.9309565454844,1045.9309565454844,1045.9309565454844,1035.837165374477,1035.837165374477,1035.837165374477,1035.837165374477,1035.837165374477,1035.837165374477,1035.837165374477,1035.837165374477,1035.837165374477,1035.837165374477,1035.837165374477,1035.837165374477,1035.837165374477,1035.837165374477,1035.837165374477,1035.837165374477,1035.837165374477,1035.837165374477,1035.837165374477,1035.837165374477,1035.837165374477,1035.837165374477,1035.837165374477,1035.837165374477,1035.837165374477,1035.837165374477,1035.837165374477,1035.837165374477,1035.837165374477,1035.837165374477,1035.837165374477,1035.837165374477,1035.837165374477,1035.837165374477,1035.837165374477,1035.837165374477,1035.837165374477,1035.837165374477,1035.837165374477,1035.837165374477,1035.837165374477,1035.837165374477,1035.837165374477,1035.837165374477,1035.837165374477,1035.837165374477,1035.837165374477,1035.837165374477,1035.837165374477,1035.837165374477,1035.837165374477,1035.837165374477,1035.837165374477,1035.837165374477,1035.837165374477,1035.837165374477,1035.837165374477,1035.837165374477,1035.837165374477,1035.837165374477,1035.837165374477,1035.837165374477,1035.837165374477,1035.837165374477,1035.837165374477,1035.837165374477,1035.837165374477,1035.837165374477,1035.837165374477,1035.837165374477,1035.837165374477,1035.837165374477,1035.837165374477,1035.837165374477,1035.837165374477,1035.837165374477,1035.837165374477,1035.837165374477,1035.837165374477,1035.837165374477,1035.837165374477,1035.837165374477,1035.837165374477,1035.837165374477,1035.837165374477,1035.837165374477,1035.837165374477,1035.837165374477,1035.837165374477,1035.837165374477,1035.837165374477,1035.837165374477,1035.837165374477,1035.837165374477,1035.837165374477,1035.837165374477,1035.837165374477,1035.837165374477,1035.837165374477,1035.837165374477,1035.837165374477,1035.837165374477,1035.837165374477,1035.837165374477,1035.837165374477,1035.837165374477,1035.837165374477,1035.837165374477,1033.3809425745258,1033.3809425745258,1033.3809425745258,1033.3809425745258,1033.3809425745258,1033.3809425745258,1033.3809425745258,1033.3809425745258,1033.3809425745258,1031.2855633756888,1031.2855633756888,1031.2855633756888,1031.2855633756888,1031.2855633756888,1031.2855633756888,1031.2855633756888,1031.2855633756888,1031.2855633756888,1031.2855633756888,1031.2855633756888,1031.2855633756888,1031.2855633756888,1031.2855633756888,1031.2855633756888,1031.2855633756888,1031.2855633756888,1031.2855633756888,1001.6973442515258,1001.6973442515258,1001.6973442515258,1001.6973442515258,1001.6973442515258,1001.6973442515258,1001.6973442515258,1001.6973442515258,977.7387944969811,977.7387944969811,977.7387944969811,971.6791252149411,971.6791252149411,971.6791252149411,971.6791252149411,971.6791252149411,971.6791252149411,971.6791252149411,971.6791252149411,971.6791252149411,971.6791252149411,971.6791252149411,971.6791252149411,971.6791252149411,943.0579941195583,943.0579941195583,943.0579941195583,943.0579941195583,943.0579941195583,943.0579941195583,943.0579941195583,943.0579941195583,943.0579941195583,943.0579941195583,934.0986787472286,934.0986787472286,934.0986787472286,934.0986787472286,934.0986787472286,934.0986787472286,934.0986787472286,934.0986787472286,934.0986787472286,934.0986787472286,934.0986787472286,934.0986787472286,934.0986787472286,934.0986787472286,931.7762999286068,931.7762999286068,931.7762999286068,931.7762999286068]"
RC101,25,QPSO,9,1024.3932836967567,0.8773851000005379,97,True,301,"[1258.516160445567,1258.516160445567,1258.516160445567,1136.3455231535575,1136.3455231535575,1136.3455231535575,1136.3455231535575,1136.3455231535575,1073.3726530866431,1073.3726530866431,1073.3726530866431,1073.3726530866431,1073.3726530866431,1073.3726530866431,1073.3726530866431,1073.3726530866431,1073.3726530866431,1073.3726530866431,1073.3726530866431,1073.3726530866431,1073.3726530866431,1073.3726530866431,1073.3726530866431,1073.3726530866431,1073.3726530866431,1073.3726530866431,1073.3726530866431,1073.3726530866431,1073.3726530866431,1073.3726530866431,1073.3726530866431,1073.3726530866431,1073.3726530866431,1073.3726530866431,1073.3726530866431,1073.3726530866431,1073.3726530866431,1073.3726530866431,1073.3726530866431,1073.3726530866431,1073.3726530866431,1073.3726530866431,1073.3726530866431,1073.3726530866431,1073.3726530866431,1073.3726530866431,1073.3726530866431,1073.3726530866431,1073.3726530866431,1073.3726530866431,1073.3726530866431,1073.3726530866431,1073.3726530866431,1073.3726530866431,1073.3726530866431,1040.434545456886,1040.434545456886,1040.434545456886,1040.434545456886,1040.434545456886,1040.434545456886,1040.434545456886,1040.434545456886,1040.434545456886,1040.434545456886,1040.434545456886,1040.434545456886,1040.434545456886,1040.434545456886,1040.434545456886,1040.434545456886,1040.434545456886,1040.434545456886,1040.434545456886,1040.434545456886,1040.434545456886,1040.434545456886,1040.434545456886,1040.434545456886,1040.434545456886,1040.434545456886,1040.434545456886,1040.434545456886,1040.434545456886,1040.434545456886,1040.434545456886,1040.434545456886,1040.434545456886,1040.434545456886,1040.434545456886,1040.434545456886,1040.434545456886,1040.434545456886,1040.434545456886,1040.434545456886,1040.434545456886,1040.434545456886,1024.3932836967567,1024.3932836967567,1024.3932836967567,1024.3932836967567,1024.3932836967567,1024.3932836967567,1024.3932836967567,1024.3932836967567,1024.3932836967567,1024.3932836967567,1024.3932836967567,1024.3932836967567,1024.3932836967567,1024.3932836967567,1024.3932836967567,1024.3932836967567,1024.3932836967567,1024.3932836967567,1024.3932836967567,1024.3932836967567,1024.3932836967567,1024.3932836967567,1024.3932836967567,1024.3932836967567,1024.3932836967567,1024.3932836967567,1024.3932836967567,1024.3932836967567,1024.3932836967567,1024.3932836967567,1024.3932836967567,1024.3932836967567,1024.3932836967567,1024.3932836967567,1024.3932836967567,1024.3932836967567,1024.3932836967567,1024.3932836967567,1024.3932836967567,1024.3932836967567,1024.3932836967567,1024.3932836967567,1024.3932836967567,1024.3932836967567,1024.3932836967567,1024.3932836967567,1024.3932836967567,1024.3932836967567,1024.3932836967567,1024.3932836967567,1024.3932836967567,1024.3932836967567,1024.3932836967567,1024.3932836967567,1024.3932836967567,1024.3932836967567,1024.3932836967567,1024.3932836967567,1024.3932836967567,1024.3932836967567,1024.3932836967567,1024.3932836967567,1024.3932836967567,1024.3932836967567,1024.3932836967567,1024.3932836967567,1024.3932836967567,1024.3932836967567,1024.3932836967567,1024.3932836967567,1024.3932836967567,1024.3932836967567,1024.3932836967567,1024.3932836967567,1024.3932836967567,1024.3932836967567,1024.3932836967567,1024.3932836967567,1024.3932836967567,1024.3932836967567,1024.3932836967567,1024.3932836967567,1024.3932836967567,1024.3932836967567,1024.3932836967567,1024.3932836967567,1024.3932836967567,1024.3932836967567,1024.3932836967567,1024.3932836967567,1024.3932836967567,1024.3932836967567,1024.3932836967567,1024.3932836967567,1024.3932836967567,1024.3932836967567,1024.3932836967567,1024.3932836967567,1024.3932836967567,1024.3932836967567,1024.3932836967567,1024.3932836967567,1024.3932836967567,1024.3932836967567,1024.3932836967567,1024.3932836967567,1024.3932836967567,1024.3932836967567,1024.3932836967567,1024.3932836967567,1024.3932836967567,1024.3932836967567,1024.3932836967567,1024.3932836967567,1024.3932836967567,1024.3932836967567,1024.3932836967567,1024.3932836967567,1024.3932836967567,1024.3932836967567,1024.3932836967567,1024.3932836967567,1024.3932836967567,1024.3932836967567,1024.3932836967567,1024.3932836967567,1024.3932836967567,1024.3932836967567,1024.3932836967567,1024.3932836967567,1024.3932836967567,1024.3932836967567,1024.3932836967567,1024.3932836967567,1024.3932836967567,1024.3932836967567,1024.3932836967567,1024.3932836967567,1024.3932836967567,1024.3932836967567,1024.3932836967567,1024.3932836967567,1024.3932836967567,1024.3932836967567,1024.3932836967567,1024.3932836967567,1024.3932836967567,1024.3932836967567,1024.3932836967567,1024.3932836967567,1024.3932836967567,1024.3932836967567,1024.3932836967567,1024.3932836967567,1024.3932836967567,1024.3932836967567,1024.3932836967567,1024.3932836967567,1024.3932836967567,1024.3932836967567,1024.3932836967567,1024.3932836967567,1024.3932836967567,1024.3932836967567,1024.3932836967567,1024.3932836967567,1024.3932836967567,1024.3932836967567,1024.3932836967567,1024.3932836967567,1024.3932836967567,1024.3932836967567,1024.3932836967567,1024.3932836967567,1024.3932836967567,1024.3932836967567,1024.3932836967567,1024.3932836967567,1024.3932836967567,1024.3932836967567,1024.3932836967567,1024.3932836967567,1024.3932836967567,1024.3932836967567,1024.3932836967567,1024.3932836967567,1024.3932836967567,1024.3932836967567,1024.3932836967567,1024.3932836967567,1024.3932836967567,1024.3932836967567,1024.3932836967567,1024.3932836967567,1024.3932836967567,1024.3932836967567,1024.3932836967567,1024.3932836967567,1024.3932836967567,1024.3932836967567,1024.3932836967567,1024.3932836967567,1024.3932836967567,1024.3932836967567]"
RC101,25,QPSO,10,650.098118681681,0.8832695999881253,299,True,301,"[1289.6672546110806,1200.1928348589051,1200.1928348589051,1200.1928348589051,1200.1928348589051,1192.8414662183322,1192.8414662183322,1192.8414662183322,1192.8414662183322,1192.8414662183322,1134.9898941220627,1134.9898941220627,1134.9898941220627,1134.9898941220627,1134.9898941220627,1134.9898941220627,1134.9898941220627,1134.9898941220627,1134.9898941220627,1134.9898941220627,1134.9898941220627,1134.9898941220627,1134.9898941220627,1134.9898941220627,1134.9898941220627,1134.9898941220627,1134.9898941220627,1134.9898941220627,1134.9898941220627,1102.8041560408865,1102.8041560408865,1102.8041560408865,1102.8041560408865,1102.8041560408865,1102.8041560408865,1102.8041560408865,1102.8041560408865,1102.8041560408865,1102.8041560408865,1102.8041560408865,1102.8041560408865,1102.8041560408865,1090.982032980765,1090.982032980765,1090.982032980765,1090.982032980765,1090.982032980765,1090.982032980765,1090.982032980765,1090.982032980765,1090.982032980765,1090.982032980765,1090.982032980765,1090.982032980765,1090.982032980765,1090.982032980765,1090.982032980765,1090.982032980765,1090.982032980765,1090.982032980765,1090.982032980765,1090.982032980765,1090.982032980765,1090.982032980765,1090.982032980765,1090.982032980765,1090.982032980765,1090.982032980765,1044.1002006183824,1044.1002006183824,1044.1002006183824,1044.1002006183824,1044.1002006183824,1044.1002006183824,1044.1002006183824,1044.1002006183824,1044.1002006183824,1044.1002006183824,1044.1002006183824,1044.1002006183824,1044.1002006183824,1044.1002006183824,1044.1002006183824,1044.1002006183824,1044.1002006183824,1044.1002006183824,1044.1002006183824,1044.1002006183824,1044.1002006183824,1044.1002006183824,1044.1002006183824,1044.1002006183824,1044.1002006183824,1044.1002006183824,1044.1002006183824,1044.1002006183824,1044.1002006183824,1044.1002006183824,1044.1002006183824,1044.1002006183824,1044.1002006183824,1044.1002006183824,1044.1002006183824,1044.1002006183824,1044.1002006183824,1044.1002006183824,1044.1002006183824,1044.1002006183824,1044.1002006183824,1044.1002006183824,1044.1002006183824,1044.1002006183824,1044.1002006183824,1044.1002006183824,1044.1002006183824,1044.1002006183824,1044.1002006183824,1044.1002006183824,1044.1002006183824,1044.1002006183824,1044.1002006183824,1044.1002006183824,1044.1002006183824,1044.1002006183824,1044.1002006183824,1044.1002006183824,1044.1002006183824,1044.1002006183824,1044.1002006183824,1044.1002006183824,1044.1002006183824,1044.1002006183824,1044.1002006183824,1044.1002006183824,1044.1002006183824,1044.1002006183824,1044.1002006183824,1044.1002006183824,1044.1002006183824,1044.1002006183824,1044.1002006183824,1044.1002006183824,1044.1002006183824,1044.1002006183824,1044.1002006183824,1044.1002006183824,1044.1002006183824,1044.1002006183824,1044.1002006183824,1044.1002006183824,1044.1002006183824,1044.1002006183824,1044.1002006183824,1044.1002006183824,1044.1002006183824,1044.1002006183824,1044.1002006183824,981.8813586635738,981.8813586635738,981.8813586635738,981.8813586635738,981.8813586635738,981.8813586635738,981.8813586635738,981.8813586635738,981.8813586635738,981.8813586635738,981.8813586635738,981.8813586635738,981.8813586635738,981.8813586635738,957.6070140420171,957.6070140420171,957.6070140420171,891.1702664307154,855.0181016089417,855.0181016089417,809.7388019008014,809.7388019008014,809.7388019008014,809.7388019008014,809.7388019008014,809.7388019008014,809.7388019008014,767.9022483974634,767.9022483974634,767.9022483974634,767.9022483974634,767.9022483974634,767.9022483974634,767.9022483974634,767.9022483974634,767.9022483974634,767.9022483974634,767.9022483974634,767.9022483974634,767.9022483974634,767.9022483974634,767.9022483974634,751.4915162128846,725.3985611816311,716.821635581674,716.821635581674,716.821635581674,716.821635581674,716.821635581674,716.821635581674,716.821635581674,716.821635581674,716.821635581674,716.821635581674,716.821635581674,716.821635581674,716.821635581674,716.821635581674,666.1435850140995,666.1435850140995,666.1435850140995,666.1435850140995,666.1435850140995,666.1435850140995,666.1435850140995,666.1435850140995,666.1435850140995,666.1435850140995,666.1435850140995,666.1435850140995,666.1435850140995,666.1435850140995,666.1435850140995,666.1435850140995,666.1435850140995,666.1435850140995,666.1435850140995,666.1435850140995,666.1435850140995,666.1435850140995,666.1435850140995,657.9813680053162,657.9813680053162,657.9813680053162,657.9813680053162,657.9813680053162,657.9813680053162,657.9813680053162,657.9813680053162,657.9813680053162,657.9813680053162,657.9813680053162,657.9813680053162,657.9813680053162,657.9813680053162,657.9813680053162,657.9813680053162,657.9813680053162,651.0716555937586,651.0716555937586,651.0716555937586,651.0716555937586,651.0716555937586,651.0716555937586,651.0716555937586,651.0716555937586,651.0716555937586,651.0716555937586,651.0716555937586,651.0716555937586,651.0716555937586,651.0716555937586,651.0716555937586,651.0716555937586,651.0716555937586,651.0716555937586,651.0716555937586,651.0716555937586,651.0716555937586,651.0716555937586,651.0716555937586,651.0716555937586,651.0716555937586,651.0716555937586,651.0716555937586,651.0716555937586,651.0716555937586,651.0716555937586,651.0716555937586,651.0716555937586,651.0716555937586,651.0716555937586,651.0716555937586,651.0716555937586,651.0716555937586,651.0716555937586,651.0716555937586,651.0716555937586,651.0716555937586,651.0716555937586,651.0716555937586,651.0716555937586,650.098118681681,650.098118681681]"
RC101,25,QPSO,11,774.7897637489581,0.8529096999845933,266,True,301,"[1236.2987172404976,1180.433235968406,1180.433235968406,1180.433235968406,1180.433235968406,1180.433235968406,1123.4623283847234,1123.4623283847234,1123.4623283847234,1123.4623283847234,1123.4623283847234,1123.4623283847234,1123.4623283847234,1123.4623283847234,1123.4623283847234,1123.4623283847234,1123.4623283847234,1123.4623283847234,1123.4623283847234,1123.4623283847234,1082.8010677243522,1066.9701807674128,1066.9701807674128,1066.9701807674128,1066.9701807674128,1066.9701807674128,1026.3974371246131,1026.3974371246131,1026.3974371246131,1026.3974371246131,1026.3974371246131,1026.3974371246131,1026.3974371246131,1026.3974371246131,1026.3974371246131,1026.3974371246131,1026.3974371246131,1026.3974371246131,1026.3974371246131,1026.3974371246131,1026.3974371246131,1026.3974371246131,1026.3974371246131,1026.3974371246131,1026.3974371246131,1026.3974371246131,1026.3974371246131,1023.8127512657505,1023.8127512657505,1023.8127512657505,1023.8127512657505,1020.7776044592828,1020.7776044592828,1020.7776044592828,1020.7776044592828,1020.7776044592828,1006.4568394661479,1006.4568394661479,1006.4568394661479,1006.4568394661479,1006.4568394661479,1006.4568394661479,1006.4568394661479,1006.4568394661479,1006.4568394661479,1006.4568394661479,1006.4568394661479,1006.4568394661479,1006.4568394661479,1006.4568394661479,1006.4568394661479,1006.4568394661479,1006.4568394661479,1006.4568394661479,1006.4568394661479,1006.4568394661479,1006.4568394661479,1006.4568394661479,1006.4568394661479,1006.4568394661479,1006.4568394661479,1006.4568394661479,1006.4568394661479,988.1025466357121,988.1025466357121,988.1025466357121,988.1025466357121,988.1025466357121,988.1025466357121,988.1025466357121,988.1025466357121,988.1025466357121,988.1025466357121,961.7900074569517,961.7900074569517,961.7900074569517,961.7900074569517,882.6938636552485,882.6938636552485,882.6938636552485,882.6938636552485,882.6938636552485,882.6938636552485,882.6938636552485,882.6938636552485,882.6938636552485,882.6938636552485,882.6938636552485,882.6938636552485,882.6938636552485,882.6938636552485,882.6938636552485,882.6938636552485,882.6938636552485,882.6938636552485,882.6938636552485,882.6938636552485,882.6938636552485,882.6938636552485,882.6938636552485,882.6938636552485,882.6938636552485,882.6938636552485,882.6938636552485,882.6938636552485,882.6938636552485,882.6938636552485,882.6938636552485,882.6938636552485,882.6938636552485,875.9001038850105,875.9001038850105,875.9001038850105,875.9001038850105,875.9001038850105,875.9001038850105,875.9001038850105,875.9001038850105,875.9001038850105,875.9001038850105,875.9001038850105,875.9001038850105,875.9001038850105,875.9001038850105,875.9001038850105,875.9001038850105,875.9001038850105,875.9001038850105,875.9001038850105,875.9001038850105,875.9001038850105,875.9001038850105,875.9001038850105,875.9001038850105,874.7629387047048,874.7629387047048,874.7629387047048,874.7629387047048,874.7629387047048,874.7629387047048,860.25313007239,860.25313007239,860.25313007239,860.25313007239,860.25313007239,860.25313007239,860.25313007239,860.25313007239,860.25313007239,860.25313007239,860.25313007239,860.25313007239,860.25313007239,860.25313007239,860.25313007239,860.25313007239,860.25313007239,860.25313007239,860.25313007239,860.25313007239,860.25313007239,860.25313007239,860.25313007239,860.25313007239,860.25313007239,860.25313007239,860.25313007239,860.25313007239,860.25313007239,860.25313007239,860.25313007239,860.25313007239,860.25313007239,860.25313007239,860.25313007239,860.25313007239,860.25313007239,860.25313007239,860.25313007239,860.25313007239,860.25313007239,860.25313007239,860.25313007239,779.1982813307723,779.1982813307723,779.1982813307723,779.1982813307723,779.1982813307723,779.1982813307723,779.1982813307723,779.1982813307723,779.1982813307723,779.1982813307723,779.1982813307723,779.1982813307723,779.1982813307723,779.1982813307723,779.1982813307723,779.1982813307723,779.1982813307723,779.1982813307723,779.1982813307723,779.1982813307723,779.1982813307723,779.1982813307723,779.1982813307723,779.1982813307723,779.1982813307723,779.1982813307723,779.1982813307723,779.1982813307723,779.1982813307723,779.1982813307723,779.1982813307723,779.1982813307723,779.1982813307723,779.1982813307723,779.1982813307723,779.1982813307723,779.1982813307723,779.1982813307723,779.1982813307723,779.1982813307723,779.1982813307723,779.1982813307723,779.1982813307723,779.1982813307723,779.1982813307723,779.1982813307723,779.1982813307723,779.1982813307723,779.1982813307723,779.1982813307723,779.1982813307723,779.1982813307723,779.1982813307723,779.1982813307723,779.1982813307723,779.1982813307723,779.1982813307723,779.1982813307723,779.1982813307723,779.1982813307723,779.1982813307723,779.1982813307723,779.1982813307723,774.7897637489581,774.7897637489581,774.7897637489581,774.7897637489581,774.7897637489581,774.7897637489581,774.7897637489581,774.7897637489581,774.7897637489581,774.7897637489581,774.7897637489581,774.7897637489581,774.7897637489581,774.7897637489581,774.7897637489581,774.7897637489581,774.7897637489581,774.7897637489581,774.7897637489581,774.7897637489581,774.7897637489581,774.7897637489581,774.7897637489581,774.7897637489581,774.7897637489581,774.7897637489581,774.7897637489581,774.7897637489581,774.7897637489581,774.7897637489581,774.7897637489581,774.7897637489581,774.7897637489581,774.7897637489581,774.7897637489581]"
RC101,25,QPSO,12,613.6966230371945,0.877526600001147,284,True,301,"[1239.2160830559264,1239.2160830559264,1178.6492072644105,1178.6492072644105,1131.8952491599005,1131.8952491599005,1131.8952491599005,1131.8952491599005,1131.8952491599005,1131.8952491599005,1131.8952491599005,1131.8952491599005,1131.8952491599005,1131.8952491599005,1131.8952491599005,1131.8952491599005,1131.8952491599005,1131.8952491599005,1131.8952491599005,1131.8952491599005,1131.8952491599005,1131.8952491599005,1131.8952491599005,1131.8952491599005,1131.8952491599005,1092.04176998165,1092.04176998165,1092.04176998165,1092.04176998165,1092.04176998165,1092.04176998165,1092.04176998165,1092.04176998165,1092.04176998165,1092.04176998165,1092.04176998165,1092.04176998165,1092.04176998165,1092.04176998165,1092.04176998165,1092.04176998165,1092.04176998165,1092.04176998165,1092.04176998165,1092.04176998165,1092.04176998165,1092.04176998165,1092.04176998165,1092.04176998165,1092.04176998165,1092.04176998165,1092.04176998165,1092.04176998165,1092.04176998165,1092.04176998165,1092.04176998165,1092.04176998165,1092.04176998165,1092.04176998165,1092.04176998165,1092.04176998165,1092.04176998165,1092.04176998165,1092.04176998165,1092.04176998165,1092.04176998165,1092.04176998165,1092.04176998165,1092.04176998165,1092.04176998165,1092.04176998165,1027.1688636803306,1027.1688636803306,1027.1688636803306,1027.1688636803306,1027.1688636803306,1027.1688636803306,1027.1688636803306,1027.1688636803306,1027.1688636803306,1027.1688636803306,1027.1688636803306,1027.1688636803306,1027.1688636803306,973.2693886292286,973.2693886292286,973.2693886292286,973.2693886292286,973.2693886292286,973.2693886292286,973.2693886292286,973.2693886292286,973.2693886292286,973.2693886292286,973.2693886292286,973.2693886292286,973.2693886292286,973.2693886292286,973.2693886292286,973.2693886292286,973.2693886292286,959.6827982058962,959.6827982058962,959.6827982058962,959.6827982058962,959.6827982058962,959.6827982058962,959.6827982058962,959.6827982058962,959.6827982058962,959.6827982058962,959.6827982058962,959.6827982058962,959.6827982058962,959.6827982058962,900.2300698260296,900.2300698260296,900.2300698260296,889.1241510585818,889.1241510585818,889.1241510585818,889.1241510585818,889.1241510585818,889.1241510585818,889.1241510585818,889.1241510585818,889.1241510585818,889.1241510585818,889.1241510585818,889.1241510585818,889.1241510585818,889.1241510585818,889.1241510585818,889.1241510585818,889.1241510585818,831.6272570912232,831.6272570912232,831.6272570912232,831.6272570912232,831.6272570912232,831.6272570912232,831.6272570912232,831.6272570912232,831.6272570912232,831.6272570912232,831.6272570912232,831.6272570912232,831.6272570912232,831.6272570912232,831.6272570912232,831.6272570912232,831.6272570912232,831.6272570912232,831.6272570912232,831.6272570912232,831.6272570912232,831.6272570912232,831.6272570912232,831.6272570912232,831.6272570912232,831.6272570912232,831.6272570912232,831.6272570912232,831.6272570912232,831.6272570912232,831.6272570912232,831.6272570912232,831.6272570912232,831.6272570912232,831.6272570912232,831.6272570912232,831.6272570912232,831.6272570912232,831.6272570912232,831.6272570912232,831.6272570912232,831.6272570912232,831.6272570912232,831.6272570912232,831.6272570912232,828.6338841695148,828.6338841695148,828.6338841695148,828.6338841695148,828.6338841695148,828.6338841695148,828.6338841695148,828.6338841695148,828.6338841695148,828.6338841695148,828.6338841695148,828.6338841695148,828.6338841695148,823.1081947636036,823.1081947636036,823.1081947636036,823.1081947636036,823.1081947636036,823.1081947636036,823.1081947636036,823.1081947636036,823.1081947636036,807.6123153627649,807.6123153627649,807.6123153627649,807.6123153627649,807.6123153627649,807.6123153627649,807.6123153627649,807.6123153627649,807.6123153627649,807.6123153627649,807.6123153627649,767.1327894367331,767.1327894367331,767.1327894367331,767.1327894367331,767.1327894367331,750.8919452308531,750.8919452308531,750.8919452308531,750.8919452308531,750.8919452308531,750.8919452308531,750.8919452308531,750.8919452308531,750.8919452308531,750.8919452308531,750.8919452308531,729.7839701978443,729.7839701978443,729.7839701978443,729.7839701978443,729.7839701978443,729.7839701978443,701.0591321077467,701.0591321077467,701.0591321077467,701.0591321077467,701.0591321077467,701.0591321077467,701.0591321077467,701.0591321077467,701.0591321077467,701.0591321077467,701.0591321077467,701.0591321077467,701.0591321077467,688.4840792452825,681.6078385043452,681.6078385043452,681.6078385043452,681.6078385043452,681.6078385043452,681.5451293517448,681.5451293517448,681.5451293517448,681.5451293517448,681.5451293517448,681.5451293517448,681.5451293517448,619.0173029390402,619.0173029390402,619.0173029390402,619.0173029390402,619.0173029390402,619.0173029390402,619.0173029390402,619.0173029390402,619.0173029390402,619.0173029390402,619.0173029390402,619.0173029390402,617.004029150003,617.004029150003,617.004029150003,617.004029150003,615.7098968262318,615.7098968262318,615.7098968262318,615.7098968262318,615.7098968262318,615.7098968262318,615.7098968262318,613.6966230371945,613.6966230371945,613.6966230371945,613.6966230371945,613.6966230371945,613.6966230371945,613.6966230371945,613.6966230371945,613.6966230371945,613.6966230371945,613.6966230371945,613.6966230371945,613.6966230371945,613.6966230371945,613.6966230371945,613.6966230371945,613.6966230371945]"
RC101,25,QPSO,13,618.311175113242,0.9362794999906328,262,True,301,"[1335.1597715414055,1292.7842766772637,1284.2182638538382,1275.6320306825821,1202.1592270658045,1202.1592270658045,1139.1781849119016,1139.1781849119016,1139.1781849119016,1139.1781849119016,1139.1781849119016,1139.1781849119016,1139.1781849119016,1139.1781849119016,1139.1781849119016,1139.1781849119016,1135.860617373153,1135.860617373153,1035.5715999943634,1035.5715999943634,1035.5715999943634,1035.5715999943634,1035.5715999943634,1035.5715999943634,1035.5715999943634,1035.5715999943634,1035.5715999943634,1035.5715999943634,1035.5715999943634,1029.6938861751662,1029.6938861751662,1029.6938861751662,1029.6938861751662,1029.6938861751662,1029.6938861751662,1029.6938861751662,1029.6938861751662,1029.6938861751662,1029.6938861751662,1029.6938861751662,1029.6938861751662,1029.6938861751662,1029.6938861751662,1029.6938861751662,1025.4012230111427,1021.9900816690338,1021.9900816690338,1021.9900816690338,1021.9900816690338,1021.9900816690338,1021.9900816690338,1021.9900816690338,1021.9900816690338,1021.9900816690338,1021.9900816690338,1021.9900816690338,1021.9900816690338,1021.9900816690338,1021.9900816690338,1021.9900816690338,1021.9900816690338,986.6628194348195,986.6628194348195,986.6628194348195,968.7972489054953,965.7571509049421,965.7571509049421,922.0506212903148,922.0506212903148,922.0506212903148,922.0506212903148,922.0506212903148,922.0506212903148,922.0506212903148,922.0506212903148,922.0506212903148,922.0506212903148,922.0506212903148,922.0506212903148,922.0506212903148,922.0506212903148,922.0506212903148,922.0506212903148,922.0506212903148,922.0506212903148,922.0506212903148,922.0506212903148,922.0506212903148,922.0506212903148,922.0506212903148,922.0506212903148,922.0506212903148,922.0506212903148,922.0506212903148,922.0506212903148,922.0506212903148,922.0506212903148,922.0506212903148,922.0506212903148,922.0506212903148,922.0506212903148,922.0506212903148,922.0506212903148,922.0506212903148,917.4173058209321,917.4173058209321,917.4173058209321,917.4173058209321,889.7508927396234,889.7508927396234,889.7508927396234,889.7508927396234,889.7508927396234,889.7508927396234,889.7508927396234,889.3178425303494,889.3178425303494,889.3178425303494,889.3178425303494,889.3178425303494,889.3178425303494,889.3178425303494,889.3178425303494,889.3178425303494,889.3178425303494,889.3178425303494,889.3178425303494,889.3178425303494,889.3178425303494,889.3178425303494,889.3178425303494,889.3178425303494,889.3178425303494,889.3178425303494,889.3178425303494,889.3178425303494,862.9339579413854,862.9339579413854,862.9339579413854,861.3549734441449,861.3549734441449,861.3549734441449,861.3549734441449,861.3549734441449,861.3549734441449,840.7304769783302,840.7304769783302,840.7304769783302,840.7304769783302,840.7304769783302,803.9246852146996,803.9246852146996,803.9246852146996,803.9246852146996,803.9246852146996,803.9246852146996,803.9246852146996,803.9246852146996,803.9246852146996,803.9246852146996,803.9246852146996,803.9246852146996,803.9246852146996,803.9246852146996,803.9246852146996,803.9246852146996,803.9246852146996,803.9246852146996,803.9246852146996,803.9246852146996,803.9246852146996,803.9246852146996,781.840761298893,781.840761298893,741.1644666075475,741.1644666075475,721.6178949574986,721.6178949574986,721.6178949574986,721.6178949574986,705.3959788964379,688.7726049456404,688.7726049456404,688.7726049456404,688.7726049456404,688.7726049456404,688.7726049456404,688.7726049456404,688.7726049456404,688.7726049456404,688.7726049456404,688.7726049456404,688.7726049456404,688.7726049456404,688.7726049456404,688.7726049456404,688.7726049456404,687.0051377359083,687.0051377359083,687.0051377359083,687.0051377359083,687.0051377359083,687.0051377359083,673.010322485277,673.010322485277,671.2180593001054,671.2180593001054,671.2180593001054,671.2180593001054,671.2180593001054,671.2180593001054,671.2180593001054,671.2180593001054,671.2180593001054,671.2180593001054,671.2180593001054,671.2180593001054,671.2180593001054,671.2180593001054,671.2180593001054,671.2180593001054,671.2180593001054,671.2180593001054,671.2180593001054,671.2180593001054,671.2180593001054,650.8838260127137,650.8838260127137,650.8838260127137,650.8838260127137,650.8838260127137,650.8838260127137,647.2147139640821,647.2147139640821,647.2147139640821,647.2147139640821,647.2147139640821,647.2147139640821,647.2147139640821,647.2147139640821,647.2147139640821,647.2147139640821,647.2147139640821,647.2147139640821,647.2147139640821,647.2147139640821,647.214713964082,647.214713964082,647.214713964082,647.214713964082,647.214713964082,647.214713964082,647.214713964082,647.214713964082,647.214713964082,647.214713964082,647.214713964082,647.214713964082,647.214713964082,647.214713964082,647.214713964082,647.214713964082,618.311175113242,618.311175113242,618.311175113242,618.311175113242,618.311175113242,618.311175113242,618.311175113242,618.311175113242,618.311175113242,618.311175113242,618.311175113242,618.311175113242,618.311175113242,618.311175113242,618.311175113242,618.311175113242,618.311175113242,618.311175113242,618.311175113242,618.311175113242,618.311175113242,618.311175113242,618.311175113242,618.311175113242,618.311175113242,618.311175113242,618.311175113242,618.311175113242,618.311175113242,618.311175113242,618.311175113242,618.311175113242,618.311175113242,618.311175113242,618.311175113242,618.311175113242,618.311175113242,618.311175113242,618.311175113242]"
RC101,25,QPSO,14,968.8800563894849,0.923674600024242,284,True,301,"[1337.321970456941,1241.7770601842747,1184.8405174839595,1184.8405174839595,1184.8405174839595,1184.8405174839595,1184.8405174839595,1184.8405174839595,1184.8405174839595,1184.8405174839595,1152.885957439139,1135.1385994437182,1135.1385994437182,1129.1819964597214,1129.1819964597214,1129.1819964597214,1129.1819964597214,1129.1819964597214,994.865769352146,994.865769352146,994.865769352146,994.865769352146,994.865769352146,994.865769352146,994.865769352146,994.865769352146,994.865769352146,994.865769352146,994.865769352146,994.865769352146,994.865769352146,994.865769352146,994.865769352146,994.865769352146,994.865769352146,994.865769352146,994.865769352146,994.865769352146,994.865769352146,994.865769352146,994.865769352146,994.865769352146,994.865769352146,994.865769352146,994.865769352146,994.865769352146,994.865769352146,994.865769352146,994.865769352146,994.865769352146,994.865769352146,994.865769352146,994.865769352146,994.865769352146,994.865769352146,994.865769352146,994.865769352146,994.865769352146,994.865769352146,994.865769352146,994.865769352146,994.865769352146,994.865769352146,994.865769352146,994.865769352146,994.865769352146,994.865769352146,994.865769352146,994.865769352146,994.865769352146,994.865769352146,994.865769352146,994.865769352146,994.865769352146,994.865769352146,994.865769352146,994.865769352146,994.865769352146,994.865769352146,994.865769352146,994.865769352146,994.865769352146,994.865769352146,994.865769352146,994.865769352146,994.865769352146,994.865769352146,994.865769352146,994.865769352146,994.865769352146,994.865769352146,994.865769352146,994.865769352146,994.865769352146,994.865769352146,994.865769352146,994.865769352146,994.865769352146,994.865769352146,994.865769352146,994.865769352146,994.865769352146,994.865769352146,994.865769352146,994.865769352146,994.865769352146,994.865769352146,994.865769352146,994.865769352146,994.865769352146,994.865769352146,994.865769352146,994.865769352146,994.865769352146,994.865769352146,994.865769352146,994.865769352146,994.865769352146,994.865769352146,994.865769352146,994.865769352146,994.865769352146,994.865769352146,994.865769352146,994.865769352146,994.865769352146,994.865769352146,994.865769352146,994.865769352146,994.865769352146,994.865769352146,994.865769352146,994.865769352146,994.865769352146,994.865769352146,994.865769352146,994.865769352146,994.865769352146,994.865769352146,994.865769352146,994.865769352146,994.865769352146,994.865769352146,994.865769352146,994.865769352146,994.865769352146,994.865769352146,994.865769352146,994.865769352146,994.865769352146,994.865769352146,994.865769352146,994.865769352146,994.865769352146,994.865769352146,994.865769352146,994.865769352146,994.865769352146,994.865769352146,994.865769352146,994.865769352146,994.865769352146,994.865769352146,994.865769352146,994.865769352146,994.865769352146,994.865769352146,994.865769352146,994.865769352146,994.865769352146,994.865769352146,994.865769352146,994.865769352146,994.865769352146,994.865769352146,994.865769352146,994.865769352146,994.865769352146,994.865769352146,994.865769352146,994.865769352146,994.865769352146,994.865769352146,994.865769352146,994.865769352146,994.865769352146,994.865769352146,994.865769352146,994.865769352146,994.865769352146,994.865769352146,994.865769352146,994.865769352146,994.865769352146,994.865769352146,994.865769352146,994.865769352146,994.865769352146,994.865769352146,994.865769352146,994.865769352146,994.865769352146,994.865769352146,994.865769352146,994.865769352146,994.865769352146,994.865769352146,994.865769352146,994.865769352146,994.865769352146,994.865769352146,994.865769352146,994.865769352146,994.865769352146,994.865769352146,994.865769352146,994.865769352146,994.865769352146,994.865769352146,994.865769352146,994.865769352146,994.865769352146,994.865769352146,994.865769352146,994.865769352146,994.865769352146,994.865769352146,994.865769352146,994.865769352146,994.865769352146,994.865769352146,994.865769352146,994.865769352146,994.865769352146,994.865769352146,994.865769352146,994.865769352146,994.865769352146,994.865769352146,994.865769352146,994.865769352146,994.865769352146,994.865769352146,994.865769352146,994.865769352146,994.865769352146,994.865769352146,994.865769352146,994.865769352146,994.865769352146,994.865769352146,994.865769352146,994.865769352146,994.865769352146,994.865769352146,994.865769352146,994.865769352146,994.865769352146,994.865769352146,994.865769352146,994.865769352146,994.865769352146,994.865769352146,994.865769352146,994.865769352146,994.865769352146,994.865769352146,994.865769352146,994.865769352146,994.865769352146,994.865769352146,994.865769352146,994.865769352146,994.865769352146,994.865769352146,994.865769352146,994.865769352146,994.865769352146,994.865769352146,994.865769352146,994.865769352146,994.865769352146,994.865769352146,994.865769352146,968.8800563894849,968.8800563894849,968.8800563894849,968.8800563894849,968.8800563894849,968.8800563894849,968.8800563894849,968.8800563894849,968.8800563894849,968.8800563894849,968.8800563894849,968.8800563894849,968.8800563894849,968.8800563894849,968.8800563894849,968.8800563894849,968.8800563894849]"
RC101,25,QPSO,15,605.5622860529561,0.9591413000016473,299,True,301,"[1354.7136217389327,1152.474197814964,1152.474197814964,1152.474197814964,1152.474197814964,1152.474197814964,1152.474197814964,1152.474197814964,1152.474197814964,1152.474197814964,1152.474197814964,1152.474197814964,1152.474197814964,1152.474197814964,1152.474197814964,1152.474197814964,1152.474197814964,1152.474197814964,1152.474197814964,1152.474197814964,1152.474197814964,1152.474197814964,1152.474197814964,1152.474197814964,1152.474197814964,1152.474197814964,1152.474197814964,1152.474197814964,1150.5916704390106,1150.5916704390106,1147.3211565286506,1147.3211565286506,1147.3211565286506,1147.3211565286506,1147.3211565286506,1147.3211565286506,1147.3211565286506,1147.3211565286506,1147.3211565286506,1147.3211565286506,1147.3211565286506,1147.3211565286506,1147.3211565286506,1147.3211565286506,1147.3211565286506,1147.3211565286506,1147.3211565286506,1147.3211565286506,1147.3211565286506,1147.3211565286506,1147.3211565286506,1147.3211565286506,1147.3211565286506,1147.3211565286506,1147.3211565286506,1147.3211565286506,1147.3211565286506,1147.3211565286506,1147.3211565286506,1147.3211565286506,1147.3211565286506,1147.3211565286506,1147.3211565286506,1147.3211565286506,1147.3211565286506,1147.3211565286506,1147.3211565286506,1147.3211565286506,1147.3211565286506,1147.3211565286506,1147.3211565286506,1147.3211565286506,1147.3211565286506,1147.3211565286506,1147.3211565286506,1147.3211565286506,1147.3211565286506,1147.3211565286506,1147.3211565286506,1147.3211565286506,1147.3211565286506,1147.3211565286506,1147.3211565286506,1147.3211565286506,1147.3211565286506,1104.9373761664506,1104.9373761664506,1104.9373761664506,1104.9373761664506,1104.9373761664506,1104.9373761664506,1104.9373761664506,1104.9373761664506,1104.9373761664506,1104.9373761664506,1104.9373761664506,1104.9373761664506,1104.9373761664506,1104.9373761664506,1104.9373761664506,1104.9373761664506,1104.9373761664506,1104.9373761664506,1104.9373761664506,1104.9373761664506,1104.9373761664506,1104.9373761664506,1104.9373761664506,1104.9373761664506,1104.9373761664506,1104.9373761664506,1104.9373761664506,1104.9373761664506,1104.9373761664506,1104.9373761664506,1104.9373761664506,1104.9373761664506,1104.9373761664506,1104.9373761664506,1104.9373761664506,1104.9373761664506,1104.9373761664506,1104.9373761664506,1104.9373761664506,1019.9076731669822,1019.9076731669822,1019.9076731669822,1019.9076731669822,1019.9076731669822,1019.9076731669822,1019.9076731669822,1019.9076731669822,1019.9076731669822,1019.9076731669822,891.4270390269362,891.4270390269362,891.4270390269362,891.4270390269362,891.4270390269362,891.4270390269362,891.4270390269362,891.4270390269362,891.4270390269362,891.4270390269362,891.4270390269362,891.4270390269362,891.4270390269362,891.4270390269362,891.4270390269362,891.4270390269362,891.4270390269362,891.4270390269362,891.4270390269362,862.1441737841164,862.1441737841164,862.1441737841164,862.1441737841164,862.1441737841164,862.1441737841164,862.1441737841164,862.1441737841164,857.98171354224,857.98171354224,857.98171354224,857.98171354224,857.98171354224,857.98171354224,857.98171354224,857.98171354224,857.98171354224,857.98171354224,857.98171354224,857.98171354224,857.98171354224,857.98171354224,857.98171354224,857.98171354224,857.98171354224,857.98171354224,857.98171354224,857.98171354224,857.98171354224,857.98171354224,857.98171354224,857.98171354224,857.98171354224,857.98171354224,857.98171354224,857.98171354224,857.98171354224,857.98171354224,857.98171354224,857.98171354224,857.98171354224,857.98171354224,857.98171354224,849.5668230481336,834.2119529950628,834.2119529950628,834.2119529950628,834.2119529950628,834.2119529950628,834.2119529950628,834.2119529950628,834.2119529950628,834.2119529950628,834.2119529950628,834.2119529950628,834.2119529950628,834.2119529950628,834.2119529950628,834.2119529950628,834.2119529950628,834.2119529950628,834.2119529950628,816.1505984460196,816.1505984460196,785.3353756856557,785.3353756856557,759.6666628326166,759.6666628326166,759.6666628326166,714.3882384988242,714.3882384988242,714.3882384988242,714.3882384988242,714.3882384988242,714.3882384988242,714.3882384988242,714.3882384988242,714.3882384988242,714.3882384988242,714.3882384988242,707.9096564628334,707.9096564628334,707.9096564628334,707.9096564628334,707.9096564628334,707.9096564628334,707.9096564628334,707.9096564628334,688.8195111754158,688.8195111754158,688.8195111754158,688.8195111754158,688.8195111754158,688.8195111754158,688.8195111754158,678.0599312237413,678.0599312237413,678.0599312237413,634.7880128655356,634.7880128655356,634.7880128655356,634.7880128655356,634.7880128655356,634.7880128655356,634.7880128655356,633.9230554401751,633.9230554401751,633.9230554401751,633.9230554401751,633.9230554401751,633.9230554401751,633.9230554401751,633.9230554401751,633.9230554401751,633.9230554401751,633.9230554401751,633.9230554401751,633.9230554401751,633.9230554401751,633.9230554401751,633.9230554401751,633.9230554401751,633.9230554401751,633.9230554401751,633.9230554401751,633.9230554401751,633.9230554401751,633.9230554401751,633.9230554401751,633.9230554401751,633.9230554401751,633.9230554401751,633.9230554401751,633.9230554401751,633.9230554401751,633.9230554401751,633.9230554401751,633.9230554401751,633.9230554401751,633.9230554401751,633.9230554401751,633.9230554401751,633.9230554401751,633.9230554401751,633.9230554401751,633.9230554401751,605.5622860529561,605.5622860529561]"
RC101,25,QPSO,16,612.2089400681025,1.0084642000147142,297,True,301,"[1293.712032192525,1293.712032192525,1263.2741720562121,1263.2741720562121,1263.2741720562121,1257.5015004074291,1144.5151798379516,1144.5151798379516,1144.5151798379516,1144.5151798379516,1144.5151798379516,1144.5151798379516,1144.5151798379516,1142.8757749105384,1142.8757749105384,1142.8757749105384,1142.8757749105384,1106.1515937178142,1106.1515937178142,1039.3913216794706,1039.3913216794706,1032.9929593058284,1032.9929593058284,1032.9929593058284,1032.9929593058284,1032.9929593058284,1020.5972282909477,1020.5972282909477,1020.5972282909477,1020.5972282909477,1020.5972282909477,1020.5972282909477,1020.5972282909477,961.2845808529803,961.2845808529803,961.2845808529803,961.2845808529803,961.2845808529803,961.2845808529803,961.2845808529803,961.2845808529803,961.2845808529803,961.2845808529803,961.2845808529803,961.2845808529803,961.2845808529803,961.2845808529803,961.2845808529803,961.2845808529803,961.2845808529803,961.2845808529803,961.2845808529803,961.2845808529803,958.3354933421809,958.3354933421809,958.3354933421809,924.4317763461203,924.4317763461203,924.4317763461203,924.4317763461203,924.4317763461203,924.4317763461203,924.4317763461203,924.4317763461203,924.4317763461203,924.4317763461203,924.4317763461203,924.4317763461203,924.4317763461203,924.4317763461203,924.4317763461203,924.4317763461203,924.4317763461203,924.4317763461203,924.4317763461203,924.4317763461203,924.4317763461203,924.4317763461203,924.4317763461203,924.4317763461203,924.4317763461203,924.4317763461203,924.4317763461203,924.4317763461203,924.4317763461203,924.4317763461203,924.4317763461203,924.4317763461203,924.4317763461203,924.4317763461203,924.4317763461203,924.4317763461203,924.4317763461203,924.4317763461203,924.4317763461203,924.4317763461203,924.4317763461203,924.4317763461203,924.4317763461203,924.4317763461203,891.0782923480765,891.0782923480765,891.0782923480765,891.0782923480765,891.0782923480765,891.0782923480765,891.0782923480765,891.0782923480765,891.0782923480765,891.0782923480765,891.0782923480765,891.0782923480765,891.0782923480765,891.0782923480765,891.0782923480765,891.0782923480765,891.0782923480765,891.0782923480765,891.0782923480765,891.0782923480765,891.0782923480765,891.0782923480765,891.0782923480765,764.0427439535848,764.0427439535848,764.0427439535848,764.0427439535848,764.0427439535848,764.0427439535848,764.0427439535848,764.0427439535848,764.0427439535848,764.0427439535848,764.0427439535848,764.0427439535848,764.0427439535848,764.0427439535848,764.0427439535848,764.0427439535848,764.0427439535848,764.0427439535848,764.0427439535848,764.0427439535848,764.0427439535848,764.0427439535848,764.0427439535848,764.0427439535848,764.0427439535848,764.0427439535848,764.0427439535848,764.0427439535848,764.0427439535848,764.0427439535848,764.0427439535848,764.0427439535848,764.0427439535848,764.0427439535848,764.0427439535848,764.0427439535848,764.0427439535848,764.0427439535848,764.0427439535848,764.0427439535848,764.0427439535848,764.0427439535848,764.0427439535848,764.0427439535848,764.0427439535848,764.0427439535848,764.0427439535848,764.0427439535848,764.0427439535848,764.0427439535848,764.0427439535848,764.0427439535848,764.0427439535848,764.0427439535848,764.0427439535848,764.0427439535848,764.0427439535848,764.0427439535848,764.0427439535848,764.0427439535848,764.0427439535848,764.0427439535848,764.0427439535848,764.0427439535848,764.0427439535848,764.0427439535848,764.0427439535848,764.0427439535848,759.3020745380239,759.3020745380239,759.3020745380239,759.3020745380239,759.3020745380239,759.3020745380239,759.3020745380239,759.3020745380239,686.6084301693875,686.6084301693875,686.6084301693875,628.4206709888482,628.4206709888482,628.4206709888482,628.4206709888482,628.4206709888482,628.4206709888482,628.4206709888482,628.4206709888482,628.4206709888482,628.4206709888482,628.4206709888482,623.6563764661652,623.6563764661652,623.6563764661652,623.6563764661652,623.6563764661652,623.6563764661652,623.6563764661652,623.6563764661652,623.6563764661652,623.6563764661652,623.6563764661652,623.6563764661652,623.6563764661652,623.6563764661652,623.6563764661652,623.6563764661652,623.6563764661652,623.6563764661652,623.6563764661652,623.6563764661652,623.6563764661652,623.6563764661652,623.6563764661652,623.6563764661652,623.6563764661652,623.6563764661652,623.6563764661652,623.6563764661652,623.6563764661652,623.6563764661652,623.6563764661652,623.6563764661652,623.6563764661652,623.6563764661652,623.6563764661652,623.6563764661652,623.6563764661652,623.6563764661652,623.6563764661652,623.6563764661652,623.6563764661652,623.6563764661652,623.6563764661652,623.6563764661652,623.6563764661652,623.6563764661652,623.6563764661652,623.6563764661652,623.6563764661652,623.6563764661652,623.6563764661652,623.6563764661652,623.6563764661652,623.6563764661652,623.6563764661652,623.6563764661652,623.6563764661652,623.6563764661652,623.6563764661652,623.6563764661652,623.6563764661652,623.6563764661652,619.5818324336369,619.5818324336369,619.5818324336369,619.5818324336369,619.5818324336369,619.5818324336369,619.5818324336369,619.5818324336369,619.5818324336369,619.5818324336369,619.5818324336369,619.5818324336369,619.5818324336369,619.5818324336369,619.5818324336369,619.5818324336369,619.5818324336369,619.5818324336369,619.5818324336369,619.5818324336369,619.5818324336369,619.5818324336369,612.2089400681025,612.2089400681025,612.2089400681025,612.2089400681025]"
RC101,25,QPSO,17,856.0614573169851,1.0207463999977335,271,True,301,"[1213.0121550569515,1213.0121550569515,1198.2116296214147,1198.2116296214147,1198.2116296214147,1148.7511961205316,1148.7511961205316,1148.7511961205316,1148.7511961205316,1148.7511961205316,1148.7511961205316,1148.7511961205316,1148.7511961205316,1148.7511961205316,1130.1820887162123,1130.1820887162123,1130.1820887162123,1070.1738905241132,1070.1738905241132,1070.1738905241132,1070.1738905241132,1070.1738905241132,1070.1738905241132,1070.1738905241132,1070.1738905241132,1070.1738905241132,1021.9166703301166,1021.9166703301166,1021.9166703301166,1021.9166703301166,1021.9166703301166,1021.9166703301166,1021.9166703301166,1021.9166703301166,1021.9166703301166,1021.9166703301166,1021.9166703301166,1021.9166703301166,1021.9166703301166,1021.9166703301166,1021.9166703301166,1021.9166703301166,1021.9166703301166,1021.9166703301166,1021.9166703301166,1021.9166703301166,1021.9166703301166,1021.9166703301166,1021.9166703301166,1021.9166703301166,1021.9166703301166,1021.9166703301166,1021.9166703301166,1021.9166703301166,1021.9166703301166,1021.9166703301166,1021.9166703301166,1021.9166703301166,1021.9166703301166,1021.9166703301166,1021.9166703301166,1021.9166703301166,1021.9166703301166,1021.9166703301166,1021.9166703301166,1021.9166703301166,1021.9166703301166,1021.9166703301166,1021.9166703301166,1021.9166703301166,1021.9166703301166,1021.9166703301166,1021.9166703301166,1021.9166703301166,1021.9166703301166,1021.9166703301166,1021.9166703301166,1021.9166703301166,1021.9166703301166,1021.9166703301166,1021.9166703301166,1021.9166703301166,1021.9166703301166,1021.9166703301166,1021.9166703301166,1021.9166703301166,1021.9166703301166,1021.9166703301166,1021.9166703301166,1021.9166703301166,1021.9166703301166,1021.9166703301166,1021.9166703301166,1021.9166703301166,1021.9166703301166,1021.9166703301166,1021.9166703301166,1021.9166703301166,1021.9166703301166,1021.9166703301166,1021.9166703301166,1021.9166703301166,1021.9166703301166,1021.9166703301166,1021.9166703301166,1021.9166703301166,1021.9166703301166,1021.9166703301166,1021.9166703301166,1021.9166703301166,1021.9166703301166,1021.9166703301166,1021.9166703301166,1021.9166703301166,1021.9166703301166,1021.9166703301166,1021.9166703301166,1021.9166703301166,1021.9166703301166,1021.9166703301166,1021.9166703301166,1021.9166703301166,1021.9166703301166,1021.9166703301166,1021.9166703301166,1021.9166703301166,1021.9166703301166,1021.9166703301166,1021.9166703301166,1021.9166703301166,1021.9166703301166,1021.9166703301166,1021.9166703301166,1021.9166703301166,1021.9166703301166,1021.9166703301166,1021.9166703301166,1021.9166703301166,1021.9166703301166,1021.9166703301166,1021.9166703301166,1021.9166703301166,1021.9166703301166,1021.9166703301166,1021.9166703301166,1021.9166703301166,1021.9166703301166,1021.9166703301166,1021.9166703301166,1021.9166703301166,1021.9166703301166,1021.9166703301166,1021.9166703301166,1021.9166703301166,1021.9166703301166,1021.9166703301166,1021.9166703301166,1021.9166703301166,1021.9166703301166,1021.9166703301166,1021.9166703301166,1021.9166703301166,1021.9166703301166,1021.9166703301166,1021.9166703301166,1021.9166703301166,1021.9166703301166,1021.9166703301166,1021.9166703301166,1021.9166703301166,1021.9166703301166,1021.9166703301166,1021.9166703301166,1021.9166703301166,1021.9166703301166,1021.9166703301166,1021.9166703301166,1021.9166703301166,1021.9166703301166,1021.9166703301166,1021.9166703301166,1021.9166703301166,1021.9166703301166,1021.9166703301166,1021.9166703301166,1021.9166703301166,1021.9166703301166,1021.9166703301166,1021.9166703301166,1021.9166703301166,1021.9166703301166,1021.9166703301166,1021.9166703301166,1021.9166703301166,1021.9166703301166,1021.9166703301166,1021.9166703301166,1021.9166703301166,1021.9166703301166,1021.9166703301166,1021.9166703301166,1021.9166703301166,1021.9166703301166,1021.9166703301166,1021.9166703301166,1021.9166703301166,1021.9166703301166,1021.9166703301166,1021.9166703301166,1021.9166703301166,1021.9166703301166,1021.9166703301166,1021.9166703301166,1021.9166703301166,1021.9166703301166,1021.9166703301166,1021.9166703301166,1021.9166703301166,1021.9166703301166,1021.9166703301166,1021.9166703301166,1021.9166703301166,1021.9166703301166,1021.9166703301166,1021.9166703301166,1021.9166703301166,1021.9166703301166,1021.9166703301166,1021.9166703301166,1021.9166703301166,1021.9166703301166,1021.9166703301166,1021.9166703301166,1021.9166703301166,1021.9166703301166,1021.9166703301166,1021.9166703301166,1021.9166703301166,1021.9166703301166,1021.9166703301166,1021.9166703301166,1021.9166703301166,1021.9166703301166,1021.9166703301166,1021.9166703301166,1021.9166703301166,1021.9166703301166,1021.9166703301166,1021.9166703301166,1021.9166703301166,1021.9166703301166,1021.9166703301166,1021.9166703301166,1021.9166703301166,1021.9166703301166,1021.9166703301166,1021.9166703301166,1021.9166703301166,1021.9166703301166,1021.9166703301166,1021.9166703301166,1021.9166703301166,1021.9166703301166,1021.9166703301166,1021.9166703301166,1021.9166703301166,1021.9166703301166,868.6508326141463,868.6508326141463,868.6508326141463,868.6508326141463,856.0614573169851,856.0614573169851,856.0614573169851,856.0614573169851,856.0614573169851,856.0614573169851,856.0614573169851,856.0614573169851,856.0614573169851,856.0614573169851,856.0614573169851,856.0614573169851,856.0614573169851,856.0614573169851,856.0614573169851,856.0614573169851,856.0614573169851,856.0614573169851,856.0614573169851,856.0614573169851,856.0614573169851,856.0614573169851,856.0614573169851,856.0614573169851,856.0614573169851,856.0614573169851,856.0614573169851,856.0614573169851,856.0614573169851,856.0614573169851]"
RC101,25,QPSO,18,626.8750216800426,1.0880892999994103,294,True,301,"[1265.7463593825669,1160.80046277227,1160.80046277227,1160.80046277227,1160.80046277227,1160.80046277227,1160.80046277227,1160.80046277227,1160.80046277227,1093.0126684747088,1093.0126684747088,1093.0126684747088,1093.0126684747088,1093.0126684747088,1093.0126684747088,1093.0126684747088,1093.0126684747088,1093.0126684747088,1093.0126684747088,1093.0126684747088,1093.0126684747088,1093.0126684747088,1093.0126684747088,1093.0126684747088,1093.0126684747088,1093.0126684747088,1093.0126684747088,1093.0126684747088,1093.0126684747088,1093.0126684747088,1093.0126684747088,1093.0126684747088,1093.0126684747088,1069.1679955040277,1069.1679955040277,1069.1679955040277,1069.1679955040277,1069.1679955040277,1069.1679955040277,1069.1679955040277,1069.1679955040277,1069.1679955040277,1069.1679955040277,1069.1679955040277,1069.1679955040277,1069.1679955040277,1069.1679955040277,1069.1679955040277,1069.1679955040277,1069.1679955040277,1069.1679955040277,1069.1679955040277,1069.1679955040277,1069.1679955040277,1068.0322937265607,1068.0322937265607,1068.0322937265607,1068.0322937265607,1068.0322937265607,1068.0322937265607,1068.0322937265607,1068.0322937265607,1068.0322937265607,1068.0322937265607,1068.0322937265607,1058.651656631673,1058.651656631673,1058.651656631673,1058.651656631673,1058.651656631673,1058.651656631673,1058.651656631673,1058.651656631673,1058.651656631673,1058.651656631673,1058.651656631673,1058.651656631673,1058.651656631673,1058.651656631673,1058.651656631673,1058.651656631673,1058.651656631673,1058.651656631673,1058.651656631673,1058.651656631673,1058.651656631673,1058.651656631673,1058.651656631673,1058.651656631673,1058.651656631673,1058.651656631673,1058.651656631673,1058.651656631673,1058.651656631673,1053.9944045647953,1053.9944045647953,1053.9944045647953,1053.9944045647953,1053.9944045647953,1053.9944045647953,1053.9944045647953,1053.9944045647953,979.4157440255024,979.4157440255024,979.4157440255024,979.4157440255024,979.4157440255024,979.4157440255024,979.4157440255024,979.4157440255024,979.4157440255024,979.4157440255024,979.4157440255024,979.4157440255024,979.4157440255024,979.4157440255024,979.4157440255024,979.4157440255024,979.4157440255024,979.4157440255024,979.4157440255024,979.4157440255024,979.4157440255024,979.4157440255024,979.4157440255024,979.4157440255024,979.4157440255024,979.4157440255024,979.4157440255024,979.4157440255024,979.4157440255024,979.4157440255024,979.4157440255024,979.4157440255024,979.4157440255024,979.4157440255024,979.4157440255024,979.4157440255024,979.4157440255024,979.4157440255024,979.4157440255024,925.1810004614016,925.1810004614016,925.1810004614016,925.1810004614016,925.1810004614016,925.1810004614016,925.1810004614016,925.1810004614016,925.1810004614016,925.1810004614016,914.689674461804,914.689674461804,914.689674461804,914.689674461804,914.689674461804,815.7147472730884,815.7147472730884,815.7147472730884,815.7147472730884,815.7147472730884,815.7147472730884,815.7147472730884,815.7147472730884,714.5940772857915,714.5940772857915,714.5940772857915,714.5940772857915,714.5940772857915,714.5940772857915,714.5940772857915,714.5940772857915,714.5940772857915,714.5940772857915,714.5940772857915,714.5940772857915,714.5940772857915,714.5940772857915,714.5940772857915,714.5940772857915,714.5940772857915,714.5940772857915,714.5940772857915,714.5940772857915,714.5940772857915,714.5940772857915,714.5940772857915,714.5940772857915,714.5940772857915,714.5940772857915,714.5940772857915,714.5940772857915,714.5940772857915,714.5940772857915,714.5940772857915,714.5940772857915,714.5940772857915,714.5940772857915,714.5940772857915,714.5940772857915,714.5940772857915,714.5940772857915,714.5940772857915,714.5940772857915,714.5940772857915,714.5940772857915,689.7066839310394,689.7066839310394,689.7066839310394,689.7066839310394,689.7066839310394,689.7066839310394,689.7066839310394,689.7066839310394,644.0386851083726,644.0386851083726,644.0386851083726,644.0386851083726,644.0386851083726,644.0386851083726,644.0386851083726,644.0386851083726,644.0386851083726,644.0386851083726,644.0386851083726,644.0386851083726,644.0386851083726,644.0386851083726,644.0386851083726,644.0386851083726,644.0386851083726,644.0386851083726,644.0386851083726,644.0386851083726,644.0386851083726,644.0386851083726,629.8406460811872,629.8406460811872,629.8406460811872,629.8406460811872,629.8406460811872,629.8406460811872,629.8406460811872,629.8406460811872,629.8406460811872,629.8406460811872,629.8406460811872,629.8406460811872,629.8406460811872,629.8406460811872,629.8406460811872,629.8406460811872,629.8406460811872,629.8406460811872,629.8406460811872,629.8406460811872,629.8406460811872,629.8406460811872,629.8406460811872,629.8406460811872,629.8406460811872,629.8406460811872,629.8406460811872,629.8406460811872,629.8406460811872,629.8406460811872,629.8406460811872,629.8406460811872,629.8406460811872,629.8406460811872,629.8406460811872,629.8406460811872,629.8406460811872,629.8406460811872,629.8406460811872,629.8406460811872,629.8406460811872,629.8406460811872,629.8406460811872,629.8406460811872,629.8406460811872,629.8406460811872,629.8406460811872,629.8406460811872,629.8406460811872,629.8406460811872,629.8406460811872,629.8406460811872,629.8406460811872,629.8406460811872,629.8406460811872,629.8406460811872,629.4564893436896,629.4564893436896,626.8750216800426,626.8750216800426,626.8750216800426,626.8750216800426,626.8750216800426,626.8750216800426,626.8750216800426]"
RC101,25,QPSO,19,755.1969265303103,1.0216444999969099,183,True,301,"[1307.4838715442072,1227.4084993661613,1180.5341858583201,1180.5341858583201,1168.7274875272376,1164.5285597500322,1164.5285597500322,1164.5285597500322,1164.5285597500322,1164.5285597500322,1127.1355208826772,1127.1355208826772,1127.1355208826772,1127.1355208826772,1127.1355208826772,1127.1355208826772,1127.1355208826772,1127.1355208826772,1085.2855046624036,1085.2855046624036,1085.2855046624036,1085.2855046624036,1085.2855046624036,1085.2855046624036,1085.2855046624036,1085.2855046624036,968.6142327013388,968.6142327013388,968.6142327013388,968.6142327013388,968.6142327013388,968.6142327013388,968.6142327013388,968.6142327013388,968.6142327013388,968.6142327013388,968.6142327013388,968.6142327013388,968.6142327013388,968.6142327013388,909.6199425486892,909.6199425486892,909.6199425486892,909.6199425486892,909.6199425486892,909.6199425486892,909.6199425486892,909.6199425486892,909.6199425486892,909.6199425486892,909.6199425486892,909.6199425486892,909.6199425486892,909.6199425486892,909.6199425486892,909.6199425486892,909.6199425486892,909.6199425486892,909.6199425486892,909.6199425486892,909.6199425486892,909.6199425486892,909.6199425486892,909.6199425486892,909.6199425486892,909.6199425486892,909.6199425486892,909.6199425486892,909.6199425486892,909.6199425486892,909.6199425486892,909.6199425486892,909.6199425486892,909.6199425486892,909.6199425486892,909.6199425486892,909.6199425486892,909.6199425486892,909.6199425486892,909.6199425486892,909.6199425486892,909.6199425486892,909.6199425486892,909.6199425486892,909.6199425486892,909.6199425486892,909.6199425486892,909.6199425486892,909.6199425486892,909.6199425486892,909.6199425486892,806.290277602945,806.290277602945,806.290277602945,806.290277602945,806.290277602945,806.290277602945,806.290277602945,806.290277602945,806.290277602945,806.290277602945,806.290277602945,806.290277602945,806.290277602945,806.290277602945,806.290277602945,806.290277602945,806.290277602945,806.290277602945,806.290277602945,806.290277602945,806.290277602945,806.290277602945,806.290277602945,806.290277602945,806.290277602945,806.290277602945,806.290277602945,806.290277602945,806.290277602945,806.290277602945,806.290277602945,806.290277602945,806.290277602945,806.290277602945,806.290277602945,806.290277602945,806.290277602945,806.290277602945,806.290277602945,806.290277602945,806.290277602945,806.290277602945,806.290277602945,806.290277602945,806.290277602945,806.290277602945,806.290277602945,806.290277602945,806.290277602945,806.290277602945,806.290277602945,806.290277602945,806.290277602945,806.290277602945,806.290277602945,806.290277602945,806.290277602945,806.290277602945,806.290277602945,806.290277602945,806.290277602945,806.290277602945,806.290277602945,806.290277602945,806.290277602945,806.290277602945,806.290277602945,806.290277602945,806.290277602945,806.290277602945,806.290277602945,806.290277602945,806.290277602945,806.290277602945,806.290277602945,806.290277602945,806.290277602945,806.290277602945,806.290277602945,806.290277602945,806.290277602945,806.290277602945,806.290277602945,806.290277602945,806.290277602945,806.290277602945,806.290277602945,806.290277602945,806.290277602945,806.290277602945,806.290277602945,806.290277602945,755.1969265303103,755.1969265303103,755.1969265303103,755.1969265303103,755.1969265303103,755.1969265303103,755.1969265303103,755.1969265303103,755.1969265303103,755.1969265303103,755.1969265303103,755.1969265303103,755.1969265303103,755.1969265303103,755.1969265303103,755.1969265303103,755.1969265303103,755.1969265303103,755.1969265303103,755.1969265303103,755.1969265303103,755.1969265303103,755.1969265303103,755.1969265303103,755.1969265303103,755.1969265303103,755.1969265303103,755.1969265303103,755.1969265303103,755.1969265303103,755.1969265303103,755.1969265303103,755.1969265303103,755.1969265303103,755.1969265303103,755.1969265303103,755.1969265303103,755.1969265303103,755.1969265303103,755.1969265303103,755.1969265303103,755.1969265303103,755.1969265303103,755.1969265303103,755.1969265303103,755.1969265303103,755.1969265303103,755.1969265303103,755.1969265303103,755.1969265303103,755.1969265303103,755.1969265303103,755.1969265303103,755.1969265303103,755.1969265303103,755.1969265303103,755.1969265303103,755.1969265303103,755.1969265303103,755.1969265303103,755.1969265303103,755.1969265303103,755.1969265303103,755.1969265303103,755.1969265303103,755.1969265303103,755.1969265303103,755.1969265303103,755.1969265303103,755.1969265303103,755.1969265303103,755.1969265303103,755.1969265303103,755.1969265303103,755.1969265303103,755.1969265303103,755.1969265303103,755.1969265303103,755.1969265303103,755.1969265303103,755.1969265303103,755.1969265303103,755.1969265303103,755.1969265303103,755.1969265303103,755.1969265303103,755.1969265303103,755.1969265303103,755.1969265303103,755.1969265303103,755.1969265303103,755.1969265303103,755.1969265303103,755.1969265303103,755.1969265303103,755.1969265303103,755.1969265303103,755.1969265303103,755.1969265303103,755.1969265303103,755.1969265303103,755.1969265303103,755.1969265303103,755.1969265303103,755.1969265303103,755.1969265303103,755.1969265303103,755.1969265303103,755.1969265303103,755.1969265303103,755.1969265303103,755.1969265303103,755.1969265303103,755.1969265303103,755.1969265303103,755.1969265303103,755.1969265303103,755.1969265303103]"
RC101,25,QPSO,20,903.1278871735973,1.045760099979816,210,True,301,"[1301.3293975007914,1154.144730959069,1154.144730959069,1154.144730959069,1154.144730959069,1154.144730959069,1154.144730959069,1154.144730959069,1154.144730959069,1154.144730959069,1154.144730959069,1154.144730959069,1154.144730959069,1154.144730959069,1154.144730959069,1154.144730959069,1154.144730959069,1154.144730959069,1154.144730959069,1154.144730959069,1154.144730959069,1154.144730959069,1154.144730959069,1154.144730959069,1139.4545406353045,1139.4545406353045,1139.4545406353045,1139.4545406353045,1139.4545406353045,1139.4545406353045,1093.5808716385977,1093.5808716385977,1093.5808716385977,1093.5808716385977,1093.5808716385977,1093.5808716385977,1093.5808716385977,1093.5808716385977,1093.5808716385977,1093.5808716385977,1093.5808716385977,1093.5808716385977,1093.5808716385977,1093.5808716385977,1093.5808716385977,1093.5808716385977,1093.5808716385977,1093.5808716385977,1093.5808716385977,1093.5808716385977,1093.5808716385977,1093.5808716385977,1093.5808716385977,1093.5808716385977,1093.5808716385977,1000.057270774638,1000.057270774638,1000.057270774638,1000.057270774638,1000.057270774638,1000.057270774638,1000.057270774638,1000.057270774638,1000.057270774638,1000.057270774638,1000.057270774638,1000.057270774638,1000.057270774638,1000.057270774638,1000.057270774638,1000.057270774638,1000.057270774638,1000.057270774638,1000.057270774638,1000.057270774638,1000.057270774638,1000.057270774638,1000.057270774638,1000.057270774638,1000.057270774638,1000.057270774638,1000.057270774638,1000.057270774638,1000.057270774638,1000.057270774638,1000.057270774638,1000.057270774638,1000.057270774638,1000.057270774638,1000.057270774638,1000.057270774638,1000.057270774638,1000.057270774638,1000.057270774638,1000.057270774638,1000.057270774638,1000.057270774638,1000.057270774638,1000.057270774638,1000.057270774638,1000.057270774638,1000.057270774638,1000.057270774638,1000.057270774638,1000.057270774638,1000.057270774638,1000.057270774638,1000.057270774638,1000.057270774638,1000.057270774638,1000.057270774638,1000.057270774638,1000.057270774638,1000.057270774638,1000.057270774638,1000.057270774638,1000.057270774638,1000.057270774638,1000.057270774638,1000.057270774638,1000.057270774638,1000.057270774638,1000.057270774638,1000.057270774638,1000.057270774638,1000.057270774638,1000.057270774638,1000.057270774638,1000.057270774638,1000.057270774638,1000.057270774638,1000.057270774638,1000.057270774638,1000.057270774638,1000.057270774638,1000.057270774638,1000.057270774638,1000.057270774638,1000.057270774638,1000.057270774638,1000.057270774638,1000.057270774638,1000.057270774638,1000.057270774638,1000.057270774638,1000.057270774638,1000.057270774638,1000.057270774638,1000.057270774638,1000.057270774638,1000.057270774638,1000.057270774638,1000.057270774638,1000.057270774638,1000.057270774638,1000.057270774638,1000.057270774638,1000.057270774638,1000.057270774638,1000.057270774638,1000.057270774638,1000.057270774638,1000.057270774638,1000.057270774638,1000.057270774638,1000.057270774638,1000.057270774638,1000.057270774638,1000.057270774638,1000.057270774638,1000.057270774638,1000.057270774638,1000.057270774638,1000.057270774638,1000.057270774638,1000.057270774638,1000.057270774638,1000.057270774638,1000.057270774638,1000.057270774638,1000.057270774638,1000.057270774638,1000.057270774638,1000.057270774638,1000.057270774638,1000.057270774638,1000.057270774638,1000.057270774638,1000.057270774638,1000.057270774638,1000.057270774638,1000.057270774638,1000.057270774638,982.3253079331562,982.3253079331562,982.3253079331562,982.3253079331562,982.3253079331562,982.3253079331562,982.3253079331562,982.3253079331562,982.3253079331562,982.3253079331562,982.3253079331562,982.3253079331562,982.3253079331562,982.3253079331562,953.3444708417658,953.3444708417658,953.3444708417658,903.1278871735973,903.1278871735973,903.1278871735973,903.1278871735973,903.1278871735973,903.1278871735973,903.1278871735973,903.1278871735973,903.1278871735973,903.1278871735973,903.1278871735973,903.1278871735973,903.1278871735973,903.1278871735973,903.1278871735973,903.1278871735973,903.1278871735973,903.1278871735973,903.1278871735973,903.1278871735973,903.1278871735973,903.1278871735973,903.1278871735973,903.1278871735973,903.1278871735973,903.1278871735973,903.1278871735973,903.1278871735973,903.1278871735973,903.1278871735973,903.1278871735973,903.1278871735973,903.1278871735973,903.1278871735973,903.1278871735973,903.1278871735973,903.1278871735973,903.1278871735973,903.1278871735973,903.1278871735973,903.1278871735973,903.1278871735973,903.1278871735973,903.1278871735973,903.1278871735973,903.1278871735973,903.1278871735973,903.1278871735973,903.1278871735973,903.1278871735973,903.1278871735973,903.1278871735973,903.1278871735973,903.1278871735973,903.1278871735973,903.1278871735973,903.1278871735973,903.1278871735973,903.1278871735973,903.1278871735973,903.1278871735973,903.1278871735973,903.1278871735973,903.1278871735973,903.1278871735973,903.1278871735973,903.1278871735973,903.1278871735973,903.1278871735973,903.1278871735973,903.1278871735973,903.1278871735973,903.1278871735973,903.1278871735973,903.1278871735973,903.1278871735973,903.1278871735973,903.1278871735973,903.1278871735973,903.1278871735973,903.1278871735973,903.1278871735973,903.1278871735973,903.1278871735973,903.1278871735973,903.1278871735973,903.1278871735973,903.1278871735973,903.1278871735973,903.1278871735973,903.1278871735973]"
RC101,25,QPSO,21,678.951883805843,0.9281286000041291,299,True,301,"[1295.318760961005,1257.6217868673225,1257.6217868673225,1257.6217868673225,1257.6217868673225,1200.0353657583378,1200.0353657583378,1157.5663067827857,1157.5663067827857,1157.5663067827857,1157.5663067827857,1157.5663067827857,1157.5663067827857,1157.5663067827857,1148.2684402436669,1148.2684402436669,1148.2684402436669,1133.9958440241612,1133.9958440241612,1132.8454734997706,1132.8454734997706,1132.8454734997706,1132.8454734997706,1103.4156172851574,1103.4156172851574,1103.4156172851574,1103.4156172851574,1103.4156172851574,1096.7738447046875,1096.7738447046875,1096.7738447046875,1096.7738447046875,1096.7738447046875,1096.7738447046875,1096.7738447046875,1096.7738447046875,1096.7738447046875,1005.0422604887655,1005.0422604887655,1005.0422604887655,1005.0422604887655,1005.0422604887655,1005.0422604887655,1005.0422604887655,1005.0422604887655,1005.0422604887655,1005.0422604887655,1005.0422604887655,1005.0422604887655,1005.0422604887655,1005.0422604887655,1005.0422604887655,1005.0422604887655,1005.0422604887655,1005.0422604887655,1005.0422604887655,1005.0422604887655,1005.0422604887655,1005.0422604887655,1005.0422604887655,1005.0422604887655,1005.0422604887655,1005.0422604887655,1005.0422604887655,1005.0422604887655,1005.0422604887655,1005.0422604887655,1005.0422604887655,1005.0422604887655,1005.0422604887655,1005.0422604887655,1005.0422604887655,1005.0422604887655,1005.0422604887655,1005.0422604887655,1005.0422604887655,1005.0422604887655,1005.0422604887655,1005.0422604887655,1005.0422604887655,1005.0422604887655,1005.0422604887655,1005.0422604887655,1005.0422604887655,1005.0422604887655,1005.0422604887655,1005.0422604887655,1005.0422604887655,1005.0422604887655,1005.0422604887655,1005.0422604887655,1005.0422604887655,1005.0422604887655,1005.0422604887655,1005.0422604887655,1005.0422604887655,1005.0422604887655,1005.0422604887655,1005.0422604887655,1005.0422604887655,1005.0422604887655,1005.0422604887655,1005.0422604887655,1005.0422604887655,1005.0422604887655,1005.0422604887655,1005.0422604887655,1005.0422604887655,1005.0422604887655,1005.0422604887655,1005.0422604887655,1005.0422604887655,1005.0422604887655,1005.0422604887655,1005.0422604887655,1005.0422604887655,1005.0422604887655,1005.0422604887655,1005.0422604887655,1005.0422604887655,1005.0422604887655,1005.0422604887655,1005.0422604887655,1005.0422604887655,1005.0422604887655,1005.0422604887655,1005.0422604887655,1005.0422604887655,1005.0422604887655,1005.0422604887655,1005.0422604887655,1005.0422604887655,1005.0422604887655,1005.0422604887655,1005.0422604887655,1005.0422604887655,1005.0422604887655,1005.0422604887655,1005.0422604887655,1005.0422604887655,1005.0422604887655,1005.0422604887655,1005.0422604887655,1005.0422604887655,1005.0422604887655,1005.0422604887655,1005.0422604887655,1005.0422604887655,1005.0422604887655,1005.0422604887655,983.9262448815019,983.9262448815019,983.9262448815019,983.9262448815019,983.9262448815019,983.9262448815019,983.9262448815019,983.9262448815019,983.9262448815019,983.9262448815019,983.9262448815019,983.9262448815019,928.3816144451778,928.3816144451778,928.3816144451778,928.3816144451778,928.3816144451778,928.3816144451778,928.3816144451778,928.3816144451778,928.3816144451778,928.3816144451778,928.3816144451778,928.3816144451778,928.3816144451778,928.3816144451778,928.3816144451778,928.3816144451778,928.3816144451778,928.3816144451778,928.3816144451778,928.3816144451778,928.3816144451778,928.3816144451778,928.3816144451778,928.3816144451778,928.3816144451778,928.3816144451778,928.3816144451778,928.3816144451778,928.3816144451778,928.3816144451778,928.3816144451778,928.3816144451778,928.3816144451778,928.3816144451778,928.3816144451778,928.3816144451778,928.3816144451778,928.3816144451778,928.3816144451778,928.3816144451778,928.3816144451778,928.3816144451778,928.3816144451778,928.3816144451778,928.3816144451778,928.3816144451778,928.3816144451778,928.3816144451778,928.3816144451778,889.581389784479,889.581389784479,889.581389784479,889.581389784479,889.581389784479,889.581389784479,889.581389784479,889.581389784479,889.581389784479,889.581389784479,889.581389784479,889.581389784479,889.581389784479,889.581389784479,889.581389784479,889.581389784479,889.581389784479,889.581389784479,889.581389784479,889.581389784479,889.581389784479,889.581389784479,885.0053940935354,885.0053940935354,885.0053940935354,885.0053940935354,885.0053940935354,885.0053940935354,885.0053940935354,885.0053940935354,885.0053940935354,885.0053940935354,804.8682405375615,804.8682405375615,804.8682405375615,804.8682405375615,804.8682405375615,804.8682405375615,804.8682405375615,804.8682405375615,804.8682405375615,804.8682405375615,804.8682405375615,804.8682405375615,804.8682405375615,804.8682405375615,804.8682405375615,804.8682405375615,804.8682405375615,738.0483659003041,738.0483659003041,738.0483659003041,738.0483659003041,738.0483659003041,738.0483659003041,738.0483659003041,738.0483659003041,738.0483659003041,717.8711299911433,717.8711299911433,717.8711299911433,717.8711299911433,717.8711299911433,717.8711299911433,717.8711299911433,717.8711299911433,717.8711299911433,717.8711299911433,717.8711299911433,717.8711299911433,717.8711299911433,717.8711299911433,717.8711299911433,717.8711299911433,717.8711299911433,688.5695251471494,688.5695251471494,688.5695251471494,688.5695251471494,688.5695251471494,688.5695251471494,688.5695251471494,688.5695251471494,681.196632781615,681.196632781615,681.196632781615,681.196632781615,681.196632781615,678.951883805843,678.951883805843]"
RC101,25,QPSO,22,611.8771313877513,1.1627319999970496,287,True,301,"[1230.1759655647277,1230.1759655647277,1230.1759655647277,1220.4840947250218,1103.8848528559727,1103.8848528559727,1103.8848528559727,1103.8848528559727,1103.8848528559727,1037.3960283859,1037.3960283859,1037.3960283859,1037.3960283859,1037.3960283859,1037.3960283859,1037.3960283859,1037.3960283859,1037.3960283859,1037.3960283859,1037.3960283859,1037.3960283859,1037.3960283859,1037.3960283859,1037.3960283859,1037.3960283859,1037.3960283859,1037.3960283859,1037.3960283859,1037.3960283859,1037.3960283859,1037.3960283859,1037.3960283859,1037.3960283859,1037.3960283859,1037.3960283859,1037.3960283859,1037.3960283859,1037.3960283859,1037.3960283859,1037.3960283859,1037.3960283859,1032.7809689600674,1032.7809689600674,1032.7809689600674,1032.7809689600674,1032.7809689600674,1032.7809689600674,1032.7809689600674,1032.7809689600674,1032.7809689600674,1032.7809689600674,1032.7809689600674,1032.7809689600674,1032.7809689600674,1032.7809689600674,1032.7809689600674,1032.7809689600674,1032.7809689600674,1032.7809689600674,1032.7809689600674,1032.7809689600674,1032.7809689600674,1032.7809689600674,1032.7809689600674,1032.7809689600674,1032.7809689600674,1032.7809689600674,1032.7809689600674,1032.7809689600674,1032.7809689600674,1032.7809689600674,1026.2500553568334,1026.2500553568334,1026.2500553568334,1026.2500553568334,1026.2500553568334,1026.2500553568334,1026.2500553568334,1026.2500553568334,1026.2500553568334,1026.2500553568334,1026.2500553568334,1026.2500553568334,1026.2500553568334,980.3498871372086,980.3498871372086,980.3498871372086,980.3498871372086,958.0036710415231,958.0036710415231,958.0036710415231,958.0036710415231,958.0036710415231,958.0036710415231,958.0036710415231,958.0036710415231,958.0036710415231,958.0036710415231,958.0036710415231,958.0036710415231,938.6121738513646,877.0970255866965,877.0970255866965,877.0970255866965,877.0970255866965,877.0970255866965,877.0970255866965,877.0970255866965,877.0970255866965,877.0970255866965,877.0970255866965,877.0970255866965,877.0970255866965,877.0970255866965,850.6752008756652,850.6752008756652,850.6752008756652,850.6752008756652,850.6752008756652,850.6752008756652,850.6752008756652,850.6752008756652,850.6752008756652,850.6752008756652,850.6752008756652,850.6752008756652,850.6752008756652,850.6752008756652,850.6752008756652,850.6752008756652,850.6752008756652,850.6752008756652,850.6752008756652,850.6752008756652,850.6752008756652,850.6752008756652,850.6752008756652,850.6752008756652,850.6752008756652,850.6752008756652,850.6752008756652,850.6752008756652,850.6752008756652,850.6752008756652,850.6752008756652,850.6752008756652,850.6752008756652,850.6752008756652,836.6194436957499,836.6194436957499,836.6194436957499,836.6194436957499,836.6194436957499,836.6194436957499,836.6194436957499,836.6194436957499,836.6194436957499,836.6194436957499,836.6194436957499,836.6194436957499,836.6194436957499,808.8815307704126,808.8815307704126,808.8815307704126,808.8815307704126,808.8815307704126,808.8815307704126,808.8815307704126,808.8815307704126,808.8815307704126,808.8815307704126,808.8815307704126,808.8815307704126,808.8815307704126,808.8815307704126,771.8587785395578,771.8587785395578,771.8587785395578,771.8587785395578,759.5798114616452,759.5798114616452,759.5798114616452,706.7487167378378,706.7487167378378,706.7487167378378,706.7487167378378,706.7487167378378,706.7487167378378,706.7487167378378,706.7487167378378,706.7487167378378,706.7487167378378,706.7487167378378,706.7487167378378,705.8411000662367,705.8411000662367,705.8411000662367,705.8411000662367,705.8411000662367,705.8411000662367,705.8411000662367,705.8411000662367,705.8411000662367,705.8411000662367,705.8411000662367,705.8411000662367,705.8411000662367,705.8411000662367,705.8411000662367,679.8720482451237,679.8720482451237,671.779087846398,671.779087846398,671.779087846398,671.779087846398,669.7658140573609,669.7658140573609,669.7658140573609,669.7658140573609,669.7658140573609,669.7658140573609,669.7658140573609,669.7658140573609,669.7658140573609,669.7658140573609,669.7658140573609,666.922470467285,659.3150724010828,659.3150724010828,659.3150724010828,631.7903399897308,631.7903399897308,631.7903399897308,631.7903399897308,631.7903399897308,631.7903399897308,631.7903399897308,631.7903399897308,631.7903399897308,631.7903399897308,631.7903399897308,631.7903399897308,631.7903399897308,631.7903399897308,631.7903399897308,631.7903399897308,631.7903399897308,631.7903399897308,624.5743415322469,624.5743415322469,624.5743415322469,624.5743415322469,624.5743415322469,624.5743415322469,624.5743415322469,624.5743415322469,624.5743415322469,624.5743415322469,624.5743415322469,624.5743415322469,619.9274969806781,619.9274969806781,619.9274969806781,619.9274969806781,619.9274969806781,619.9274969806781,619.9274969806781,619.9274969806781,619.9274969806781,619.9274969806781,619.9274969806781,619.9274969806781,619.9274969806781,619.9274969806781,619.9274969806781,619.9274969806781,619.9274969806781,619.9274969806781,611.8771313877514,611.8771313877514,611.8771313877514,611.8771313877514,611.8771313877514,611.8771313877514,611.8771313877514,611.8771313877514,611.8771313877514,611.8771313877513,611.8771313877513,611.8771313877513,611.8771313877513,611.8771313877513,611.8771313877513,611.8771313877513,611.8771313877513,611.8771313877513,611.8771313877513,611.8771313877513,611.8771313877513,611.8771313877513,611.8771313877513]"
RC101,25,QPSO,23,679.1415167592185,1.0417234000051394,292,True,301,"[1219.013689022479,1219.013689022479,1181.408467839728,1181.408467839728,1181.408467839728,1181.408467839728,1181.408467839728,1181.408467839728,1142.0852088418799,1142.0852088418799,1142.0852088418799,1142.0852088418799,1142.0852088418799,1142.0852088418799,1142.0852088418799,1142.0852088418799,1142.0852088418799,1035.6305399786538,1035.6305399786538,1035.6305399786538,1035.6305399786538,1035.6305399786538,1035.6305399786538,1035.6305399786538,1035.6305399786538,1035.6305399786538,1035.6305399786538,1035.6305399786538,1035.6305399786538,1035.6305399786538,1035.6305399786538,1035.6305399786538,1035.6305399786538,1035.6305399786538,1035.6305399786538,1035.6305399786538,1035.6305399786538,1035.6305399786538,1035.6305399786538,1035.6305399786538,1035.6305399786538,1035.6305399786538,1035.6305399786538,1035.6305399786538,1035.6305399786538,1035.6305399786538,1035.6305399786538,1035.6305399786538,1035.6305399786538,1035.6305399786538,1035.6305399786538,1035.6305399786538,1035.6305399786538,1035.6305399786538,1035.6305399786538,1035.6305399786538,1035.6305399786538,1035.6305399786538,1035.6305399786538,1035.6305399786538,1035.6305399786538,1035.6305399786538,1035.6305399786538,1035.6305399786538,1035.6305399786538,1035.6305399786538,1035.6305399786538,1035.6305399786538,1035.6305399786538,1035.6305399786538,1035.6305399786538,1035.6305399786538,1035.6305399786538,1035.6305399786538,1035.6305399786538,1035.6305399786538,1035.6305399786538,1035.6305399786538,1035.6305399786538,1035.6305399786538,1035.6305399786538,1035.6305399786538,1035.6305399786538,1035.6305399786538,1035.6305399786538,1035.6305399786538,1035.6305399786538,1035.6305399786538,1035.6305399786538,1035.6305399786538,1035.6305399786538,1035.6305399786538,994.146751994574,994.146751994574,994.146751994574,994.146751994574,970.8248451938125,970.8248451938125,970.8248451938125,970.8248451938125,970.8248451938125,970.8248451938125,933.7040394211069,933.7040394211069,933.7040394211069,933.7040394211069,933.7040394211069,933.7040394211069,933.7040394211069,933.7040394211069,933.7040394211069,933.7040394211069,933.7040394211069,933.7040394211069,933.7040394211069,933.7040394211069,933.7040394211069,933.7040394211069,933.7040394211069,933.7040394211069,933.7040394211069,933.7040394211069,933.7040394211069,933.7040394211069,933.7040394211069,933.7040394211069,933.7040394211069,933.7040394211069,933.7040394211069,933.7040394211069,933.7040394211069,933.7040394211069,933.7040394211069,933.7040394211069,933.7040394211069,933.7040394211069,933.7040394211069,879.5507378971263,879.5507378971263,879.5507378971263,879.5507378971263,879.5507378971263,879.5507378971263,879.5507378971263,879.5507378971263,860.8468236951913,860.8468236951913,773.8123207570702,773.8123207570702,773.8123207570702,773.8123207570702,773.8123207570702,773.8123207570702,773.8123207570702,773.8123207570702,773.8123207570702,773.8123207570702,773.8123207570702,773.8123207570702,773.8123207570702,773.8123207570702,773.8123207570702,773.8123207570702,773.8123207570702,773.8123207570702,773.8123207570702,773.8123207570702,773.8123207570702,773.8123207570702,773.8123207570702,773.8123207570702,773.8123207570702,773.8123207570702,773.8123207570702,773.8123207570702,773.8123207570702,773.8123207570702,773.8123207570702,773.8123207570702,773.8123207570702,773.8123207570702,773.8123207570702,773.8123207570702,773.8123207570702,773.8123207570702,773.8123207570702,773.8123207570702,773.8123207570702,773.8123207570702,773.8123207570702,773.8123207570702,766.9026083455125,766.9026083455125,766.9026083455125,766.9026083455125,766.9026083455125,766.9026083455125,766.9026083455125,766.9026083455125,766.9026083455125,766.9026083455125,766.9026083455125,766.9026083455125,766.9026083455125,766.9026083455125,766.9026083455125,766.9026083455125,766.9026083455125,766.9026083455125,766.9026083455125,766.9026083455125,752.4452539912345,752.4452539912345,752.4452539912345,752.4452539912345,752.4452539912345,752.4452539912345,752.4452539912345,752.4452539912345,752.4452539912345,752.4452539912345,752.4452539912345,752.4452539912345,752.4452539912345,752.4452539912345,752.4452539912345,752.4452539912345,729.5591059384764,729.5591059384764,729.5591059384764,723.7914497581797,723.7914497581797,723.7914497581797,723.7914497581797,723.7914497581797,723.7914497581797,694.7961946383946,694.7961946383946,694.7961946383946,694.7961946383946,694.7961946383946,694.7961946383946,694.7961946383946,694.7961946383946,694.7961946383946,694.7961946383946,694.7961946383946,694.7961946383946,694.7961946383946,694.7961946383946,694.7961946383946,694.7961946383946,694.7961946383946,694.7961946383946,694.7961946383946,694.7961946383946,694.7961946383946,694.7961946383946,694.7961946383946,694.7961946383946,694.7961946383946,694.7961946383946,694.7961946383946,694.7961946383946,694.7961946383946,694.7961946383946,694.7961946383946,694.7961946383946,694.7961946383946,694.7961946383946,694.7961946383946,694.7961946383946,694.7961946383946,694.7961946383946,694.7961946383946,694.7961946383946,694.7961946383946,686.5144091247529,686.5144091247529,686.5144091247529,684.4910563500732,684.4910563500732,684.4910563500732,684.4910563500732,684.4910563500732,684.4910563500732,684.4910563500732,684.4910563500732,684.4910563500732,684.4910563500732,684.4910563500732,684.4910563500732,679.1415167592185,679.1415167592185,679.1415167592185,679.1415167592185,679.1415167592185,679.1415167592185,679.1415167592185,679.1415167592185,679.1415167592185]"
RC101,25,QPSO,24,722.9375623597955,0.9601104999892414,296,True,301,"[1265.9368498322244,1265.9368498322244,1174.7344074969867,1174.7344074969867,1174.7344074969867,1174.7344074969867,1121.4279790775718,1121.4279790775718,1121.4279790775718,1121.4279790775718,1121.4279790775718,1121.4279790775718,1111.1102416921528,1111.1102416921528,1111.1102416921528,1111.1102416921528,1111.1102416921528,1051.1442230603666,1051.1442230603666,1051.1442230603666,1051.1442230603666,1051.1442230603666,1051.1442230603666,1051.1442230603666,1051.1442230603666,1051.1442230603666,1051.1442230603666,1051.1442230603666,1051.1442230603666,1051.1442230603666,1051.1442230603666,1051.1442230603666,1051.1442230603666,1051.1442230603666,1051.1442230603666,1051.1442230603666,1051.1442230603666,1051.1442230603666,1051.1442230603666,1051.1442230603666,1051.1442230603666,1051.1442230603666,1051.1442230603666,1051.1442230603666,1051.1442230603666,1051.1442230603666,1051.1442230603666,1051.1442230603666,1051.1442230603666,1051.1442230603666,1051.1442230603666,1051.1442230603666,1051.1442230603666,1051.1442230603666,1051.1442230603666,1051.1442230603666,1051.1442230603666,1051.1442230603666,1051.1442230603666,1051.1442230603666,1051.1442230603666,1051.1442230603666,1051.1442230603666,1051.1442230603666,1051.1442230603666,1051.1442230603666,1051.1442230603666,1051.1442230603666,1051.1442230603666,1051.1442230603666,1051.1442230603666,1051.1442230603666,1051.1442230603666,1051.1442230603666,1051.1442230603666,1051.1442230603666,1051.1442230603666,1051.1442230603666,1051.1442230603666,1051.1442230603666,1051.1442230603666,1051.1442230603666,1051.1442230603666,1051.1442230603666,1051.1442230603666,1051.1442230603666,1051.1442230603666,1051.1442230603666,1051.1442230603666,1051.1442230603666,1051.1442230603666,1051.1442230603666,1051.1442230603666,1051.1442230603666,1051.1442230603666,1033.4507830354044,1033.4507830354044,1033.4507830354044,1033.4507830354044,1033.4507830354044,1033.4507830354044,1033.4507830354044,1033.4507830354044,1033.4507830354044,1033.4507830354044,1033.4507830354044,1033.4507830354044,1033.4507830354044,1033.4507830354044,1033.4507830354044,1033.4507830354044,1033.4507830354044,1033.4507830354044,1033.4507830354044,1033.4507830354044,1033.4507830354044,1033.4507830354044,1033.4507830354044,1033.4507830354044,1033.4507830354044,1033.4507830354044,1033.4507830354044,1033.4507830354044,1033.4507830354044,1033.4507830354044,1033.4507830354044,1033.4507830354044,1033.4507830354044,1029.223917914884,1029.223917914884,1029.223917914884,1029.223917914884,1029.223917914884,1029.223917914884,1029.223917914884,1029.223917914884,1029.223917914884,1029.223917914884,1029.223917914884,1029.223917914884,1029.223917914884,1029.223917914884,1029.223917914884,1029.223917914884,1017.7945337841043,1017.7945337841043,1017.7945337841043,1017.7945337841043,1017.7945337841043,1017.7945337841043,1017.7945337841043,1017.7945337841043,1017.7945337841043,1017.7945337841043,999.9425913519489,999.9425913519489,999.9425913519489,999.9425913519489,999.9425913519489,999.9425913519489,999.9425913519489,999.9425913519489,999.9425913519489,989.3073871087466,989.3073871087466,989.3073871087466,989.3073871087466,989.3073871087466,989.3073871087466,989.3073871087466,989.3073871087466,979.1075224368283,979.1075224368283,910.047757942229,910.047757942229,910.047757942229,910.047757942229,910.047757942229,910.047757942229,910.047757942229,910.047757942229,910.047757942229,910.047757942229,910.047757942229,910.047757942229,910.047757942229,910.047757942229,910.047757942229,910.047757942229,910.047757942229,910.047757942229,910.047757942229,910.047757942229,910.047757942229,910.047757942229,910.047757942229,897.7604366969954,897.7604366969954,897.7604366969954,897.7604366969954,897.7604366969954,897.7604366969954,897.7604366969954,897.7604366969954,897.7604366969954,897.7604366969954,897.7604366969954,897.4088980169436,897.4088980169436,897.4088980169436,897.4088980169436,897.4088980169436,897.4088980169436,894.2282923009432,894.2282923009432,894.2282923009432,857.7450424534404,857.7450424534404,857.7450424534404,857.7450424534404,857.7450424534404,857.7450424534404,857.7450424534404,857.7450424534404,857.7450424534404,857.7450424534404,857.7450424534404,857.7450424534404,857.7450424534404,857.7450424534404,852.5010587482035,852.5010587482035,852.5010587482035,834.9077927244531,834.9077927244531,834.9077927244531,834.9077927244531,834.9077927244531,834.9077927244531,834.9077927244531,834.9077927244531,834.9077927244531,834.9077927244531,834.9077927244531,834.9077927244531,834.9077927244531,834.9077927244531,834.9077927244531,834.9077927244531,823.1340448326728,823.1340448326728,823.1340448326728,823.1340448326728,823.1340448326728,823.1340448326728,823.1340448326728,823.1340448326728,823.1340448326728,823.1340448326728,823.1340448326728,823.1340448326728,823.1340448326728,823.1340448326728,807.201490811695,807.201490811695,731.1023234033754,731.1023234033754,731.1023234033754,731.1023234033754,731.1023234033754,731.1023234033754,731.1023234033754,731.1023234033754,731.1023234033754,731.1023234033754,731.1023234033754,731.1023234033754,731.1023234033754,731.1023234033754,731.1023234033754,731.1023234033754,731.1023234033754,731.1023234033754,731.1023234033754,731.1023234033754,731.1023234033754,730.2164503950681,730.2164503950681,730.0628338861035,723.1623671991454,723.1623671991454,723.1623671991454,723.1623671991454,723.1623671991454,723.1623671991454,723.1623671991454,722.9375623597955,722.9375623597955,722.9375623597955,722.9375623597955,722.9375623597955]"
RC101,25,QPSO,25,728.3577260075617,0.9070227000047453,298,True,301,"[1279.3929667738082,1279.3929667738082,1092.235533462865,1092.235533462865,1092.235533462865,1092.235533462865,1092.235533462865,1092.235533462865,1092.235533462865,1092.235533462865,1092.235533462865,1092.235533462865,1092.235533462865,1092.235533462865,1092.235533462865,1092.235533462865,1092.235533462865,1092.235533462865,1092.235533462865,1092.235533462865,1092.235533462865,1092.235533462865,1092.235533462865,1092.235533462865,1092.235533462865,1092.235533462865,1092.235533462865,1092.235533462865,1092.235533462865,1092.235533462865,1092.235533462865,1092.235533462865,1092.235533462865,1092.235533462865,1092.235533462865,1092.235533462865,1092.235533462865,1092.235533462865,1092.235533462865,1092.235533462865,1092.235533462865,1092.235533462865,1092.235533462865,1092.235533462865,1092.235533462865,1092.235533462865,1092.235533462865,1092.235533462865,1092.235533462865,1092.235533462865,1092.235533462865,1092.235533462865,1092.235533462865,1092.235533462865,1092.235533462865,991.7808846826055,991.7808846826055,991.7808846826055,991.7808846826055,991.7808846826055,991.7808846826055,991.7808846826055,991.7808846826055,991.7808846826055,991.7808846826055,991.7808846826055,991.7808846826055,991.7808846826055,991.7808846826055,991.7808846826055,991.7808846826055,991.7808846826055,991.7808846826055,991.7808846826055,991.7808846826055,991.7808846826055,991.7808846826055,991.7808846826055,991.7808846826055,991.7808846826055,991.7808846826055,991.7808846826055,991.7808846826055,991.7808846826055,991.7808846826055,991.7808846826055,991.7808846826055,991.7808846826055,991.7808846826055,991.7808846826055,991.7808846826055,991.7808846826055,991.7808846826055,991.7808846826055,991.7808846826055,991.7808846826055,991.7808846826055,991.7808846826055,991.7808846826055,991.7808846826055,991.7808846826055,991.7808846826055,991.7808846826055,991.7808846826055,991.7808846826055,991.7808846826055,991.7808846826055,991.7808846826055,991.7808846826055,991.7808846826055,991.7808846826055,991.7808846826055,991.7808846826055,991.7808846826055,991.7808846826055,991.7808846826055,991.7808846826055,991.7808846826055,991.7808846826055,991.7808846826055,991.7808846826055,991.7808846826055,991.7808846826055,991.7808846826055,991.7808846826055,991.7808846826055,991.7808846826055,991.7808846826055,991.7808846826055,991.7808846826055,991.7808846826055,991.7808846826055,991.7808846826055,991.7808846826055,991.7808846826055,991.7808846826055,991.7808846826055,991.7808846826055,991.7808846826055,991.7808846826055,991.7808846826055,991.7808846826055,991.7808846826055,991.7808846826055,991.7808846826055,991.7808846826055,976.2425981019578,976.2425981019578,976.2425981019578,976.2425981019578,976.2425981019578,976.2425981019578,976.2425981019578,976.2425981019578,976.2425981019578,976.2425981019578,976.2425981019578,976.2425981019578,976.2425981019578,976.2425981019578,976.2425981019578,976.2425981019578,976.2425981019578,976.2425981019578,976.2425981019578,976.2425981019578,976.2425981019578,976.2425981019578,976.2425981019578,976.2425981019578,976.2425981019578,976.2425981019578,976.2425981019578,976.2425981019578,976.2425981019578,976.2425981019578,976.2425981019578,976.2425981019578,976.2425981019578,976.2425981019578,976.2425981019578,976.2425981019578,976.2425981019578,976.2425981019578,976.2425981019578,976.2425981019578,976.2425981019578,976.2425981019578,976.2425981019578,976.2425981019578,976.2425981019578,976.2425981019578,976.2425981019578,976.2425981019578,976.2425981019578,948.2670129463111,948.2670129463111,948.2670129463111,948.2670129463111,948.2670129463111,948.2670129463111,948.2670129463111,948.2670129463111,948.2670129463111,948.2670129463111,948.2670129463111,948.2670129463111,948.2670129463111,948.2670129463111,881.6277588967403,881.6277588967403,881.6277588967403,881.6277588967403,881.6277588967403,881.6277588967403,881.6277588967403,881.6277588967403,881.6277588967403,881.6277588967403,881.6277588967403,869.666916750317,869.666916750317,869.666916750317,869.666916750317,869.666916750317,869.666916750317,869.666916750317,869.666916750317,869.666916750317,869.666916750317,869.666916750317,869.666916750317,869.666916750317,869.666916750317,869.666916750317,869.666916750317,869.666916750317,869.666916750317,869.666916750317,869.666916750317,869.666916750317,869.666916750317,869.666916750317,869.666916750317,869.666916750317,869.666916750317,869.666916750317,869.666916750317,869.666916750317,843.2634182048969,843.2634182048969,843.2634182048969,843.2634182048969,843.2634182048969,843.2634182048969,843.2634182048969,843.2634182048969,843.2634182048969,843.2634182048969,843.2634182048969,843.2634182048969,843.2634182048969,843.2634182048969,843.2634182048969,843.2634182048969,843.2634182048969,843.2634182048969,843.2634182048969,843.2634182048969,788.7942257066304,760.778791782715,745.3840748479488,745.3840748479488,745.3840748479488,745.3840748479488,745.3840748479488,742.9960669015063,742.9960669015063,742.9960669015063,742.9960669015063,742.9960669015063,742.3577260075617,742.3577260075617,742.3577260075617,742.3577260075617,739.7384897802281,739.7384897802281,739.7384897802281,738.4059453666764,731.3976809696985,731.3976809696985,730.4241440576211,730.1943451893383,730.1943451893383,730.1943451893383,730.1943451893383,728.5875248758446,728.5875248758446,728.3577260075617,728.3577260075617,728.3577260075617]"
RC101,25,QPSO,26,640.3925104750765,1.0508862999849953,278,True,301,"[1303.830184813472,1265.5095518106448,1174.6749210536136,1171.7924044036497,1171.7924044036497,1171.7924044036497,1159.571216954714,1159.571216954714,1159.571216954714,1159.571216954714,1111.368983158738,1111.368983158738,1080.9048009939042,1080.9048009939042,1080.9048009939042,1080.9048009939042,1080.9048009939042,1080.9048009939042,1080.9048009939042,1080.9048009939042,1080.9048009939042,1080.9048009939042,1080.9048009939042,1058.149129895457,1058.149129895457,1058.149129895457,1058.149129895457,1058.149129895457,1058.149129895457,1058.149129895457,1058.149129895457,1058.149129895457,1058.149129895457,1058.149129895457,1058.149129895457,1058.149129895457,1058.149129895457,1058.149129895457,1058.149129895457,1058.149129895457,1058.149129895457,1058.149129895457,1058.149129895457,1058.149129895457,1036.364102017176,1024.146699247555,1024.146699247555,1024.146699247555,1024.146699247555,1024.146699247555,1024.146699247555,1024.146699247555,1024.146699247555,1024.146699247555,1024.146699247555,1024.146699247555,1024.146699247555,1024.146699247555,1024.146699247555,1024.146699247555,1024.146699247555,1024.146699247555,1024.146699247555,1024.146699247555,1024.146699247555,1024.146699247555,1024.146699247555,1024.146699247555,1024.146699247555,1024.146699247555,1024.146699247555,1024.146699247555,1024.146699247555,1024.146699247555,1024.146699247555,1024.146699247555,1024.146699247555,1024.146699247555,996.9669240998469,996.9669240998469,996.9669240998469,996.9669240998469,996.9669240998469,996.9669240998469,996.9669240998469,996.9669240998469,996.9669240998469,996.9669240998469,996.9669240998469,966.7409659109387,966.7409659109387,966.7409659109387,966.7409659109387,965.4355649770363,965.4355649770363,965.4355649770363,965.4355649770363,965.4355649770363,965.4355649770363,965.4355649770363,965.4355649770363,965.4355649770363,965.4355649770363,965.4355649770363,964.5737676664535,964.5737676664535,964.5737676664535,964.5737676664535,964.5737676664535,964.5737676664535,964.5737676664535,964.5737676664535,964.5737676664535,964.5737676664535,964.5737676664535,964.5737676664535,964.5737676664535,964.5737676664535,964.5737676664535,964.5737676664535,964.5737676664535,964.5737676664535,964.5737676664535,964.5737676664535,964.5737676664535,964.5737676664535,964.5737676664535,964.5737676664535,964.5737676664535,964.5737676664535,964.5737676664535,964.5737676664535,964.5737676664535,964.5737676664535,959.2755548042347,959.2755548042347,959.2755548042347,959.2755548042347,959.2755548042347,959.2755548042347,950.346765591368,950.346765591368,950.346765591368,950.346765591368,950.346765591368,950.346765591368,950.346765591368,950.346765591368,950.346765591368,950.346765591368,950.346765591368,950.346765591368,950.346765591368,950.346765591368,883.6001491242062,883.6001491242062,883.6001491242062,883.6001491242062,883.6001491242062,883.6001491242062,883.6001491242062,883.6001491242062,883.6001491242062,883.6001491242062,883.6001491242062,883.6001491242062,879.1485918025674,879.1485918025674,879.1485918025674,879.1485918025674,879.1485918025674,879.1485918025674,879.1485918025674,879.1485918025674,879.1485918025674,879.1485918025674,879.1485918025674,879.1485918025674,879.1485918025674,879.1485918025674,879.1485918025674,874.4861437568256,874.4861437568256,874.4861437568256,874.4861437568256,873.1568361593024,840.0721376971144,840.0721376971144,840.0721376971144,840.0721376971144,840.0721376971144,840.0721376971144,840.0721376971144,840.0721376971144,840.0721376971144,840.0721376971144,840.0721376971144,840.0721376971144,840.0721376971144,802.2475355449808,802.2475355449808,802.2475355449808,802.2475355449808,802.2475355449808,802.2475355449808,802.2475355449808,793.4655010174399,793.4655010174399,774.419796491103,774.419796491103,774.419796491103,774.419796491103,774.419796491103,774.419796491103,766.3753739728821,766.3753739728821,766.3753739728821,766.3753739728821,766.3753739728821,766.3753739728821,766.3753739728821,766.3753739728821,766.3753739728821,755.4477884948258,755.4477884948258,755.4477884948258,755.4477884948258,755.4477884948258,755.4477884948258,755.4477884948258,755.4477884948258,755.4477884948258,755.4477884948258,755.4477884948258,755.4477884948258,755.4477884948258,755.4477884948258,755.4477884948258,710.8319349111216,710.8319349111216,710.8319349111216,710.8319349111216,710.8319349111216,710.8319349111216,710.8319349111216,710.8319349111216,710.8319349111216,710.8319349111216,710.8319349111216,710.8319349111216,710.8319349111216,710.8319349111216,710.8319349111216,709.3560263091033,709.3560263091033,709.3560263091033,709.3560263091033,709.3560263091033,665.3959584312391,665.3959584312391,665.3959584312391,665.3959584312391,665.3959584312391,665.3959584312391,665.3959584312391,665.3959584312391,665.3959584312391,665.3959584312391,665.3959584312391,665.3959584312391,665.3959584312391,665.3959584312391,665.3959584312391,650.4502067823346,650.4502067823346,650.4502067823346,642.4057842641137,642.4057842641137,640.3925104750765,640.3925104750765,640.3925104750765,640.3925104750765,640.3925104750765,640.3925104750765,640.3925104750765,640.3925104750765,640.3925104750765,640.3925104750765,640.3925104750765,640.3925104750765,640.3925104750765,640.3925104750765,640.3925104750765,640.3925104750765,640.3925104750765,640.3925104750765,640.3925104750765,640.3925104750765,640.3925104750765,640.3925104750765,640.3925104750765]"
RC101,25,QPSO,27,634.9963956712885,0.955761099990923,262,True,301,"[1167.4902817937282,1167.4902817937282,1167.4902817937282,1167.4902817937282,1167.4902817937282,1167.4902817937282,1167.4902817937282,1167.4902817937282,1167.4902817937282,1167.4902817937282,1167.4902817937282,1167.4902817937282,1167.4902817937282,1167.4902817937282,1167.4902817937282,1167.4902817937282,1167.4902817937282,1167.4902817937282,1167.4902817937282,1167.4902817937282,1167.4902817937282,1095.9021969731818,1095.9021969731818,1095.9021969731818,1095.9021969731818,1095.4227738510774,1069.1540872453108,1069.1540872453108,1069.1540872453108,1069.1540872453108,1069.1540872453108,1069.1540872453108,1069.1540872453108,1069.1540872453108,1069.1540872453108,1069.1540872453108,1069.1540872453108,1069.1540872453108,1069.1540872453108,1069.1540872453108,1069.1540872453108,1069.1540872453108,1069.1540872453108,1069.1540872453108,1069.1540872453108,1069.1540872453108,1069.1540872453108,1068.2836951183967,1068.2836951183967,1068.2836951183967,1068.2836951183967,1068.2836951183967,1068.2836951183967,1068.2836951183967,1068.2836951183967,1068.2836951183967,1068.2836951183967,1045.9487855369434,1045.9487855369434,1045.9487855369434,1045.9487855369434,1045.9487855369434,1045.9487855369434,1045.9487855369434,1045.9487855369434,1045.9487855369434,1045.9487855369434,1045.9487855369434,1045.9487855369434,1045.9487855369434,1045.9487855369434,1045.9487855369434,1045.9487855369434,1045.9487855369434,1045.9487855369434,1045.9487855369434,1045.9487855369434,1045.9487855369434,1045.9487855369434,1045.9487855369434,1045.9487855369434,1045.9487855369434,1045.9487855369434,1045.9487855369434,1045.9487855369434,1045.9487855369434,1045.9487855369434,1045.9487855369434,1045.9487855369434,1045.9487855369434,1045.9487855369434,1045.9487855369434,1045.9487855369434,1045.9487855369434,1045.9487855369434,1045.9487855369434,1045.9487855369434,1045.9487855369434,1045.9487855369434,1045.9487855369434,1045.9487855369434,1045.9487855369434,1045.9487855369434,1009.1471787780592,1009.1471787780592,1009.1471787780592,1009.1471787780592,1009.1471787780592,1009.1471787780592,1009.1471787780592,1009.1471787780592,1009.1471787780592,1009.1471787780592,1009.1471787780592,1009.1471787780592,1009.1471787780592,1009.1471787780592,1009.1471787780592,1009.1471787780592,1009.1471787780592,1009.1471787780592,1009.1471787780592,985.867139968435,985.867139968435,985.867139968435,985.867139968435,985.867139968435,985.867139968435,985.867139968435,985.867139968435,985.867139968435,985.867139968435,985.867139968435,985.867139968435,973.6265369357029,973.6265369357029,973.6265369357029,973.6265369357029,973.6265369357029,973.6265369357029,973.6265369357029,973.6265369357029,973.6265369357029,973.6265369357029,973.6265369357029,973.6265369357029,973.6265369357029,868.2585885943554,868.2585885943554,868.2585885943554,868.2585885943554,868.2585885943554,868.2585885943554,868.2585885943554,868.2585885943554,868.2585885943554,868.2585885943554,868.2585885943554,868.2585885943554,868.2585885943554,868.2585885943554,868.2585885943554,868.2585885943554,868.2585885943554,868.2585885943554,868.2585885943554,868.2585885943554,868.2585885943554,868.2585885943554,868.2585885943554,868.2585885943554,868.2585885943554,868.2585885943554,868.2585885943554,868.2585885943554,868.2585885943554,868.2585885943554,868.2585885943554,868.2585885943554,868.2585885943554,868.2585885943554,868.2585885943554,848.0237029496244,848.0237029496244,848.0237029496244,848.0237029496244,848.0237029496244,848.0237029496244,848.0237029496244,776.5896670332055,776.5896670332055,776.5896670332055,776.5896670332055,776.5896670332055,776.5896670332055,776.5896670332055,776.5896670332055,776.5896670332055,776.5896670332055,710.9096684096879,710.9096684096879,710.9096684096879,710.9096684096879,710.9096684096879,710.9096684096879,710.9096684096879,706.6817168277801,706.6817168277801,706.6817168277801,706.6817168277801,706.6817168277801,706.6817168277801,706.6817168277801,706.6817168277801,706.6817168277801,706.6817168277801,706.6817168277801,706.6817168277801,706.6817168277801,706.6817168277801,706.6817168277801,706.6817168277801,706.6817168277801,706.6817168277801,706.6817168277801,706.6817168277801,706.6817168277801,706.6817168277801,702.5137124805537,702.5137124805537,702.5137124805537,702.5137124805537,702.5137124805537,702.5137124805537,702.5137124805537,702.5137124805537,702.5137124805537,702.5137124805537,700.0797313484971,700.0797313484971,700.0797313484971,700.0797313484971,700.0797313484971,700.0797313484971,700.0797313484971,700.0797313484971,700.0797313484971,700.0797313484971,700.0797313484971,700.0797313484971,700.0797313484971,700.0797313484971,700.0797313484971,700.0797313484971,700.0797313484971,700.0797313484971,700.0797313484971,700.0797313484971,700.0797313484971,700.0797313484971,700.0797313484971,700.0797313484971,634.9963956712885,634.9963956712885,634.9963956712885,634.9963956712885,634.9963956712885,634.9963956712885,634.9963956712885,634.9963956712885,634.9963956712885,634.9963956712885,634.9963956712885,634.9963956712885,634.9963956712885,634.9963956712885,634.9963956712885,634.9963956712885,634.9963956712885,634.9963956712885,634.9963956712885,634.9963956712885,634.9963956712885,634.9963956712885,634.9963956712885,634.9963956712885,634.9963956712885,634.9963956712885,634.9963956712885,634.9963956712885,634.9963956712885,634.9963956712885,634.9963956712885,634.9963956712885,634.9963956712885,634.9963956712885,634.9963956712885,634.9963956712885,634.9963956712885,634.9963956712885,634.9963956712885]"
RC101,25,QPSO,28,773.403618606316,0.9981799999950454,288,True,301,"[1297.757522029619,1297.757522029619,1243.6144824559103,1243.6144824559103,1243.6144824559103,1217.1721775399367,1217.1721775399367,1187.9787181496274,1187.9787181496274,1184.1815174858484,1184.1815174858484,1184.1815174858484,1184.1815174858484,1184.1815174858484,1179.8748680268995,1179.8748680268995,1179.8748680268995,1179.8748680268995,1179.8748680268995,1179.8748680268995,1179.8748680268995,1179.8748680268995,1179.8748680268995,1179.8748680268995,1179.8748680268995,1179.8748680268995,1179.8748680268995,1179.8748680268995,1179.8748680268995,1179.8748680268995,1173.9914019988162,1173.9914019988162,1173.9914019988162,1173.9914019988162,1142.6459946642183,1142.6459946642183,1142.6459946642183,1087.9770094531093,1087.9770094531093,1087.9770094531093,1087.9770094531093,1087.9770094531093,1087.9770094531093,1087.9770094531093,1087.9770094531093,1087.9770094531093,1087.9770094531093,1087.9770094531093,1087.9770094531093,1087.9770094531093,1087.9770094531093,1087.9770094531093,1087.9770094531093,1087.9770094531093,1087.9770094531093,1087.9770094531093,1014.4890013824391,1014.4890013824391,1014.4890013824391,1014.4890013824391,1014.4890013824391,1014.4890013824391,1014.4890013824391,1014.4890013824391,1014.4890013824391,1014.4890013824391,1014.4890013824391,1014.4890013824391,1014.4890013824391,1014.4890013824391,1014.4890013824391,1014.4890013824391,1014.4890013824391,1014.4890013824391,1014.4890013824391,1014.4890013824391,1014.4890013824391,1014.4890013824391,1014.4890013824391,1014.4890013824391,1014.4890013824391,1014.4890013824391,1014.4890013824391,1014.4890013824391,1014.4890013824391,1014.4890013824391,1014.4890013824391,1014.4890013824391,1014.4890013824391,1014.4890013824391,1014.4890013824391,1014.4890013824391,1014.4890013824391,1014.4890013824391,1014.4890013824391,1014.4890013824391,1014.4890013824391,1014.4890013824391,1014.4890013824391,1014.4890013824391,1014.4890013824391,1014.4890013824391,1014.4890013824391,1014.4890013824391,1014.4890013824391,1014.4890013824391,1014.4890013824391,1014.4890013824391,1014.4890013824391,1013.8843962134034,1013.8843962134034,1013.8843962134034,1013.8843962134034,1013.8843962134034,1013.8843962134034,1013.8843962134034,1013.8843962134034,1013.8843962134034,1013.8843962134034,1013.8843962134034,1013.8843962134034,1013.8843962134034,1013.8843962134034,1013.8843962134034,1013.8843962134034,1013.8843962134034,1013.8843962134034,1013.8843962134034,1013.8843962134034,1013.8843962134034,1013.8843962134034,1013.8843962134034,1013.8843962134034,1013.8843962134034,1013.8843962134034,1013.8843962134034,1013.8843962134034,1013.8843962134034,1013.8843962134034,1013.8843962134034,997.8357748784434,997.8357748784434,997.8357748784434,997.8357748784434,997.8357748784434,997.8357748784434,997.8357748784434,997.8357748784434,997.8357748784434,997.8357748784434,997.8357748784434,997.8357748784434,997.8357748784434,997.8357748784434,997.8357748784434,997.8357748784434,997.8357748784434,997.8357748784434,997.8357748784434,997.8357748784434,997.8357748784434,997.8357748784434,997.8357748784434,997.8357748784434,997.8357748784434,997.8357748784434,997.8357748784434,997.8357748784434,997.8357748784434,997.8357748784434,997.8357748784434,997.8357748784434,997.8357748784434,997.8357748784434,997.8357748784434,997.8357748784434,997.8357748784434,997.8357748784434,997.8357748784434,997.8357748784434,997.8357748784434,997.8357748784434,997.8357748784434,997.8357748784434,997.8357748784434,997.8357748784434,997.8357748784434,997.8357748784434,997.8357748784434,990.454320372261,990.454320372261,990.454320372261,990.454320372261,990.454320372261,990.454320372261,990.454320372261,990.454320372261,990.454320372261,990.454320372261,990.454320372261,954.8210045566173,954.8210045566173,954.8210045566173,954.8210045566173,954.8210045566173,954.8210045566173,954.8210045566173,954.8210045566173,954.8210045566173,954.8210045566173,954.8210045566173,954.8210045566173,954.8210045566173,954.8210045566173,954.8210045566173,954.8210045566173,954.8210045566173,954.8210045566173,954.8210045566173,954.8210045566173,922.6862135245391,922.6862135245391,922.6862135245391,922.6862135245391,922.6862135245391,922.6862135245391,857.1677621840282,857.1677621840282,857.1677621840282,857.1677621840282,857.1677621840282,857.1677621840282,857.1677621840282,857.1677621840282,857.1677621840282,857.1677621840282,857.1677621840282,857.1677621840282,857.1677621840282,857.1677621840282,857.1677621840282,857.1677621840282,857.1677621840282,857.1677621840282,857.1677621840282,857.1677621840282,857.1677621840282,857.1677621840282,857.1677621840282,857.1677621840282,857.1677621840282,857.1677621840282,857.1677621840282,857.1677621840282,857.1677621840282,857.1677621840282,857.1677621840282,857.1677621840282,857.1677621840282,857.1677621840282,857.1677621840282,857.1677621840282,857.1677621840282,857.1677621840282,857.1677621840282,857.1677621840282,857.1677621840282,857.1677621840282,857.1677621840282,857.1677621840282,857.1677621840282,857.1677621840282,857.1677621840282,857.1677621840282,857.1677621840282,857.1677621840282,857.1677621840282,857.1677621840282,857.1677621840282,857.1677621840282,857.1677621840282,834.686131290548,831.302220004846,831.302220004846,812.7193730969888,812.7193730969888,812.7193730969888,812.7193730969888,773.403618606316,773.403618606316,773.403618606316,773.403618606316,773.403618606316,773.403618606316,773.403618606316,773.403618606316,773.403618606316,773.403618606316,773.403618606316,773.403618606316,773.403618606316]"
RC101,25,QPSO,29,661.0491120592176,0.8786367000138853,291,True,301,"[1318.9583465085122,1203.4024065640017,1203.4024065640017,1203.4024065640017,1152.6078894674783,1110.1931797521738,1110.1931797521738,1110.1931797521738,1110.1931797521738,1110.1931797521738,1110.1931797521738,1110.1931797521738,1110.1931797521738,1110.1931797521738,1110.1931797521738,1110.1931797521738,1110.1931797521738,1110.1931797521738,1110.1931797521738,1110.1931797521738,1110.1931797521738,1110.1931797521738,1110.1931797521738,1110.1931797521738,1110.1931797521738,1110.1931797521738,1110.1931797521738,1110.1931797521738,1110.1931797521738,1110.1931797521738,1110.1931797521738,1110.1931797521738,1110.1931797521738,1110.1931797521738,1110.1931797521738,1110.1931797521738,1110.1931797521738,1107.310671841976,1107.310671841976,1107.310671841976,1107.310671841976,1107.310671841976,1107.310671841976,1107.310671841976,1107.310671841976,1107.310671841976,1107.310671841976,1107.310671841976,1107.310671841976,1107.310671841976,1107.310671841976,1107.310671841976,1107.310671841976,1107.310671841976,1107.310671841976,1107.310671841976,1107.310671841976,1107.310671841976,1107.310671841976,1107.310671841976,1107.310671841976,1107.310671841976,1107.310671841976,1107.310671841976,1107.310671841976,1107.310671841976,1107.310671841976,1107.310671841976,1107.310671841976,1107.310671841976,1107.310671841976,1107.310671841976,1107.310671841976,1107.310671841976,1107.310671841976,1107.310671841976,1107.310671841976,1107.310671841976,1107.310671841976,1107.310671841976,1107.310671841976,1107.310671841976,1107.310671841976,1107.310671841976,1107.310671841976,1107.310671841976,1107.310671841976,1107.310671841976,1107.310671841976,1107.310671841976,1107.310671841976,1107.310671841976,1107.310671841976,1107.310671841976,1107.310671841976,1107.310671841976,1107.310671841976,1107.310671841976,1107.310671841976,1107.310671841976,1090.8200570590468,1090.8200570590468,1090.8200570590468,1090.8200570590468,1090.8200570590468,1090.8200570590468,1090.8200570590468,1014.8194516083536,1014.8194516083536,1014.8194516083536,1014.8194516083536,1014.8194516083536,1014.8194516083536,1006.9941217970836,1006.9941217970836,1006.9941217970836,1006.9941217970836,1006.9941217970836,1006.9941217970836,1006.9941217970836,1006.9941217970836,995.7801171393846,995.7801171393846,995.7801171393846,995.7801171393846,995.7801171393846,995.7801171393846,995.7801171393846,995.7801171393846,995.7801171393846,995.7801171393846,995.7801171393846,995.7801171393846,995.7801171393846,995.7801171393846,995.7801171393846,995.7801171393846,995.7801171393846,995.7801171393846,995.7801171393846,995.7801171393846,995.7801171393846,995.7801171393846,995.7801171393846,995.7801171393846,995.7801171393846,995.7801171393846,995.7801171393846,995.7801171393846,995.7801171393846,995.7801171393846,995.7801171393846,995.7801171393846,995.7801171393846,995.7801171393846,995.7801171393846,995.7801171393846,995.7801171393846,995.7801171393846,995.7801171393846,995.7801171393846,995.7801171393846,995.7801171393846,995.7801171393846,995.7801171393846,995.7801171393846,995.7801171393846,995.7801171393846,995.7801171393846,995.7801171393846,995.7801171393846,995.7801171393846,995.7801171393846,995.7801171393846,995.7801171393846,995.7801171393846,995.7801171393846,995.7801171393846,995.7801171393846,995.7801171393846,995.7801171393846,995.7801171393846,995.7801171393846,995.7801171393846,995.7801171393846,995.7801171393846,995.7801171393846,995.7801171393846,995.7801171393846,995.7801171393846,995.7801171393846,995.7801171393846,967.1070154497352,967.1070154497352,967.1070154497352,967.1070154497352,967.1070154497352,967.1070154497352,959.8096061995122,867.7547862027096,867.7547862027096,867.7547862027096,867.7547862027096,867.7547862027096,867.7547862027096,867.7547862027096,867.7547862027096,867.7547862027096,867.7547862027096,867.7547862027096,867.7547862027096,867.7547862027096,867.7547862027096,867.7547862027096,867.7547862027096,867.7547862027096,867.7547862027096,867.7547862027096,867.7547862027096,867.7547862027096,867.7547862027096,867.7547862027096,867.7547862027096,867.7547862027096,867.7547862027096,862.1238554544524,862.1238554544524,862.1238554544524,862.1238554544524,862.1238554544524,862.1238554544524,862.1238554544524,862.1238554544524,862.1238554544524,862.1238554544524,856.9117665928238,856.9117665928238,856.9117665928238,856.9117665928238,787.8738733056332,787.8738733056332,787.8738733056332,787.8738733056332,787.8738733056332,787.8738733056332,787.8738733056332,787.8738733056332,787.8738733056332,787.8738733056332,787.8738733056332,787.8738733056332,787.8738733056332,787.8738733056332,761.9047735347326,761.9047735347326,761.9047735347326,761.9047735347326,761.9047735347326,761.9047735347326,761.9047735347326,761.9047735347326,761.9047735347326,761.9047735347326,761.9047735347326,761.9047735347326,761.9047735347326,761.9047735347326,761.9047735347326,761.9047735347326,761.9047735347326,761.9047735347326,761.9047735347326,736.1265973684556,736.1265973684556,736.1265973684556,686.7262042332537,686.7262042332537,686.7262042332537,686.7262042332537,686.7262042332537,686.7262042332537,686.7262042332537,686.7262042332537,684.8493553697934,684.8493553697934,684.8493553697934,684.8493553697934,684.8493553697934,683.8758184577159,683.8758184577159,683.8758184577159,661.0491120592176,661.0491120592176,661.0491120592176,661.0491120592176,661.0491120592176,661.0491120592176,661.0491120592176,661.0491120592176,661.0491120592176,661.0491120592176]"
RC101,25,ACO,0,655.70535161876,5.001050499995472,1,True,243,"[655.70535161876,655.70535161876,655.70535161876,655.70535161876,655.70535161876,655.70535161876,655.70535161876,655.70535161876,655.70535161876,655.70535161876,655.70535161876,655.70535161876,655.70535161876,655.70535161876,655.70535161876,655.70535161876,655.70535161876,655.70535161876,655.70535161876,655.70535161876,655.70535161876,655.70535161876,655.70535161876,655.70535161876,655.70535161876,655.70535161876,655.70535161876,655.70535161876,655.70535161876,655.70535161876,655.70535161876,655.70535161876,655.70535161876,655.70535161876,655.70535161876,655.70535161876,655.70535161876,655.70535161876,655.70535161876,655.70535161876,655.70535161876,655.70535161876,655.70535161876,655.70535161876,655.70535161876,655.70535161876,655.70535161876,655.70535161876,655.70535161876,655.70535161876,655.70535161876,655.70535161876,655.70535161876,655.70535161876,655.70535161876,655.70535161876,655.70535161876,655.70535161876,655.70535161876,655.70535161876,655.70535161876,655.70535161876,655.70535161876,655.70535161876,655.70535161876,655.70535161876,655.70535161876,655.70535161876,655.70535161876,655.70535161876,655.70535161876,655.70535161876,655.70535161876,655.70535161876,655.70535161876,655.70535161876,655.70535161876,655.70535161876,655.70535161876,655.70535161876,655.70535161876,655.70535161876,655.70535161876,655.70535161876,655.70535161876,655.70535161876,655.70535161876,655.70535161876,655.70535161876,655.70535161876,655.70535161876,655.70535161876,655.70535161876,655.70535161876,655.70535161876,655.70535161876,655.70535161876,655.70535161876,655.70535161876,655.70535161876,655.70535161876,655.70535161876,655.70535161876,655.70535161876,655.70535161876,655.70535161876,655.70535161876,655.70535161876,655.70535161876,655.70535161876,655.70535161876,655.70535161876,655.70535161876,655.70535161876,655.70535161876,655.70535161876,655.70535161876,655.70535161876,655.70535161876,655.70535161876,655.70535161876,655.70535161876,655.70535161876,655.70535161876,655.70535161876,655.70535161876,655.70535161876,655.70535161876,655.70535161876,655.70535161876,655.70535161876,655.70535161876,655.70535161876,655.70535161876,655.70535161876,655.70535161876,655.70535161876,655.70535161876,655.70535161876,655.70535161876,655.70535161876,655.70535161876,655.70535161876,655.70535161876,655.70535161876,655.70535161876,655.70535161876,655.70535161876,655.70535161876,655.70535161876,655.70535161876,655.70535161876,655.70535161876,655.70535161876,655.70535161876,655.70535161876,655.70535161876,655.70535161876,655.70535161876,655.70535161876,655.70535161876,655.70535161876,655.70535161876,655.70535161876,655.70535161876,655.70535161876,655.70535161876,655.70535161876,655.70535161876,655.70535161876,655.70535161876,655.70535161876,655.70535161876,655.70535161876,655.70535161876,655.70535161876,655.70535161876,655.70535161876,655.70535161876,655.70535161876,655.70535161876,655.70535161876,655.70535161876,655.70535161876,655.70535161876,655.70535161876,655.70535161876,655.70535161876,655.70535161876,655.70535161876,655.70535161876,655.70535161876,655.70535161876,655.70535161876,655.70535161876,655.70535161876,655.70535161876,655.70535161876,655.70535161876,655.70535161876,655.70535161876,655.70535161876,655.70535161876,655.70535161876,655.70535161876,655.70535161876,655.70535161876,655.70535161876,655.70535161876,655.70535161876,655.70535161876,655.70535161876,655.70535161876,655.70535161876,655.70535161876,655.70535161876,655.70535161876,655.70535161876,655.70535161876,655.70535161876,655.70535161876,655.70535161876,655.70535161876,655.70535161876,655.70535161876,655.70535161876,655.70535161876,655.70535161876,655.70535161876,655.70535161876,655.70535161876,655.70535161876,655.70535161876,655.70535161876,655.70535161876,655.70535161876,655.70535161876,655.70535161876,655.70535161876,655.70535161876,655.70535161876,655.70535161876,655.70535161876]"
RC101,25,ACO,1,661.2603304091622,5.0019306000031065,4,True,52,"[781.86049040781,780.0039156474663,780.0039156474663,661.2603304091622,661.2603304091622,661.2603304091622,661.2603304091622,661.2603304091622,661.2603304091622,661.2603304091622,661.2603304091622,661.2603304091622,661.2603304091622,661.2603304091622,661.2603304091622,661.2603304091622,661.2603304091622,661.2603304091622,661.2603304091622,661.2603304091622,661.2603304091622,661.2603304091622,661.2603304091622,661.2603304091622,661.2603304091622,661.2603304091622,661.2603304091622,661.2603304091622,661.2603304091622,661.2603304091622,661.2603304091622,661.2603304091622,661.2603304091622,661.2603304091622,661.2603304091622,661.2603304091622,661.2603304091622,661.2603304091622,661.2603304091622,661.2603304091622,661.2603304091622,661.2603304091622,661.2603304091622,661.2603304091622,661.2603304091622,661.2603304091622,661.2603304091622,661.2603304091622,661.2603304091622,661.2603304091622,661.2603304091622,661.2603304091622]"
RC101,25,ACO,2,731.2786169692541,5.000638500001514,18,True,54,"[743.7217866393719,743.7217866393719,743.7217866393719,743.7217866393719,743.7217866393719,743.7217866393719,743.7217866393719,743.7217866393719,743.7217866393719,743.7217866393719,743.7217866393719,737.1025623833353,737.1025623833353,737.1025623833353,737.1025623833353,737.1025623833353,737.1025623833353,731.2786169692541,731.2786169692541,731.2786169692541,731.2786169692541,731.2786169692541,731.2786169692541,731.2786169692541,731.2786169692541,731.2786169692541,731.2786169692541,731.2786169692541,731.2786169692541,731.2786169692541,731.2786169692541,731.2786169692541,731.2786169692541,731.2786169692541,731.2786169692541,731.2786169692541,731.2786169692541,731.2786169692541,731.2786169692541,731.2786169692541,731.2786169692541,731.2786169692541,731.2786169692541,731.2786169692541,731.2786169692541,731.2786169692541,731.2786169692541,731.2786169692541,731.2786169692541,731.2786169692541,731.2786169692541,731.2786169692541,731.2786169692541,731.2786169692541]"
RC101,25,ACO,3,606.487486353651,5.001631599996472,6,True,243,"[798.0299292151775,798.0299292151775,798.0299292151775,798.0299292151775,770.0532954176706,606.487486353651,606.487486353651,606.487486353651,606.487486353651,606.487486353651,606.487486353651,606.487486353651,606.487486353651,606.487486353651,606.487486353651,606.487486353651,606.487486353651,606.487486353651,606.487486353651,606.487486353651,606.487486353651,606.487486353651,606.487486353651,606.487486353651,606.487486353651,606.487486353651,606.487486353651,606.487486353651,606.487486353651,606.487486353651,606.487486353651,606.487486353651,606.487486353651,606.487486353651,606.487486353651,606.487486353651,606.487486353651,606.487486353651,606.487486353651,606.487486353651,606.487486353651,606.487486353651,606.487486353651,606.487486353651,606.487486353651,606.487486353651,606.487486353651,606.487486353651,606.487486353651,606.487486353651,606.487486353651,606.487486353651,606.487486353651,606.487486353651,606.487486353651,606.487486353651,606.487486353651,606.487486353651,606.487486353651,606.487486353651,606.487486353651,606.487486353651,606.487486353651,606.487486353651,606.487486353651,606.487486353651,606.487486353651,606.487486353651,606.487486353651,606.487486353651,606.487486353651,606.487486353651,606.487486353651,606.487486353651,606.487486353651,606.487486353651,606.487486353651,606.487486353651,606.487486353651,606.487486353651,606.487486353651,606.487486353651,606.487486353651,606.487486353651,606.487486353651,606.487486353651,606.487486353651,606.487486353651,606.487486353651,606.487486353651,606.487486353651,606.487486353651,606.487486353651,606.487486353651,606.487486353651,606.487486353651,606.487486353651,606.487486353651,606.487486353651,606.487486353651,606.487486353651,606.487486353651,606.487486353651,606.487486353651,606.487486353651,606.487486353651,606.487486353651,606.487486353651,606.487486353651,606.487486353651,606.487486353651,606.487486353651,606.487486353651,606.487486353651,606.487486353651,606.487486353651,606.487486353651,606.487486353651,606.487486353651,606.487486353651,606.487486353651,606.487486353651,606.487486353651,606.487486353651,606.487486353651,606.487486353651,606.487486353651,606.487486353651,606.487486353651,606.487486353651,606.487486353651,606.487486353651,606.487486353651,606.487486353651,606.487486353651,606.487486353651,606.487486353651,606.487486353651,606.487486353651,606.487486353651,606.487486353651,606.487486353651,606.487486353651,606.487486353651,606.487486353651,606.487486353651,606.487486353651,606.487486353651,606.487486353651,606.487486353651,606.487486353651,606.487486353651,606.487486353651,606.487486353651,606.487486353651,606.487486353651,606.487486353651,606.487486353651,606.487486353651,606.487486353651,606.487486353651,606.487486353651,606.487486353651,606.487486353651,606.487486353651,606.487486353651,606.487486353651,606.487486353651,606.487486353651,606.487486353651,606.487486353651,606.487486353651,606.487486353651,606.487486353651,606.487486353651,606.487486353651,606.487486353651,606.487486353651,606.487486353651,606.487486353651,606.487486353651,606.487486353651,606.487486353651,606.487486353651,606.487486353651,606.487486353651,606.487486353651,606.487486353651,606.487486353651,606.487486353651,606.487486353651,606.487486353651,606.487486353651,606.487486353651,606.487486353651,606.487486353651,606.487486353651,606.487486353651,606.487486353651,606.487486353651,606.487486353651,606.487486353651,606.487486353651,606.487486353651,606.487486353651,606.487486353651,606.487486353651,606.487486353651,606.487486353651,606.487486353651,606.487486353651,606.487486353651,606.487486353651,606.487486353651,606.487486353651,606.487486353651,606.487486353651,606.487486353651,606.487486353651,606.487486353651,606.487486353651,606.487486353651,606.487486353651,606.487486353651,606.487486353651,606.487486353651,606.487486353651,606.487486353651,606.487486353651,606.487486353651,606.487486353651,606.487486353651,606.487486353651,606.487486353651,606.487486353651,606.487486353651,606.487486353651,606.487486353651,606.487486353651,606.487486353651,606.487486353651,606.487486353651,606.487486353651]"
RC101,25,ACO,4,730.6886877777572,5.00086659999215,16,True,85,"[785.3191578513561,785.3191578513561,747.5610488347841,747.5610488347841,747.5610488347841,747.5610488347841,747.5610488347841,747.5610488347841,747.5610488347841,738.1015905271938,738.1015905271938,738.1015905271938,737.3506693926281,731.2786169692542,731.2786169692541,730.6886877777572,730.6886877777572,730.6886877777572,730.6886877777572,730.6886877777572,730.6886877777572,730.6886877777572,730.6886877777572,730.6886877777572,730.6886877777572,730.6886877777572,730.6886877777572,730.6886877777572,730.6886877777572,730.6886877777572,730.6886877777572,730.6886877777572,730.6886877777572,730.6886877777572,730.6886877777572,730.6886877777572,730.6886877777572,730.6886877777572,730.6886877777572,730.6886877777572,730.6886877777572,730.6886877777572,730.6886877777572,730.6886877777572,730.6886877777572,730.6886877777572,730.6886877777572,730.6886877777572,730.6886877777572,730.6886877777572,730.6886877777572,730.6886877777572,730.6886877777572,730.6886877777572,730.6886877777572,730.6886877777572,730.6886877777572,730.6886877777572,730.6886877777572,730.6886877777572,730.6886877777572,730.6886877777572,730.6886877777572,730.6886877777572,730.6886877777572,730.6886877777572,730.6886877777572,730.6886877777572,730.6886877777572,730.6886877777572,730.6886877777572,730.6886877777572,730.6886877777572,730.6886877777572,730.6886877777572,730.6886877777572,730.6886877777572,730.6886877777572,730.6886877777572,730.6886877777572,730.6886877777572,730.6886877777572,730.6886877777572,730.6886877777572,730.6886877777572]"
RC101,25,ACO,5,676.4857726063298,5.0001633999927435,22,True,250,"[741.0904670505572,734.7708495608624,734.7708495608624,734.7708495608624,678.564698951421,678.564698951421,678.564698951421,678.564698951421,678.564698951421,678.564698951421,678.564698951421,678.564698951421,678.564698951421,678.564698951421,678.564698951421,678.564698951421,678.564698951421,678.564698951421,677.952694352651,677.952694352651,677.952694352651,676.4857726063298,676.4857726063298,676.4857726063298,676.4857726063298,676.4857726063298,676.4857726063298,676.4857726063298,676.4857726063298,676.4857726063298,676.4857726063298,676.4857726063298,676.4857726063298,676.4857726063298,676.4857726063298,676.4857726063298,676.4857726063298,676.4857726063298,676.4857726063298,676.4857726063298,676.4857726063298,676.4857726063298,676.4857726063298,676.4857726063298,676.4857726063298,676.4857726063298,676.4857726063298,676.4857726063298,676.4857726063298,676.4857726063298,676.4857726063298,676.4857726063298,676.4857726063298,676.4857726063298,676.4857726063298,676.4857726063298,676.4857726063298,676.4857726063298,676.4857726063298,676.4857726063298,676.4857726063298,676.4857726063298,676.4857726063298,676.4857726063298,676.4857726063298,676.4857726063298,676.4857726063298,676.4857726063298,676.4857726063298,676.4857726063298,676.4857726063298,676.4857726063298,676.4857726063298,676.4857726063298,676.4857726063298,676.4857726063298,676.4857726063298,676.4857726063298,676.4857726063298,676.4857726063298,676.4857726063298,676.4857726063298,676.4857726063298,676.4857726063298,676.4857726063298,676.4857726063298,676.4857726063298,676.4857726063298,676.4857726063298,676.4857726063298,676.4857726063298,676.4857726063298,676.4857726063298,676.4857726063298,676.4857726063298,676.4857726063298,676.4857726063298,676.4857726063298,676.4857726063298,676.4857726063298,676.4857726063298,676.4857726063298,676.4857726063298,676.4857726063298,676.4857726063298,676.4857726063298,676.4857726063298,676.4857726063298,676.4857726063298,676.4857726063298,676.4857726063298,676.4857726063298,676.4857726063298,676.4857726063298,676.4857726063298,676.4857726063298,676.4857726063298,676.4857726063298,676.4857726063298,676.4857726063298,676.4857726063298,676.4857726063298,676.4857726063298,676.4857726063298,676.4857726063298,676.4857726063298,676.4857726063298,676.4857726063298,676.4857726063298,676.4857726063298,676.4857726063298,676.4857726063298,676.4857726063298,676.4857726063298,676.4857726063298,676.4857726063298,676.4857726063298,676.4857726063298,676.4857726063298,676.4857726063298,676.4857726063298,676.4857726063298,676.4857726063298,676.4857726063298,676.4857726063298,676.4857726063298,676.4857726063298,676.4857726063298,676.4857726063298,676.4857726063298,676.4857726063298,676.4857726063298,676.4857726063298,676.4857726063298,676.4857726063298,676.4857726063298,676.4857726063298,676.4857726063298,676.4857726063298,676.4857726063298,676.4857726063298,676.4857726063298,676.4857726063298,676.4857726063298,676.4857726063298,676.4857726063298,676.4857726063298,676.4857726063298,676.4857726063298,676.4857726063298,676.4857726063298,676.4857726063298,676.4857726063298,676.4857726063298,676.4857726063298,676.4857726063298,676.4857726063298,676.4857726063298,676.4857726063298,676.4857726063298,676.4857726063298,676.4857726063298,676.4857726063298,676.4857726063298,676.4857726063298,676.4857726063298,676.4857726063298,676.4857726063298,676.4857726063298,676.4857726063298,676.4857726063298,676.4857726063298,676.4857726063298,676.4857726063298,676.4857726063298,676.4857726063298,676.4857726063298,676.4857726063298,676.4857726063298,676.4857726063298,676.4857726063298,676.4857726063298,676.4857726063298,676.4857726063298,676.4857726063298,676.4857726063298,676.4857726063298,676.4857726063298,676.4857726063298,676.4857726063298,676.4857726063298,676.4857726063298,676.4857726063298,676.4857726063298,676.4857726063298,676.4857726063298,676.4857726063298,676.4857726063298,676.4857726063298,676.4857726063298,676.4857726063298,676.4857726063298,676.4857726063298,676.4857726063298,676.4857726063298,676.4857726063298,676.4857726063298,676.4857726063298,676.4857726063298,676.4857726063298,676.4857726063298,676.4857726063298,676.4857726063298,676.4857726063298,676.4857726063298,676.4857726063298,676.4857726063298,676.4857726063298,676.4857726063298,676.4857726063298,676.4857726063298,676.4857726063298,676.4857726063298,676.4857726063298,676.4857726063298,676.4857726063298,676.4857726063298,676.4857726063298,676.4857726063298,676.4857726063298]"
RC101,25,ACO,6,712.8369702923646,5.000481199997012,10,True,257,"[817.9179119735601,815.2195520230857,815.2195520230857,768.1176096136627,751.752930945581,737.7471943253914,737.7471943253914,737.7471943253914,737.7471943253914,712.8369702923646,712.8369702923646,712.8369702923646,712.8369702923646,712.8369702923646,712.8369702923646,712.8369702923646,712.8369702923646,712.8369702923646,712.8369702923646,712.8369702923646,712.8369702923646,712.8369702923646,712.8369702923646,712.8369702923646,712.8369702923646,712.8369702923646,712.8369702923646,712.8369702923646,712.8369702923646,712.8369702923646,712.8369702923646,712.8369702923646,712.8369702923646,712.8369702923646,712.8369702923646,712.8369702923646,712.8369702923646,712.8369702923646,712.8369702923646,712.8369702923646,712.8369702923646,712.8369702923646,712.8369702923646,712.8369702923646,712.8369702923646,712.8369702923646,712.8369702923646,712.8369702923646,712.8369702923646,712.8369702923646,712.8369702923646,712.8369702923646,712.8369702923646,712.8369702923646,712.8369702923646,712.8369702923646,712.8369702923646,712.8369702923646,712.8369702923646,712.8369702923646,712.8369702923646,712.8369702923646,712.8369702923646,712.8369702923646,712.8369702923646,712.8369702923646,712.8369702923646,712.8369702923646,712.8369702923646,712.8369702923646,712.8369702923646,712.8369702923646,712.8369702923646,712.8369702923646,712.8369702923646,712.8369702923646,712.8369702923646,712.8369702923646,712.8369702923646,712.8369702923646,712.8369702923646,712.8369702923646,712.8369702923646,712.8369702923646,712.8369702923646,712.8369702923646,712.8369702923646,712.8369702923646,712.8369702923646,712.8369702923646,712.8369702923646,712.8369702923646,712.8369702923646,712.8369702923646,712.8369702923646,712.8369702923646,712.8369702923646,712.8369702923646,712.8369702923646,712.8369702923646,712.8369702923646,712.8369702923646,712.8369702923646,712.8369702923646,712.8369702923646,712.8369702923646,712.8369702923646,712.8369702923646,712.8369702923646,712.8369702923646,712.8369702923646,712.8369702923646,712.8369702923646,712.8369702923646,712.8369702923646,712.8369702923646,712.8369702923646,712.8369702923646,712.8369702923646,712.8369702923646,712.8369702923646,712.8369702923646,712.8369702923646,712.8369702923646,712.8369702923646,712.8369702923646,712.8369702923646,712.8369702923646,712.8369702923646,712.8369702923646,712.8369702923646,712.8369702923646,712.8369702923646,712.8369702923646,712.8369702923646,712.8369702923646,712.8369702923646,712.8369702923646,712.8369702923646,712.8369702923646,712.8369702923646,712.8369702923646,712.8369702923646,712.8369702923646,712.8369702923646,712.8369702923646,712.8369702923646,712.8369702923646,712.8369702923646,712.8369702923646,712.8369702923646,712.8369702923646,712.8369702923646,712.8369702923646,712.8369702923646,712.8369702923646,712.8369702923646,712.8369702923646,712.8369702923646,712.8369702923646,712.8369702923646,712.8369702923646,712.8369702923646,712.8369702923646,712.8369702923646,712.8369702923646,712.8369702923646,712.8369702923646,712.8369702923646,712.8369702923646,712.8369702923646,712.8369702923646,712.8369702923646,712.8369702923646,712.8369702923646,712.8369702923646,712.8369702923646,712.8369702923646,712.8369702923646,712.8369702923646,712.8369702923646,712.8369702923646,712.8369702923646,712.8369702923646,712.8369702923646,712.8369702923646,712.8369702923646,712.8369702923646,712.8369702923646,712.8369702923646,712.8369702923646,712.8369702923646,712.8369702923646,712.8369702923646,712.8369702923646,712.8369702923646,712.8369702923646,712.8369702923646,712.8369702923646,712.8369702923646,712.8369702923646,712.8369702923646,712.8369702923646,712.8369702923646,712.8369702923646,712.8369702923646,712.8369702923646,712.8369702923646,712.8369702923646,712.8369702923646,712.8369702923646,712.8369702923646,712.8369702923646,712.8369702923646,712.8369702923646,712.8369702923646,712.8369702923646,712.8369702923646,712.8369702923646,712.8369702923646,712.8369702923646,712.8369702923646,712.8369702923646,712.8369702923646,712.8369702923646,712.8369702923646,712.8369702923646,712.8369702923646,712.8369702923646,712.8369702923646,712.8369702923646,712.8369702923646,712.8369702923646,712.8369702923646,712.8369702923646,712.8369702923646,712.8369702923646,712.8369702923646,712.8369702923646,712.8369702923646,712.8369702923646,712.8369702923646,712.8369702923646,712.8369702923646,712.8369702923646,712.8369702923646,712.8369702923646,712.8369702923646,712.8369702923646,712.8369702923646,712.8369702923646,712.8369702923646,712.8369702923646,712.8369702923646,712.8369702923646,712.8369702923646,712.8369702923646]"
RC101,25,ACO,7,729.4650017329071,5.002470200008247,4,True,217,"[807.5877513276232,765.8310765217011,765.8310765217011,729.4650017329071,729.4650017329071,729.4650017329071,729.4650017329071,729.4650017329071,729.4650017329071,729.4650017329071,729.4650017329071,729.4650017329071,729.4650017329071,729.4650017329071,729.4650017329071,729.4650017329071,729.4650017329071,729.4650017329071,729.4650017329071,729.4650017329071,729.4650017329071,729.4650017329071,729.4650017329071,729.4650017329071,729.4650017329071,729.4650017329071,729.4650017329071,729.4650017329071,729.4650017329071,729.4650017329071,729.4650017329071,729.4650017329071,729.4650017329071,729.4650017329071,729.4650017329071,729.4650017329071,729.4650017329071,729.4650017329071,729.4650017329071,729.4650017329071,729.4650017329071,729.4650017329071,729.4650017329071,729.4650017329071,729.4650017329071,729.4650017329071,729.4650017329071,729.4650017329071,729.4650017329071,729.4650017329071,729.4650017329071,729.4650017329071,729.4650017329071,729.4650017329071,729.4650017329071,729.4650017329071,729.4650017329071,729.4650017329071,729.4650017329071,729.4650017329071,729.4650017329071,729.4650017329071,729.4650017329071,729.4650017329071,729.4650017329071,729.4650017329071,729.4650017329071,729.4650017329071,729.4650017329071,729.4650017329071,729.4650017329071,729.4650017329071,729.4650017329071,729.4650017329071,729.4650017329071,729.4650017329071,729.4650017329071,729.4650017329071,729.4650017329071,729.4650017329071,729.4650017329071,729.4650017329071,729.4650017329071,729.4650017329071,729.4650017329071,729.4650017329071,729.4650017329071,729.4650017329071,729.4650017329071,729.4650017329071,729.4650017329071,729.4650017329071,729.4650017329071,729.4650017329071,729.4650017329071,729.4650017329071,729.4650017329071,729.4650017329071,729.4650017329071,729.4650017329071,729.4650017329071,729.4650017329071,729.4650017329071,729.4650017329071,729.4650017329071,729.4650017329071,729.4650017329071,729.4650017329071,729.4650017329071,729.4650017329071,729.4650017329071,729.4650017329071,729.4650017329071,729.4650017329071,729.4650017329071,729.4650017329071,729.4650017329071,729.4650017329071,729.4650017329071,729.4650017329071,729.4650017329071,729.4650017329071,729.4650017329071,729.4650017329071,729.4650017329071,729.4650017329071,729.4650017329071,729.4650017329071,729.4650017329071,729.4650017329071,729.4650017329071,729.4650017329071,729.4650017329071,729.4650017329071,729.4650017329071,729.4650017329071,729.4650017329071,729.4650017329071,729.4650017329071,729.4650017329071,729.4650017329071,729.4650017329071,729.4650017329071,729.4650017329071,729.4650017329071,729.4650017329071,729.4650017329071,729.4650017329071,729.4650017329071,729.4650017329071,729.4650017329071,729.4650017329071,729.4650017329071,729.4650017329071,729.4650017329071,729.4650017329071,729.4650017329071,729.4650017329071,729.4650017329071,729.4650017329071,729.4650017329071,729.4650017329071,729.4650017329071,729.4650017329071,729.4650017329071,729.4650017329071,729.4650017329071,729.4650017329071,729.4650017329071,729.4650017329071,729.4650017329071,729.4650017329071,729.4650017329071,729.4650017329071,729.4650017329071,729.4650017329071,729.4650017329071,729.4650017329071,729.4650017329071,729.4650017329071,729.4650017329071,729.4650017329071,729.4650017329071,729.4650017329071,729.4650017329071,729.4650017329071,729.4650017329071,729.4650017329071,729.4650017329071,729.4650017329071,729.4650017329071,729.4650017329071,729.4650017329071,729.4650017329071,729.4650017329071,729.4650017329071,729.4650017329071,729.4650017329071,729.4650017329071,729.4650017329071,729.4650017329071,729.4650017329071,729.4650017329071,729.4650017329071,729.4650017329071,729.4650017329071,729.4650017329071,729.4650017329071,729.4650017329071,729.4650017329071,729.4650017329071,729.4650017329071,729.4650017329071,729.4650017329071,729.4650017329071,729.4650017329071,729.4650017329071]"
RC101,25,ACO,8,690.8252269635807,5.00131400002283,5,True,52,"[772.153872638785,772.153872638785,753.6573826423022,753.6573826423022,690.8252269635807,690.8252269635807,690.8252269635807,690.8252269635807,690.8252269635807,690.8252269635807,690.8252269635807,690.8252269635807,690.8252269635807,690.8252269635807,690.8252269635807,690.8252269635807,690.8252269635807,690.8252269635807,690.8252269635807,690.8252269635807,690.8252269635807,690.8252269635807,690.8252269635807,690.8252269635807,690.8252269635807,690.8252269635807,690.8252269635807,690.8252269635807,690.8252269635807,690.8252269635807,690.8252269635807,690.8252269635807,690.8252269635807,690.8252269635807,690.8252269635807,690.8252269635807,690.8252269635807,690.8252269635807,690.8252269635807,690.8252269635807,690.8252269635807,690.8252269635807,690.8252269635807,690.8252269635807,690.8252269635807,690.8252269635807,690.8252269635807,690.8252269635807,690.8252269635807,690.8252269635807,690.8252269635807,690.8252269635807]"
RC101,25,ACO,9,695.5766370863191,5.001848299987614,3,True,52,"[739.631683851919,739.631683851919,695.5766370863191,695.5766370863191,695.5766370863191,695.5766370863191,695.5766370863191,695.5766370863191,695.5766370863191,695.5766370863191,695.5766370863191,695.5766370863191,695.5766370863191,695.5766370863191,695.5766370863191,695.5766370863191,695.5766370863191,695.5766370863191,695.5766370863191,695.5766370863191,695.5766370863191,695.5766370863191,695.5766370863191,695.5766370863191,695.5766370863191,695.5766370863191,695.5766370863191,695.5766370863191,695.5766370863191,695.5766370863191,695.5766370863191,695.5766370863191,695.5766370863191,695.5766370863191,695.5766370863191,695.5766370863191,695.5766370863191,695.5766370863191,695.5766370863191,695.5766370863191,695.5766370863191,695.5766370863191,695.5766370863191,695.5766370863191,695.5766370863191,695.5766370863191,695.5766370863191,695.5766370863191,695.5766370863191,695.5766370863191,695.5766370863191,695.5766370863191]"
RC101,25,ACO,10,706.3681802182982,5.001698800013401,39,True,52,"[815.6951971715655,813.3185055099951,777.4854973051839,777.4854973051839,777.4854973051839,750.2733920469184,750.2733920469184,750.2733920469184,750.2733920469184,750.2733920469184,742.9222275911529,742.9222275911529,734.3596910965947,734.3596910965947,734.3596910965947,719.3807554825501,719.3807554825501,719.3807554825501,719.3807554825501,719.3807554825501,719.3807554825501,719.3807554825501,719.3807554825501,719.3807554825501,719.3807554825501,719.3807554825501,719.3807554825501,719.3807554825501,719.3807554825501,719.3807554825501,719.3807554825501,719.3807554825501,719.3807554825501,719.3807554825501,719.3807554825501,719.3807554825501,719.3807554825501,719.3807554825501,706.3681802182982,706.3681802182982,706.3681802182982,706.3681802182982,706.3681802182982,706.3681802182982,706.3681802182982,706.3681802182982,706.3681802182982,706.3681802182982,706.3681802182982,706.3681802182982,706.3681802182982,706.3681802182982]"
RC101,25,ACO,11,702.7981426193644,5.003155899990816,21,True,51,"[829.1880104212236,758.4872122448335,758.4872122448335,740.7951908701654,740.7951908701654,740.7951908701654,737.8346028631887,734.7889237317014,734.7889237317014,734.7889237317014,734.7889237317014,734.7889237317014,734.333662939206,734.333662939206,734.333662939206,734.333662939206,734.333662939206,734.333662939206,734.333662939206,734.333662939206,702.7981426193644,702.7981426193644,702.7981426193644,702.7981426193644,702.7981426193644,702.7981426193644,702.7981426193644,702.7981426193644,702.7981426193644,702.7981426193644,702.7981426193644,702.7981426193644,702.7981426193644,702.7981426193644,702.7981426193644,702.7981426193644,702.7981426193644,702.7981426193644,702.7981426193644,702.7981426193644,702.7981426193644,702.7981426193644,702.7981426193644,702.7981426193644,702.7981426193644,702.7981426193644,702.7981426193644,702.7981426193644,702.7981426193644,702.7981426193644,702.7981426193644]"
RC101,25,ACO,12,709.6764113905695,5.003121900022961,4,True,59,"[761.1613873286254,761.1613873286254,761.1613873286254,709.6764113905695,709.6764113905695,709.6764113905695,709.6764113905695,709.6764113905695,709.6764113905695,709.6764113905695,709.6764113905695,709.6764113905695,709.6764113905695,709.6764113905695,709.6764113905695,709.6764113905695,709.6764113905695,709.6764113905695,709.6764113905695,709.6764113905695,709.6764113905695,709.6764113905695,709.6764113905695,709.6764113905695,709.6764113905695,709.6764113905695,709.6764113905695,709.6764113905695,709.6764113905695,709.6764113905695,709.6764113905695,709.6764113905695,709.6764113905695,709.6764113905695,709.6764113905695,709.6764113905695,709.6764113905695,709.6764113905695,709.6764113905695,709.6764113905695,709.6764113905695,709.6764113905695,709.6764113905695,709.6764113905695,709.6764113905695,709.6764113905695,709.6764113905695,709.6764113905695,709.6764113905695,709.6764113905695,709.6764113905695,709.6764113905695,709.6764113905695,709.6764113905695,709.6764113905695,709.6764113905695,709.6764113905695,709.6764113905695,709.6764113905695]"
RC101,25,ACO,13,676.9387758381926,5.003166600014083,3,True,52,"[758.5890585357498,758.5890585357498,676.9387758381926,676.9387758381926,676.9387758381926,676.9387758381926,676.9387758381926,676.9387758381926,676.9387758381926,676.9387758381926,676.9387758381926,676.9387758381926,676.9387758381926,676.9387758381926,676.9387758381926,676.9387758381926,676.9387758381926,676.9387758381926,676.9387758381926,676.9387758381926,676.9387758381926,676.9387758381926,676.9387758381926,676.9387758381926,676.9387758381926,676.9387758381926,676.9387758381926,676.9387758381926,676.9387758381926,676.9387758381926,676.9387758381926,676.9387758381926,676.9387758381926,676.9387758381926,676.9387758381926,676.9387758381926,676.9387758381926,676.9387758381926,676.9387758381926,676.9387758381926,676.9387758381926,676.9387758381926,676.9387758381926,676.9387758381926,676.9387758381926,676.9387758381926,676.9387758381926,676.9387758381926,676.9387758381926,676.9387758381926,676.9387758381926,676.9387758381926]"
RC101,25,ACO,14,619.2636069754874,5.0002391999878455,4,True,130,"[750.6555489280366,750.6555489280366,750.6555489280366,619.2636069754874,619.2636069754874,619.2636069754874,619.2636069754874,619.2636069754874,619.2636069754874,619.2636069754874,619.2636069754874,619.2636069754874,619.2636069754874,619.2636069754874,619.2636069754874,619.2636069754874,619.2636069754874,619.2636069754874,619.2636069754874,619.2636069754874,619.2636069754874,619.2636069754874,619.2636069754874,619.2636069754874,619.2636069754874,619.2636069754874,619.2636069754874,619.2636069754874,619.2636069754874,619.2636069754874,619.2636069754874,619.2636069754874,619.2636069754874,619.2636069754874,619.2636069754874,619.2636069754874,619.2636069754874,619.2636069754874,619.2636069754874,619.2636069754874,619.2636069754874,619.2636069754874,619.2636069754874,619.2636069754874,619.2636069754874,619.2636069754874,619.2636069754874,619.2636069754874,619.2636069754874,619.2636069754874,619.2636069754874,619.2636069754874,619.2636069754874,619.2636069754874,619.2636069754874,619.2636069754874,619.2636069754874,619.2636069754874,619.2636069754874,619.2636069754874,619.2636069754874,619.2636069754874,619.2636069754874,619.2636069754874,619.2636069754874,619.2636069754874,619.2636069754874,619.2636069754874,619.2636069754874,619.2636069754874,619.2636069754874,619.2636069754874,619.2636069754874,619.2636069754874,619.2636069754874,619.2636069754874,619.2636069754874,619.2636069754874,619.2636069754874,619.2636069754874,619.2636069754874,619.2636069754874,619.2636069754874,619.2636069754874,619.2636069754874,619.2636069754874,619.2636069754874,619.2636069754874,619.2636069754874,619.2636069754874,619.2636069754874,619.2636069754874,619.2636069754874,619.2636069754874,619.2636069754874,619.2636069754874,619.2636069754874,619.2636069754874,619.2636069754874,619.2636069754874,619.2636069754874,619.2636069754874,619.2636069754874,619.2636069754874,619.2636069754874,619.2636069754874,619.2636069754874,619.2636069754874,619.2636069754874,619.2636069754874,619.2636069754874,619.2636069754874,619.2636069754874,619.2636069754874,619.2636069754874,619.2636069754874,619.2636069754874,619.2636069754874,619.2636069754874,619.2636069754874,619.2636069754874,619.2636069754874,619.2636069754874,619.2636069754874,619.2636069754874,619.2636069754874,619.2636069754874,619.2636069754874,619.2636069754874,619.2636069754874]"
RC101,25,ACO,15,714.0756984304247,5.000121099990793,7,True,254,"[814.6507224916473,732.735678092188,732.735678092188,732.735678092188,732.735678092188,732.735678092188,714.0756984304247,714.0756984304247,714.0756984304247,714.0756984304247,714.0756984304247,714.0756984304247,714.0756984304247,714.0756984304247,714.0756984304247,714.0756984304247,714.0756984304247,714.0756984304247,714.0756984304247,714.0756984304247,714.0756984304247,714.0756984304247,714.0756984304247,714.0756984304247,714.0756984304247,714.0756984304247,714.0756984304247,714.0756984304247,714.0756984304247,714.0756984304247,714.0756984304247,714.0756984304247,714.0756984304247,714.0756984304247,714.0756984304247,714.0756984304247,714.0756984304247,714.0756984304247,714.0756984304247,714.0756984304247,714.0756984304247,714.0756984304247,714.0756984304247,714.0756984304247,714.0756984304247,714.0756984304247,714.0756984304247,714.0756984304247,714.0756984304247,714.0756984304247,714.0756984304247,714.0756984304247,714.0756984304247,714.0756984304247,714.0756984304247,714.0756984304247,714.0756984304247,714.0756984304247,714.0756984304247,714.0756984304247,714.0756984304247,714.0756984304247,714.0756984304247,714.0756984304247,714.0756984304247,714.0756984304247,714.0756984304247,714.0756984304247,714.0756984304247,714.0756984304247,714.0756984304247,714.0756984304247,714.0756984304247,714.0756984304247,714.0756984304247,714.0756984304247,714.0756984304247,714.0756984304247,714.0756984304247,714.0756984304247,714.0756984304247,714.0756984304247,714.0756984304247,714.0756984304247,714.0756984304247,714.0756984304247,714.0756984304247,714.0756984304247,714.0756984304247,714.0756984304247,714.0756984304247,714.0756984304247,714.0756984304247,714.0756984304247,714.0756984304247,714.0756984304247,714.0756984304247,714.0756984304247,714.0756984304247,714.0756984304247,714.0756984304247,714.0756984304247,714.0756984304247,714.0756984304247,714.0756984304247,714.0756984304247,714.0756984304247,714.0756984304247,714.0756984304247,714.0756984304247,714.0756984304247,714.0756984304247,714.0756984304247,714.0756984304247,714.0756984304247,714.0756984304247,714.0756984304247,714.0756984304247,714.0756984304247,714.0756984304247,714.0756984304247,714.0756984304247,714.0756984304247,714.0756984304247,714.0756984304247,714.0756984304247,714.0756984304247,714.0756984304247,714.0756984304247,714.0756984304247,714.0756984304247,714.0756984304247,714.0756984304247,714.0756984304247,714.0756984304247,714.0756984304247,714.0756984304247,714.0756984304247,714.0756984304247,714.0756984304247,714.0756984304247,714.0756984304247,714.0756984304247,714.0756984304247,714.0756984304247,714.0756984304247,714.0756984304247,714.0756984304247,714.0756984304247,714.0756984304247,714.0756984304247,714.0756984304247,714.0756984304247,714.0756984304247,714.0756984304247,714.0756984304247,714.0756984304247,714.0756984304247,714.0756984304247,714.0756984304247,714.0756984304247,714.0756984304247,714.0756984304247,714.0756984304247,714.0756984304247,714.0756984304247,714.0756984304247,714.0756984304247,714.0756984304247,714.0756984304247,714.0756984304247,714.0756984304247,714.0756984304247,714.0756984304247,714.0756984304247,714.0756984304247,714.0756984304247,714.0756984304247,714.0756984304247,714.0756984304247,714.0756984304247,714.0756984304247,714.0756984304247,714.0756984304247,714.0756984304247,714.0756984304247,714.0756984304247,714.0756984304247,714.0756984304247,714.0756984304247,714.0756984304247,714.0756984304247,714.0756984304247,714.0756984304247,714.0756984304247,714.0756984304247,714.0756984304247,714.0756984304247,714.0756984304247,714.0756984304247,714.0756984304247,714.0756984304247,714.0756984304247,714.0756984304247,714.0756984304247,714.0756984304247,714.0756984304247,714.0756984304247,714.0756984304247,714.0756984304247,714.0756984304247,714.0756984304247,714.0756984304247,714.0756984304247,714.0756984304247,714.0756984304247,714.0756984304247,714.0756984304247,714.0756984304247,714.0756984304247,714.0756984304247,714.0756984304247,714.0756984304247,714.0756984304247,714.0756984304247,714.0756984304247,714.0756984304247,714.0756984304247,714.0756984304247,714.0756984304247,714.0756984304247,714.0756984304247,714.0756984304247,714.0756984304247,714.0756984304247,714.0756984304247,714.0756984304247,714.0756984304247,714.0756984304247,714.0756984304247,714.0756984304247,714.0756984304247,714.0756984304247,714.0756984304247,714.0756984304247,714.0756984304247,714.0756984304247,714.0756984304247,714.0756984304247,714.0756984304247,714.0756984304247,714.0756984304247,714.0756984304247,714.0756984304247]"
RC101,25,ACO,16,727.627945835907,5.000654100003885,10,True,242,"[748.4343747545415,748.4343747545415,748.4343747545415,748.4343747545415,748.4343747545415,748.4343747545415,748.4343747545415,748.4343747545415,748.4343747545415,727.627945835907,727.627945835907,727.627945835907,727.627945835907,727.627945835907,727.627945835907,727.627945835907,727.627945835907,727.627945835907,727.627945835907,727.627945835907,727.627945835907,727.627945835907,727.627945835907,727.627945835907,727.627945835907,727.627945835907,727.627945835907,727.627945835907,727.627945835907,727.627945835907,727.627945835907,727.627945835907,727.627945835907,727.627945835907,727.627945835907,727.627945835907,727.627945835907,727.627945835907,727.627945835907,727.627945835907,727.627945835907,727.627945835907,727.627945835907,727.627945835907,727.627945835907,727.627945835907,727.627945835907,727.627945835907,727.627945835907,727.627945835907,727.627945835907,727.627945835907,727.627945835907,727.627945835907,727.627945835907,727.627945835907,727.627945835907,727.627945835907,727.627945835907,727.627945835907,727.627945835907,727.627945835907,727.627945835907,727.627945835907,727.627945835907,727.627945835907,727.627945835907,727.627945835907,727.627945835907,727.627945835907,727.627945835907,727.627945835907,727.627945835907,727.627945835907,727.627945835907,727.627945835907,727.627945835907,727.627945835907,727.627945835907,727.627945835907,727.627945835907,727.627945835907,727.627945835907,727.627945835907,727.627945835907,727.627945835907,727.627945835907,727.627945835907,727.627945835907,727.627945835907,727.627945835907,727.627945835907,727.627945835907,727.627945835907,727.627945835907,727.627945835907,727.627945835907,727.627945835907,727.627945835907,727.627945835907,727.627945835907,727.627945835907,727.627945835907,727.627945835907,727.627945835907,727.627945835907,727.627945835907,727.627945835907,727.627945835907,727.627945835907,727.627945835907,727.627945835907,727.627945835907,727.627945835907,727.627945835907,727.627945835907,727.627945835907,727.627945835907,727.627945835907,727.627945835907,727.627945835907,727.627945835907,727.627945835907,727.627945835907,727.627945835907,727.627945835907,727.627945835907,727.627945835907,727.627945835907,727.627945835907,727.627945835907,727.627945835907,727.627945835907,727.627945835907,727.627945835907,727.627945835907,727.627945835907,727.627945835907,727.627945835907,727.627945835907,727.627945835907,727.627945835907,727.627945835907,727.627945835907,727.627945835907,727.627945835907,727.627945835907,727.627945835907,727.627945835907,727.627945835907,727.627945835907,727.627945835907,727.627945835907,727.627945835907,727.627945835907,727.627945835907,727.627945835907,727.627945835907,727.627945835907,727.627945835907,727.627945835907,727.627945835907,727.627945835907,727.627945835907,727.627945835907,727.627945835907,727.627945835907,727.627945835907,727.627945835907,727.627945835907,727.627945835907,727.627945835907,727.627945835907,727.627945835907,727.627945835907,727.627945835907,727.627945835907,727.627945835907,727.627945835907,727.627945835907,727.627945835907,727.627945835907,727.627945835907,727.627945835907,727.627945835907,727.627945835907,727.627945835907,727.627945835907,727.627945835907,727.627945835907,727.627945835907,727.627945835907,727.627945835907,727.627945835907,727.627945835907,727.627945835907,727.627945835907,727.627945835907,727.627945835907,727.627945835907,727.627945835907,727.627945835907,727.627945835907,727.627945835907,727.627945835907,727.627945835907,727.627945835907,727.627945835907,727.627945835907,727.627945835907,727.627945835907,727.627945835907,727.627945835907,727.627945835907,727.627945835907,727.627945835907,727.627945835907,727.627945835907,727.627945835907,727.627945835907,727.627945835907,727.627945835907,727.627945835907,727.627945835907,727.627945835907,727.627945835907,727.627945835907,727.627945835907,727.627945835907,727.627945835907,727.627945835907,727.627945835907,727.627945835907,727.627945835907,727.627945835907,727.627945835907,727.627945835907,727.627945835907,727.627945835907,727.627945835907,727.627945835907,727.627945835907]"
RC101,25,ACO,17,704.9043154557934,5.000578499981202,17,True,268,"[837.0292843814531,777.3912527768744,777.3912527768744,772.0778853185375,772.0778853185375,739.7775731439401,733.2053727653333,733.2053727653333,733.2053727653333,731.2786169692541,731.2786169692541,731.2786169692541,731.2786169692541,731.2786169692541,731.2786169692541,731.2786169692541,704.9043154557934,704.9043154557934,704.9043154557934,704.9043154557934,704.9043154557934,704.9043154557934,704.9043154557934,704.9043154557934,704.9043154557934,704.9043154557934,704.9043154557934,704.9043154557934,704.9043154557934,704.9043154557934,704.9043154557934,704.9043154557934,704.9043154557934,704.9043154557934,704.9043154557934,704.9043154557934,704.9043154557934,704.9043154557934,704.9043154557934,704.9043154557934,704.9043154557934,704.9043154557934,704.9043154557934,704.9043154557934,704.9043154557934,704.9043154557934,704.9043154557934,704.9043154557934,704.9043154557934,704.9043154557934,704.9043154557934,704.9043154557934,704.9043154557934,704.9043154557934,704.9043154557934,704.9043154557934,704.9043154557934,704.9043154557934,704.9043154557934,704.9043154557934,704.9043154557934,704.9043154557934,704.9043154557934,704.9043154557934,704.9043154557934,704.9043154557934,704.9043154557934,704.9043154557934,704.9043154557934,704.9043154557934,704.9043154557934,704.9043154557934,704.9043154557934,704.9043154557934,704.9043154557934,704.9043154557934,704.9043154557934,704.9043154557934,704.9043154557934,704.9043154557934,704.9043154557934,704.9043154557934,704.9043154557934,704.9043154557934,704.9043154557934,704.9043154557934,704.9043154557934,704.9043154557934,704.9043154557934,704.9043154557934,704.9043154557934,704.9043154557934,704.9043154557934,704.9043154557934,704.9043154557934,704.9043154557934,704.9043154557934,704.9043154557934,704.9043154557934,704.9043154557934,704.9043154557934,704.9043154557934,704.9043154557934,704.9043154557934,704.9043154557934,704.9043154557934,704.9043154557934,704.9043154557934,704.9043154557934,704.9043154557934,704.9043154557934,704.9043154557934,704.9043154557934,704.9043154557934,704.9043154557934,704.9043154557934,704.9043154557934,704.9043154557934,704.9043154557934,704.9043154557934,704.9043154557934,704.9043154557934,704.9043154557934,704.9043154557934,704.9043154557934,704.9043154557934,704.9043154557934,704.9043154557934,704.9043154557934,704.9043154557934,704.9043154557934,704.9043154557934,704.9043154557934,704.9043154557934,704.9043154557934,704.9043154557934,704.9043154557934,704.9043154557934,704.9043154557934,704.9043154557934,704.9043154557934,704.9043154557934,704.9043154557934,704.9043154557934,704.9043154557934,704.9043154557934,704.9043154557934,704.9043154557934,704.9043154557934,704.9043154557934,704.9043154557934,704.9043154557934,704.9043154557934,704.9043154557934,704.9043154557934,704.9043154557934,704.9043154557934,704.9043154557934,704.9043154557934,704.9043154557934,704.9043154557934,704.9043154557934,704.9043154557934,704.9043154557934,704.9043154557934,704.9043154557934,704.9043154557934,704.9043154557934,704.9043154557934,704.9043154557934,704.9043154557934,704.9043154557934,704.9043154557934,704.9043154557934,704.9043154557934,704.9043154557934,704.9043154557934,704.9043154557934,704.9043154557934,704.9043154557934,704.9043154557934,704.9043154557934,704.9043154557934,704.9043154557934,704.9043154557934,704.9043154557934,704.9043154557934,704.9043154557934,704.9043154557934,704.9043154557934,704.9043154557934,704.9043154557934,704.9043154557934,704.9043154557934,704.9043154557934,704.9043154557934,704.9043154557934,704.9043154557934,704.9043154557934,704.9043154557934,704.9043154557934,704.9043154557934,704.9043154557934,704.9043154557934,704.9043154557934,704.9043154557934,704.9043154557934,704.9043154557934,704.9043154557934,704.9043154557934,704.9043154557934,704.9043154557934,704.9043154557934,704.9043154557934,704.9043154557934,704.9043154557934,704.9043154557934,704.9043154557934,704.9043154557934,704.9043154557934,704.9043154557934,704.9043154557934,704.9043154557934,704.9043154557934,704.9043154557934,704.9043154557934,704.9043154557934,704.9043154557934,704.9043154557934,704.9043154557934,704.9043154557934,704.9043154557934,704.9043154557934,704.9043154557934,704.9043154557934,704.9043154557934,704.9043154557934,704.9043154557934,704.9043154557934,704.9043154557934,704.9043154557934,704.9043154557934,704.9043154557934,704.9043154557934,704.9043154557934,704.9043154557934,704.9043154557934,704.9043154557934,704.9043154557934,704.9043154557934,704.9043154557934,704.9043154557934,704.9043154557934,704.9043154557934,704.9043154557934,704.9043154557934,704.9043154557934,704.9043154557934,704.9043154557934,704.9043154557934,704.9043154557934,704.9043154557934,704.9043154557934,704.9043154557934,704.9043154557934,704.9043154557934,704.9043154557934,704.9043154557934]"
RC101,25,ACO,18,731.2786169692542,5.000397799973143,22,True,252,"[740.1625736350488,740.1625736350488,740.1625736350488,736.2294277008286,736.2294277008286,736.2294277008286,736.2294277008286,736.2294277008286,736.2294277008286,736.2294277008286,736.2294277008286,736.2294277008286,735.8342074174093,735.8342074174093,735.8342074174093,735.8342074174093,735.8342074174093,735.8342074174093,735.8342074174093,735.8342074174093,735.8342074174093,731.2786169692542,731.2786169692542,731.2786169692542,731.2786169692542,731.2786169692542,731.2786169692542,731.2786169692542,731.2786169692542,731.2786169692542,731.2786169692542,731.2786169692542,731.2786169692542,731.2786169692542,731.2786169692542,731.2786169692542,731.2786169692542,731.2786169692542,731.2786169692542,731.2786169692542,731.2786169692542,731.2786169692542,731.2786169692542,731.2786169692542,731.2786169692542,731.2786169692542,731.2786169692542,731.2786169692542,731.2786169692542,731.2786169692542,731.2786169692542,731.2786169692542,731.2786169692542,731.2786169692542,731.2786169692542,731.2786169692542,731.2786169692542,731.2786169692542,731.2786169692542,731.2786169692542,731.2786169692542,731.2786169692542,731.2786169692542,731.2786169692542,731.2786169692542,731.2786169692542,731.2786169692542,731.2786169692542,731.2786169692542,731.2786169692542,731.2786169692542,731.2786169692542,731.2786169692542,731.2786169692542,731.2786169692542,731.2786169692542,731.2786169692542,731.2786169692542,731.2786169692542,731.2786169692542,731.2786169692542,731.2786169692542,731.2786169692542,731.2786169692542,731.2786169692542,731.2786169692542,731.2786169692542,731.2786169692542,731.2786169692542,731.2786169692542,731.2786169692542,731.2786169692542,731.2786169692542,731.2786169692542,731.2786169692542,731.2786169692542,731.2786169692542,731.2786169692542,731.2786169692542,731.2786169692542,731.2786169692542,731.2786169692542,731.2786169692542,731.2786169692542,731.2786169692542,731.2786169692542,731.2786169692542,731.2786169692542,731.2786169692542,731.2786169692542,731.2786169692542,731.2786169692542,731.2786169692542,731.2786169692542,731.2786169692542,731.2786169692542,731.2786169692542,731.2786169692542,731.2786169692542,731.2786169692542,731.2786169692542,731.2786169692542,731.2786169692542,731.2786169692542,731.2786169692542,731.2786169692542,731.2786169692542,731.2786169692542,731.2786169692542,731.2786169692542,731.2786169692542,731.2786169692542,731.2786169692542,731.2786169692542,731.2786169692542,731.2786169692542,731.2786169692542,731.2786169692542,731.2786169692542,731.2786169692542,731.2786169692542,731.2786169692542,731.2786169692542,731.2786169692542,731.2786169692542,731.2786169692542,731.2786169692542,731.2786169692542,731.2786169692542,731.2786169692542,731.2786169692542,731.2786169692542,731.2786169692542,731.2786169692542,731.2786169692542,731.2786169692542,731.2786169692542,731.2786169692542,731.2786169692542,731.2786169692542,731.2786169692542,731.2786169692542,731.2786169692542,731.2786169692542,731.2786169692542,731.2786169692542,731.2786169692542,731.2786169692542,731.2786169692542,731.2786169692542,731.2786169692542,731.2786169692542,731.2786169692542,731.2786169692542,731.2786169692542,731.2786169692542,731.2786169692542,731.2786169692542,731.2786169692542,731.2786169692542,731.2786169692542,731.2786169692542,731.2786169692542,731.2786169692542,731.2786169692542,731.2786169692542,731.2786169692542,731.2786169692542,731.2786169692542,731.2786169692542,731.2786169692542,731.2786169692542,731.2786169692542,731.2786169692542,731.2786169692542,731.2786169692542,731.2786169692542,731.2786169692542,731.2786169692542,731.2786169692542,731.2786169692542,731.2786169692542,731.2786169692542,731.2786169692542,731.2786169692542,731.2786169692542,731.2786169692542,731.2786169692542,731.2786169692542,731.2786169692542,731.2786169692542,731.2786169692542,731.2786169692542,731.2786169692542,731.2786169692542,731.2786169692542,731.2786169692542,731.2786169692542,731.2786169692542,731.2786169692542,731.2786169692542,731.2786169692542,731.2786169692542,731.2786169692542,731.2786169692542,731.2786169692542,731.2786169692542,731.2786169692542,731.2786169692542,731.2786169692542,731.2786169692542,731.2786169692542,731.2786169692542,731.2786169692542,731.2786169692542,731.2786169692542,731.2786169692542,731.2786169692542,731.2786169692542,731.2786169692542,731.2786169692542,731.2786169692542,731.2786169692542,731.2786169692542,731.2786169692542,731.2786169692542,731.2786169692542,731.2786169692542,731.2786169692542,731.2786169692542,731.2786169692542,731.2786169692542]"
RC101,25,ACO,19,725.0326296032214,5.000659000012092,21,True,255,"[814.1542386297676,747.1352940476293,747.1352940476293,747.1352940476293,747.1352940476293,747.1352940476293,747.1352940476293,747.1352940476293,744.9695310996195,744.9695310996195,744.9695310996195,735.0340361495067,735.0340361495067,733.6405165318901,733.6405165318901,733.6405165318901,733.6405165318901,733.6405165318901,731.2786169692542,731.2786169692542,725.0326296032214,725.0326296032214,725.0326296032214,725.0326296032214,725.0326296032214,725.0326296032214,725.0326296032214,725.0326296032214,725.0326296032214,725.0326296032214,725.0326296032214,725.0326296032214,725.0326296032214,725.0326296032214,725.0326296032214,725.0326296032214,725.0326296032214,725.0326296032214,725.0326296032214,725.0326296032214,725.0326296032214,725.0326296032214,725.0326296032214,725.0326296032214,725.0326296032214,725.0326296032214,725.0326296032214,725.0326296032214,725.0326296032214,725.0326296032214,725.0326296032214,725.0326296032214,725.0326296032214,725.0326296032214,725.0326296032214,725.0326296032214,725.0326296032214,725.0326296032214,725.0326296032214,725.0326296032214,725.0326296032214,725.0326296032214,725.0326296032214,725.0326296032214,725.0326296032214,725.0326296032214,725.0326296032214,725.0326296032214,725.0326296032214,725.0326296032214,725.0326296032214,725.0326296032214,725.0326296032214,725.0326296032214,725.0326296032214,725.0326296032214,725.0326296032214,725.0326296032214,725.0326296032214,725.0326296032214,725.0326296032214,725.0326296032214,725.0326296032214,725.0326296032214,725.0326296032214,725.0326296032214,725.0326296032214,725.0326296032214,725.0326296032214,725.0326296032214,725.0326296032214,725.0326296032214,725.0326296032214,725.0326296032214,725.0326296032214,725.0326296032214,725.0326296032214,725.0326296032214,725.0326296032214,725.0326296032214,725.0326296032214,725.0326296032214,725.0326296032214,725.0326296032214,725.0326296032214,725.0326296032214,725.0326296032214,725.0326296032214,725.0326296032214,725.0326296032214,725.0326296032214,725.0326296032214,725.0326296032214,725.0326296032214,725.0326296032214,725.0326296032214,725.0326296032214,725.0326296032214,725.0326296032214,725.0326296032214,725.0326296032214,725.0326296032214,725.0326296032214,725.0326296032214,725.0326296032214,725.0326296032214,725.0326296032214,725.0326296032214,725.0326296032214,725.0326296032214,725.0326296032214,725.0326296032214,725.0326296032214,725.0326296032214,725.0326296032214,725.0326296032214,725.0326296032214,725.0326296032214,725.0326296032214,725.0326296032214,725.0326296032214,725.0326296032214,725.0326296032214,725.0326296032214,725.0326296032214,725.0326296032214,725.0326296032214,725.0326296032214,725.0326296032214,725.0326296032214,725.0326296032214,725.0326296032214,725.0326296032214,725.0326296032214,725.0326296032214,725.0326296032214,725.0326296032214,725.0326296032214,725.0326296032214,725.0326296032214,725.0326296032214,725.0326296032214,725.0326296032214,725.0326296032214,725.0326296032214,725.0326296032214,725.0326296032214,725.0326296032214,725.0326296032214,725.0326296032214,725.0326296032214,725.0326296032214,725.0326296032214,725.0326296032214,725.0326296032214,725.0326296032214,725.0326296032214,725.0326296032214,725.0326296032214,725.0326296032214,725.0326296032214,725.0326296032214,725.0326296032214,725.0326296032214,725.0326296032214,725.0326296032214,725.0326296032214,725.0326296032214,725.0326296032214,725.0326296032214,725.0326296032214,725.0326296032214,725.0326296032214,725.0326296032214,725.0326296032214,725.0326296032214,725.0326296032214,725.0326296032214,725.0326296032214,725.0326296032214,725.0326296032214,725.0326296032214,725.0326296032214,725.0326296032214,725.0326296032214,725.0326296032214,725.0326296032214,725.0326296032214,725.0326296032214,725.0326296032214,725.0326296032214,725.0326296032214,725.0326296032214,725.0326296032214,725.0326296032214,725.0326296032214,725.0326296032214,725.0326296032214,725.0326296032214,725.0326296032214,725.0326296032214,725.0326296032214,725.0326296032214,725.0326296032214,725.0326296032214,725.0326296032214,725.0326296032214,725.0326296032214,725.0326296032214,725.0326296032214,725.0326296032214,725.0326296032214,725.0326296032214,725.0326296032214,725.0326296032214,725.0326296032214,725.0326296032214,725.0326296032214,725.0326296032214,725.0326296032214,725.0326296032214,725.0326296032214,725.0326296032214,725.0326296032214,725.0326296032214,725.0326296032214,725.0326296032214,725.0326296032214,725.0326296032214,725.0326296032214,725.0326296032214,725.0326296032214,725.0326296032214,725.0326296032214,725.0326296032214]"
RC101,25,ACO,20,700.8171162125655,5.000131000007968,11,True,260,"[756.1391445652521,756.1391445652521,756.1391445652521,717.9266351987678,717.9266351987678,717.9266351987678,717.9266351987678,717.9266351987678,717.9266351987678,717.9266351987678,700.8171162125655,700.8171162125655,700.8171162125655,700.8171162125655,700.8171162125655,700.8171162125655,700.8171162125655,700.8171162125655,700.8171162125655,700.8171162125655,700.8171162125655,700.8171162125655,700.8171162125655,700.8171162125655,700.8171162125655,700.8171162125655,700.8171162125655,700.8171162125655,700.8171162125655,700.8171162125655,700.8171162125655,700.8171162125655,700.8171162125655,700.8171162125655,700.8171162125655,700.8171162125655,700.8171162125655,700.8171162125655,700.8171162125655,700.8171162125655,700.8171162125655,700.8171162125655,700.8171162125655,700.8171162125655,700.8171162125655,700.8171162125655,700.8171162125655,700.8171162125655,700.8171162125655,700.8171162125655,700.8171162125655,700.8171162125655,700.8171162125655,700.8171162125655,700.8171162125655,700.8171162125655,700.8171162125655,700.8171162125655,700.8171162125655,700.8171162125655,700.8171162125655,700.8171162125655,700.8171162125655,700.8171162125655,700.8171162125655,700.8171162125655,700.8171162125655,700.8171162125655,700.8171162125655,700.8171162125655,700.8171162125655,700.8171162125655,700.8171162125655,700.8171162125655,700.8171162125655,700.8171162125655,700.8171162125655,700.8171162125655,700.8171162125655,700.8171162125655,700.8171162125655,700.8171162125655,700.8171162125655,700.8171162125655,700.8171162125655,700.8171162125655,700.8171162125655,700.8171162125655,700.8171162125655,700.8171162125655,700.8171162125655,700.8171162125655,700.8171162125655,700.8171162125655,700.8171162125655,700.8171162125655,700.8171162125655,700.8171162125655,700.8171162125655,700.8171162125655,700.8171162125655,700.8171162125655,700.8171162125655,700.8171162125655,700.8171162125655,700.8171162125655,700.8171162125655,700.8171162125655,700.8171162125655,700.8171162125655,700.8171162125655,700.8171162125655,700.8171162125655,700.8171162125655,700.8171162125655,700.8171162125655,700.8171162125655,700.8171162125655,700.8171162125655,700.8171162125655,700.8171162125655,700.8171162125655,700.8171162125655,700.8171162125655,700.8171162125655,700.8171162125655,700.8171162125655,700.8171162125655,700.8171162125655,700.8171162125655,700.8171162125655,700.8171162125655,700.8171162125655,700.8171162125655,700.8171162125655,700.8171162125655,700.8171162125655,700.8171162125655,700.8171162125655,700.8171162125655,700.8171162125655,700.8171162125655,700.8171162125655,700.8171162125655,700.8171162125655,700.8171162125655,700.8171162125655,700.8171162125655,700.8171162125655,700.8171162125655,700.8171162125655,700.8171162125655,700.8171162125655,700.8171162125655,700.8171162125655,700.8171162125655,700.8171162125655,700.8171162125655,700.8171162125655,700.8171162125655,700.8171162125655,700.8171162125655,700.8171162125655,700.8171162125655,700.8171162125655,700.8171162125655,700.8171162125655,700.8171162125655,700.8171162125655,700.8171162125655,700.8171162125655,700.8171162125655,700.8171162125655,700.8171162125655,700.8171162125655,700.8171162125655,700.8171162125655,700.8171162125655,700.8171162125655,700.8171162125655,700.8171162125655,700.8171162125655,700.8171162125655,700.8171162125655,700.8171162125655,700.8171162125655,700.8171162125655,700.8171162125655,700.8171162125655,700.8171162125655,700.8171162125655,700.8171162125655,700.8171162125655,700.8171162125655,700.8171162125655,700.8171162125655,700.8171162125655,700.8171162125655,700.8171162125655,700.8171162125655,700.8171162125655,700.8171162125655,700.8171162125655,700.8171162125655,700.8171162125655,700.8171162125655,700.8171162125655,700.8171162125655,700.8171162125655,700.8171162125655,700.8171162125655,700.8171162125655,700.8171162125655,700.8171162125655,700.8171162125655,700.8171162125655,700.8171162125655,700.8171162125655,700.8171162125655,700.8171162125655,700.8171162125655,700.8171162125655,700.8171162125655,700.8171162125655,700.8171162125655,700.8171162125655,700.8171162125655,700.8171162125655,700.8171162125655,700.8171162125655,700.8171162125655,700.8171162125655,700.8171162125655,700.8171162125655,700.8171162125655,700.8171162125655,700.8171162125655,700.8171162125655,700.8171162125655,700.8171162125655,700.8171162125655,700.8171162125655,700.8171162125655,700.8171162125655,700.8171162125655,700.8171162125655,700.8171162125655,700.8171162125655,700.8171162125655,700.8171162125655,700.8171162125655,700.8171162125655,700.8171162125655,700.8171162125655,700.8171162125655,700.8171162125655,700.8171162125655,700.8171162125655,700.8171162125655,700.8171162125655]"
RC101,25,ACO,21,715.5394358097859,5.000374200026272,8,True,251,"[756.5763257190669,756.5763257190669,756.5763257190669,756.5763257190669,756.5763257190669,751.1031656646983,751.1031656646983,715.5394358097859,715.5394358097859,715.5394358097859,715.5394358097859,715.5394358097859,715.5394358097859,715.5394358097859,715.5394358097859,715.5394358097859,715.5394358097859,715.5394358097859,715.5394358097859,715.5394358097859,715.5394358097859,715.5394358097859,715.5394358097859,715.5394358097859,715.5394358097859,715.5394358097859,715.5394358097859,715.5394358097859,715.5394358097859,715.5394358097859,715.5394358097859,715.5394358097859,715.5394358097859,715.5394358097859,715.5394358097859,715.5394358097859,715.5394358097859,715.5394358097859,715.5394358097859,715.5394358097859,715.5394358097859,715.5394358097859,715.5394358097859,715.5394358097859,715.5394358097859,715.5394358097859,715.5394358097859,715.5394358097859,715.5394358097859,715.5394358097859,715.5394358097859,715.5394358097859,715.5394358097859,715.5394358097859,715.5394358097859,715.5394358097859,715.5394358097859,715.5394358097859,715.5394358097859,715.5394358097859,715.5394358097859,715.5394358097859,715.5394358097859,715.5394358097859,715.5394358097859,715.5394358097859,715.5394358097859,715.5394358097859,715.5394358097859,715.5394358097859,715.5394358097859,715.5394358097859,715.5394358097859,715.5394358097859,715.5394358097859,715.5394358097859,715.5394358097859,715.5394358097859,715.5394358097859,715.5394358097859,715.5394358097859,715.5394358097859,715.5394358097859,715.5394358097859,715.5394358097859,715.5394358097859,715.5394358097859,715.5394358097859,715.5394358097859,715.5394358097859,715.5394358097859,715.5394358097859,715.5394358097859,715.5394358097859,715.5394358097859,715.5394358097859,715.5394358097859,715.5394358097859,715.5394358097859,715.5394358097859,715.5394358097859,715.5394358097859,715.5394358097859,715.5394358097859,715.5394358097859,715.5394358097859,715.5394358097859,715.5394358097859,715.5394358097859,715.5394358097859,715.5394358097859,715.5394358097859,715.5394358097859,715.5394358097859,715.5394358097859,715.5394358097859,715.5394358097859,715.5394358097859,715.5394358097859,715.5394358097859,715.5394358097859,715.5394358097859,715.5394358097859,715.5394358097859,715.5394358097859,715.5394358097859,715.5394358097859,715.5394358097859,715.5394358097859,715.5394358097859,715.5394358097859,715.5394358097859,715.5394358097859,715.5394358097859,715.5394358097859,715.5394358097859,715.5394358097859,715.5394358097859,715.5394358097859,715.5394358097859,715.5394358097859,715.5394358097859,715.5394358097859,715.5394358097859,715.5394358097859,715.5394358097859,715.5394358097859,715.5394358097859,715.5394358097859,715.5394358097859,715.5394358097859,715.5394358097859,715.5394358097859,715.5394358097859,715.5394358097859,715.5394358097859,715.5394358097859,715.5394358097859,715.5394358097859,715.5394358097859,715.5394358097859,715.5394358097859,715.5394358097859,715.5394358097859,715.5394358097859,715.5394358097859,715.5394358097859,715.5394358097859,715.5394358097859,715.5394358097859,715.5394358097859,715.5394358097859,715.5394358097859,715.5394358097859,715.5394358097859,715.5394358097859,715.5394358097859,715.5394358097859,715.5394358097859,715.5394358097859,715.5394358097859,715.5394358097859,715.5394358097859,715.5394358097859,715.5394358097859,715.5394358097859,715.5394358097859,715.5394358097859,715.5394358097859,715.5394358097859,715.5394358097859,715.5394358097859,715.5394358097859,715.5394358097859,715.5394358097859,715.5394358097859,715.5394358097859,715.5394358097859,715.5394358097859,715.5394358097859,715.5394358097859,715.5394358097859,715.5394358097859,715.5394358097859,715.5394358097859,715.5394358097859,715.5394358097859,715.5394358097859,715.5394358097859,715.5394358097859,715.5394358097859,715.5394358097859,715.5394358097859,715.5394358097859,715.5394358097859,715.5394358097859,715.5394358097859,715.5394358097859,715.5394358097859,715.5394358097859,715.5394358097859,715.5394358097859,715.5394358097859,715.5394358097859,715.5394358097859,715.5394358097859,715.5394358097859,715.5394358097859,715.5394358097859,715.5394358097859,715.5394358097859,715.5394358097859,715.5394358097859,715.5394358097859,715.5394358097859,715.5394358097859,715.5394358097859,715.5394358097859,715.5394358097859,715.5394358097859,715.5394358097859,715.5394358097859,715.5394358097859,715.5394358097859,715.5394358097859,715.5394358097859,715.5394358097859,715.5394358097859,715.5394358097859,715.5394358097859,715.5394358097859]"
RC101,25,ACO,22,734.995181714426,5.000499099987792,13,True,255,"[805.3049992198146,805.3049992198146,738.8113051830883,738.8113051830883,738.8113051830883,736.3195422719094,736.3195422719094,736.3195422719094,736.3195422719094,736.3195422719094,736.3195422719094,736.3195422719094,734.995181714426,734.995181714426,734.995181714426,734.995181714426,734.995181714426,734.995181714426,734.995181714426,734.995181714426,734.995181714426,734.995181714426,734.995181714426,734.995181714426,734.995181714426,734.995181714426,734.995181714426,734.995181714426,734.995181714426,734.995181714426,734.995181714426,734.995181714426,734.995181714426,734.995181714426,734.995181714426,734.995181714426,734.995181714426,734.995181714426,734.995181714426,734.995181714426,734.995181714426,734.995181714426,734.995181714426,734.995181714426,734.995181714426,734.995181714426,734.995181714426,734.995181714426,734.995181714426,734.995181714426,734.995181714426,734.995181714426,734.995181714426,734.995181714426,734.995181714426,734.995181714426,734.995181714426,734.995181714426,734.995181714426,734.995181714426,734.995181714426,734.995181714426,734.995181714426,734.995181714426,734.995181714426,734.995181714426,734.995181714426,734.995181714426,734.995181714426,734.995181714426,734.995181714426,734.995181714426,734.995181714426,734.995181714426,734.995181714426,734.995181714426,734.995181714426,734.995181714426,734.995181714426,734.995181714426,734.995181714426,734.995181714426,734.995181714426,734.995181714426,734.995181714426,734.995181714426,734.995181714426,734.995181714426,734.995181714426,734.995181714426,734.995181714426,734.995181714426,734.995181714426,734.995181714426,734.995181714426,734.995181714426,734.995181714426,734.995181714426,734.995181714426,734.995181714426,734.995181714426,734.995181714426,734.995181714426,734.995181714426,734.995181714426,734.995181714426,734.995181714426,734.995181714426,734.995181714426,734.995181714426,734.995181714426,734.995181714426,734.995181714426,734.995181714426,734.995181714426,734.995181714426,734.995181714426,734.995181714426,734.995181714426,734.995181714426,734.995181714426,734.995181714426,734.995181714426,734.995181714426,734.995181714426,734.995181714426,734.995181714426,734.995181714426,734.995181714426,734.995181714426,734.995181714426,734.995181714426,734.995181714426,734.995181714426,734.995181714426,734.995181714426,734.995181714426,734.995181714426,734.995181714426,734.995181714426,734.995181714426,734.995181714426,734.995181714426,734.995181714426,734.995181714426,734.995181714426,734.995181714426,734.995181714426,734.995181714426,734.995181714426,734.995181714426,734.995181714426,734.995181714426,734.995181714426,734.995181714426,734.995181714426,734.995181714426,734.995181714426,734.995181714426,734.995181714426,734.995181714426,734.995181714426,734.995181714426,734.995181714426,734.995181714426,734.995181714426,734.995181714426,734.995181714426,734.995181714426,734.995181714426,734.995181714426,734.995181714426,734.995181714426,734.995181714426,734.995181714426,734.995181714426,734.995181714426,734.995181714426,734.995181714426,734.995181714426,734.995181714426,734.995181714426,734.995181714426,734.995181714426,734.995181714426,734.995181714426,734.995181714426,734.995181714426,734.995181714426,734.995181714426,734.995181714426,734.995181714426,734.995181714426,734.995181714426,734.995181714426,734.995181714426,734.995181714426,734.995181714426,734.995181714426,734.995181714426,734.995181714426,734.995181714426,734.995181714426,734.995181714426,734.995181714426,734.995181714426,734.995181714426,734.995181714426,734.995181714426,734.995181714426,734.995181714426,734.995181714426,734.995181714426,734.995181714426,734.995181714426,734.995181714426,734.995181714426,734.995181714426,734.995181714426,734.995181714426,734.995181714426,734.995181714426,734.995181714426,734.995181714426,734.995181714426,734.995181714426,734.995181714426,734.995181714426,734.995181714426,734.995181714426,734.995181714426,734.995181714426,734.995181714426,734.995181714426,734.995181714426,734.995181714426,734.995181714426,734.995181714426,734.995181714426,734.995181714426,734.995181714426,734.995181714426,734.995181714426,734.995181714426,734.995181714426,734.995181714426,734.995181714426,734.995181714426,734.995181714426,734.995181714426,734.995181714426,734.995181714426,734.995181714426,734.995181714426,734.995181714426]"
RC101,25,ACO,23,673.2131475183003,5.000252099998761,9,True,244,"[845.236160810035,749.1199942758167,749.1199942758167,749.1199942758167,749.1199942758167,749.1199942758167,749.1199942758167,749.1199942758167,673.2131475183003,673.2131475183003,673.2131475183003,673.2131475183003,673.2131475183003,673.2131475183003,673.2131475183003,673.2131475183003,673.2131475183003,673.2131475183003,673.2131475183003,673.2131475183003,673.2131475183003,673.2131475183003,673.2131475183003,673.2131475183003,673.2131475183003,673.2131475183003,673.2131475183003,673.2131475183003,673.2131475183003,673.2131475183003,673.2131475183003,673.2131475183003,673.2131475183003,673.2131475183003,673.2131475183003,673.2131475183003,673.2131475183003,673.2131475183003,673.2131475183003,673.2131475183003,673.2131475183003,673.2131475183003,673.2131475183003,673.2131475183003,673.2131475183003,673.2131475183003,673.2131475183003,673.2131475183003,673.2131475183003,673.2131475183003,673.2131475183003,673.2131475183003,673.2131475183003,673.2131475183003,673.2131475183003,673.2131475183003,673.2131475183003,673.2131475183003,673.2131475183003,673.2131475183003,673.2131475183003,673.2131475183003,673.2131475183003,673.2131475183003,673.2131475183003,673.2131475183003,673.2131475183003,673.2131475183003,673.2131475183003,673.2131475183003,673.2131475183003,673.2131475183003,673.2131475183003,673.2131475183003,673.2131475183003,673.2131475183003,673.2131475183003,673.2131475183003,673.2131475183003,673.2131475183003,673.2131475183003,673.2131475183003,673.2131475183003,673.2131475183003,673.2131475183003,673.2131475183003,673.2131475183003,673.2131475183003,673.2131475183003,673.2131475183003,673.2131475183003,673.2131475183003,673.2131475183003,673.2131475183003,673.2131475183003,673.2131475183003,673.2131475183003,673.2131475183003,673.2131475183003,673.2131475183003,673.2131475183003,673.2131475183003,673.2131475183003,673.2131475183003,673.2131475183003,673.2131475183003,673.2131475183003,673.2131475183003,673.2131475183003,673.2131475183003,673.2131475183003,673.2131475183003,673.2131475183003,673.2131475183003,673.2131475183003,673.2131475183003,673.2131475183003,673.2131475183003,673.2131475183003,673.2131475183003,673.2131475183003,673.2131475183003,673.2131475183003,673.2131475183003,673.2131475183003,673.2131475183003,673.2131475183003,673.2131475183003,673.2131475183003,673.2131475183003,673.2131475183003,673.2131475183003,673.2131475183003,673.2131475183003,673.2131475183003,673.2131475183003,673.2131475183003,673.2131475183003,673.2131475183003,673.2131475183003,673.2131475183003,673.2131475183003,673.2131475183003,673.2131475183003,673.2131475183003,673.2131475183003,673.2131475183003,673.2131475183003,673.2131475183003,673.2131475183003,673.2131475183003,673.2131475183003,673.2131475183003,673.2131475183003,673.2131475183003,673.2131475183003,673.2131475183003,673.2131475183003,673.2131475183003,673.2131475183003,673.2131475183003,673.2131475183003,673.2131475183003,673.2131475183003,673.2131475183003,673.2131475183003,673.2131475183003,673.2131475183003,673.2131475183003,673.2131475183003,673.2131475183003,673.2131475183003,673.2131475183003,673.2131475183003,673.2131475183003,673.2131475183003,673.2131475183003,673.2131475183003,673.2131475183003,673.2131475183003,673.2131475183003,673.2131475183003,673.2131475183003,673.2131475183003,673.2131475183003,673.2131475183003,673.2131475183003,673.2131475183003,673.2131475183003,673.2131475183003,673.2131475183003,673.2131475183003,673.2131475183003,673.2131475183003,673.2131475183003,673.2131475183003,673.2131475183003,673.2131475183003,673.2131475183003,673.2131475183003,673.2131475183003,673.2131475183003,673.2131475183003,673.2131475183003,673.2131475183003,673.2131475183003,673.2131475183003,673.2131475183003,673.2131475183003,673.2131475183003,673.2131475183003,673.2131475183003,673.2131475183003,673.2131475183003,673.2131475183003,673.2131475183003,673.2131475183003,673.2131475183003,673.2131475183003,673.2131475183003,673.2131475183003,673.2131475183003,673.2131475183003,673.2131475183003,673.2131475183003,673.2131475183003,673.2131475183003,673.2131475183003,673.2131475183003,673.2131475183003,673.2131475183003,673.2131475183003,673.2131475183003,673.2131475183003,673.2131475183003,673.2131475183003,673.2131475183003,673.2131475183003,673.2131475183003,673.2131475183003,673.2131475183003,673.2131475183003,673.2131475183003,673.2131475183003]"
RC101,25,ACO,24,690.8102794971412,5.000766000011936,1,True,215,"[690.8102794971412,690.8102794971412,690.8102794971412,690.8102794971412,690.8102794971412,690.8102794971412,690.8102794971412,690.8102794971412,690.8102794971412,690.8102794971412,690.8102794971412,690.8102794971412,690.8102794971412,690.8102794971412,690.8102794971412,690.8102794971412,690.8102794971412,690.8102794971412,690.8102794971412,690.8102794971412,690.8102794971412,690.8102794971412,690.8102794971412,690.8102794971412,690.8102794971412,690.8102794971412,690.8102794971412,690.8102794971412,690.8102794971412,690.8102794971412,690.8102794971412,690.8102794971412,690.8102794971412,690.8102794971412,690.8102794971412,690.8102794971412,690.8102794971412,690.8102794971412,690.8102794971412,690.8102794971412,690.8102794971412,690.8102794971412,690.8102794971412,690.8102794971412,690.8102794971412,690.8102794971412,690.8102794971412,690.8102794971412,690.8102794971412,690.8102794971412,690.8102794971412,690.8102794971412,690.8102794971412,690.8102794971412,690.8102794971412,690.8102794971412,690.8102794971412,690.8102794971412,690.8102794971412,690.8102794971412,690.8102794971412,690.8102794971412,690.8102794971412,690.8102794971412,690.8102794971412,690.8102794971412,690.8102794971412,690.8102794971412,690.8102794971412,690.8102794971412,690.8102794971412,690.8102794971412,690.8102794971412,690.8102794971412,690.8102794971412,690.8102794971412,690.8102794971412,690.8102794971412,690.8102794971412,690.8102794971412,690.8102794971412,690.8102794971412,690.8102794971412,690.8102794971412,690.8102794971412,690.8102794971412,690.8102794971412,690.8102794971412,690.8102794971412,690.8102794971412,690.8102794971412,690.8102794971412,690.8102794971412,690.8102794971412,690.8102794971412,690.8102794971412,690.8102794971412,690.8102794971412,690.8102794971412,690.8102794971412,690.8102794971412,690.8102794971412,690.8102794971412,690.8102794971412,690.8102794971412,690.8102794971412,690.8102794971412,690.8102794971412,690.8102794971412,690.8102794971412,690.8102794971412,690.8102794971412,690.8102794971412,690.8102794971412,690.8102794971412,690.8102794971412,690.8102794971412,690.8102794971412,690.8102794971412,690.8102794971412,690.8102794971412,690.8102794971412,690.8102794971412,690.8102794971412,690.8102794971412,690.8102794971412,690.8102794971412,690.8102794971412,690.8102794971412,690.8102794971412,690.8102794971412,690.8102794971412,690.8102794971412,690.8102794971412,690.8102794971412,690.8102794971412,690.8102794971412,690.8102794971412,690.8102794971412,690.8102794971412,690.8102794971412,690.8102794971412,690.8102794971412,690.8102794971412,690.8102794971412,690.8102794971412,690.8102794971412,690.8102794971412,690.8102794971412,690.8102794971412,690.8102794971412,690.8102794971412,690.8102794971412,690.8102794971412,690.8102794971412,690.8102794971412,690.8102794971412,690.8102794971412,690.8102794971412,690.8102794971412,690.8102794971412,690.8102794971412,690.8102794971412,690.8102794971412,690.8102794971412,690.8102794971412,690.8102794971412,690.8102794971412,690.8102794971412,690.8102794971412,690.8102794971412,690.8102794971412,690.8102794971412,690.8102794971412,690.8102794971412,690.8102794971412,690.8102794971412,690.8102794971412,690.8102794971412,690.8102794971412,690.8102794971412,690.8102794971412,690.8102794971412,690.8102794971412,690.8102794971412,690.8102794971412,690.8102794971412,690.8102794971412,690.8102794971412,690.8102794971412,690.8102794971412,690.8102794971412,690.8102794971412,690.8102794971412,690.8102794971412,690.8102794971412,690.8102794971412,690.8102794971412,690.8102794971412,690.8102794971412,690.8102794971412,690.8102794971412,690.8102794971412,690.8102794971412,690.8102794971412,690.8102794971412,690.8102794971412,690.8102794971412,690.8102794971412,690.8102794971412,690.8102794971412,690.8102794971412,690.8102794971412,690.8102794971412,690.8102794971412]"
RC101,25,ACO,25,698.3492035658351,5.000449699989986,1,True,105,"[698.3492035658351,698.3492035658351,698.3492035658351,698.3492035658351,698.3492035658351,698.3492035658351,698.3492035658351,698.3492035658351,698.3492035658351,698.3492035658351,698.3492035658351,698.3492035658351,698.3492035658351,698.3492035658351,698.3492035658351,698.3492035658351,698.3492035658351,698.3492035658351,698.3492035658351,698.3492035658351,698.3492035658351,698.3492035658351,698.3492035658351,698.3492035658351,698.3492035658351,698.3492035658351,698.3492035658351,698.3492035658351,698.3492035658351,698.3492035658351,698.3492035658351,698.3492035658351,698.3492035658351,698.3492035658351,698.3492035658351,698.3492035658351,698.3492035658351,698.3492035658351,698.3492035658351,698.3492035658351,698.3492035658351,698.3492035658351,698.3492035658351,698.3492035658351,698.3492035658351,698.3492035658351,698.3492035658351,698.3492035658351,698.3492035658351,698.3492035658351,698.3492035658351,698.3492035658351,698.3492035658351,698.3492035658351,698.3492035658351,698.3492035658351,698.3492035658351,698.3492035658351,698.3492035658351,698.3492035658351,698.3492035658351,698.3492035658351,698.3492035658351,698.3492035658351,698.3492035658351,698.3492035658351,698.3492035658351,698.3492035658351,698.3492035658351,698.3492035658351,698.3492035658351,698.3492035658351,698.3492035658351,698.3492035658351,698.3492035658351,698.3492035658351,698.3492035658351,698.3492035658351,698.3492035658351,698.3492035658351,698.3492035658351,698.3492035658351,698.3492035658351,698.3492035658351,698.3492035658351,698.3492035658351,698.3492035658351,698.3492035658351,698.3492035658351,698.3492035658351,698.3492035658351,698.3492035658351,698.3492035658351,698.3492035658351,698.3492035658351,698.3492035658351,698.3492035658351,698.3492035658351,698.3492035658351,698.3492035658351,698.3492035658351,698.3492035658351,698.3492035658351,698.3492035658351,698.3492035658351]"
RC101,25,ACO,26,665.7072127029605,5.000448700011475,1,True,231,"[665.7072127029605,665.7072127029605,665.7072127029605,665.7072127029605,665.7072127029605,665.7072127029605,665.7072127029605,665.7072127029605,665.7072127029605,665.7072127029605,665.7072127029605,665.7072127029605,665.7072127029605,665.7072127029605,665.7072127029605,665.7072127029605,665.7072127029605,665.7072127029605,665.7072127029605,665.7072127029605,665.7072127029605,665.7072127029605,665.7072127029605,665.7072127029605,665.7072127029605,665.7072127029605,665.7072127029605,665.7072127029605,665.7072127029605,665.7072127029605,665.7072127029605,665.7072127029605,665.7072127029605,665.7072127029605,665.7072127029605,665.7072127029605,665.7072127029605,665.7072127029605,665.7072127029605,665.7072127029605,665.7072127029605,665.7072127029605,665.7072127029605,665.7072127029605,665.7072127029605,665.7072127029605,665.7072127029605,665.7072127029605,665.7072127029605,665.7072127029605,665.7072127029605,665.7072127029605,665.7072127029605,665.7072127029605,665.7072127029605,665.7072127029605,665.7072127029605,665.7072127029605,665.7072127029605,665.7072127029605,665.7072127029605,665.7072127029605,665.7072127029605,665.7072127029605,665.7072127029605,665.7072127029605,665.7072127029605,665.7072127029605,665.7072127029605,665.7072127029605,665.7072127029605,665.7072127029605,665.7072127029605,665.7072127029605,665.7072127029605,665.7072127029605,665.7072127029605,665.7072127029605,665.7072127029605,665.7072127029605,665.7072127029605,665.7072127029605,665.7072127029605,665.7072127029605,665.7072127029605,665.7072127029605,665.7072127029605,665.7072127029605,665.7072127029605,665.7072127029605,665.7072127029605,665.7072127029605,665.7072127029605,665.7072127029605,665.7072127029605,665.7072127029605,665.7072127029605,665.7072127029605,665.7072127029605,665.7072127029605,665.7072127029605,665.7072127029605,665.7072127029605,665.7072127029605,665.7072127029605,665.7072127029605,665.7072127029605,665.7072127029605,665.7072127029605,665.7072127029605,665.7072127029605,665.7072127029605,665.7072127029605,665.7072127029605,665.7072127029605,665.7072127029605,665.7072127029605,665.7072127029605,665.7072127029605,665.7072127029605,665.7072127029605,665.7072127029605,665.7072127029605,665.7072127029605,665.7072127029605,665.7072127029605,665.7072127029605,665.7072127029605,665.7072127029605,665.7072127029605,665.7072127029605,665.7072127029605,665.7072127029605,665.7072127029605,665.7072127029605,665.7072127029605,665.7072127029605,665.7072127029605,665.7072127029605,665.7072127029605,665.7072127029605,665.7072127029605,665.7072127029605,665.7072127029605,665.7072127029605,665.7072127029605,665.7072127029605,665.7072127029605,665.7072127029605,665.7072127029605,665.7072127029605,665.7072127029605,665.7072127029605,665.7072127029605,665.7072127029605,665.7072127029605,665.7072127029605,665.7072127029605,665.7072127029605,665.7072127029605,665.7072127029605,665.7072127029605,665.7072127029605,665.7072127029605,665.7072127029605,665.7072127029605,665.7072127029605,665.7072127029605,665.7072127029605,665.7072127029605,665.7072127029605,665.7072127029605,665.7072127029605,665.7072127029605,665.7072127029605,665.7072127029605,665.7072127029605,665.7072127029605,665.7072127029605,665.7072127029605,665.7072127029605,665.7072127029605,665.7072127029605,665.7072127029605,665.7072127029605,665.7072127029605,665.7072127029605,665.7072127029605,665.7072127029605,665.7072127029605,665.7072127029605,665.7072127029605,665.7072127029605,665.7072127029605,665.7072127029605,665.7072127029605,665.7072127029605,665.7072127029605,665.7072127029605,665.7072127029605,665.7072127029605,665.7072127029605,665.7072127029605,665.7072127029605,665.7072127029605,665.7072127029605,665.7072127029605,665.7072127029605,665.7072127029605,665.7072127029605,665.7072127029605,665.7072127029605,665.7072127029605,665.7072127029605,665.7072127029605,665.7072127029605,665.7072127029605,665.7072127029605,665.7072127029605,665.7072127029605,665.7072127029605,665.7072127029605,665.7072127029605,665.7072127029605,665.7072127029605,665.7072127029605,665.7072127029605,665.7072127029605,665.7072127029605,665.7072127029605,665.7072127029605]"
RC101,25,ACO,27,683.1729964576898,5.002390800014837,12,True,217,"[807.2713659945856,807.2713659945856,797.5509985175642,746.5800197893589,746.5800197893589,746.5800197893589,687.3906077572366,687.3906077572366,687.3906077572366,687.3906077572366,687.3906077572366,683.1729964576898,683.1729964576898,683.1729964576898,683.1729964576898,683.1729964576898,683.1729964576898,683.1729964576898,683.1729964576898,683.1729964576898,683.1729964576898,683.1729964576898,683.1729964576898,683.1729964576898,683.1729964576898,683.1729964576898,683.1729964576898,683.1729964576898,683.1729964576898,683.1729964576898,683.1729964576898,683.1729964576898,683.1729964576898,683.1729964576898,683.1729964576898,683.1729964576898,683.1729964576898,683.1729964576898,683.1729964576898,683.1729964576898,683.1729964576898,683.1729964576898,683.1729964576898,683.1729964576898,683.1729964576898,683.1729964576898,683.1729964576898,683.1729964576898,683.1729964576898,683.1729964576898,683.1729964576898,683.1729964576898,683.1729964576898,683.1729964576898,683.1729964576898,683.1729964576898,683.1729964576898,683.1729964576898,683.1729964576898,683.1729964576898,683.1729964576898,683.1729964576898,683.1729964576898,683.1729964576898,683.1729964576898,683.1729964576898,683.1729964576898,683.1729964576898,683.1729964576898,683.1729964576898,683.1729964576898,683.1729964576898,683.1729964576898,683.1729964576898,683.1729964576898,683.1729964576898,683.1729964576898,683.1729964576898,683.1729964576898,683.1729964576898,683.1729964576898,683.1729964576898,683.1729964576898,683.1729964576898,683.1729964576898,683.1729964576898,683.1729964576898,683.1729964576898,683.1729964576898,683.1729964576898,683.1729964576898,683.1729964576898,683.1729964576898,683.1729964576898,683.1729964576898,683.1729964576898,683.1729964576898,683.1729964576898,683.1729964576898,683.1729964576898,683.1729964576898,683.1729964576898,683.1729964576898,683.1729964576898,683.1729964576898,683.1729964576898,683.1729964576898,683.1729964576898,683.1729964576898,683.1729964576898,683.1729964576898,683.1729964576898,683.1729964576898,683.1729964576898,683.1729964576898,683.1729964576898,683.1729964576898,683.1729964576898,683.1729964576898,683.1729964576898,683.1729964576898,683.1729964576898,683.1729964576898,683.1729964576898,683.1729964576898,683.1729964576898,683.1729964576898,683.1729964576898,683.1729964576898,683.1729964576898,683.1729964576898,683.1729964576898,683.1729964576898,683.1729964576898,683.1729964576898,683.1729964576898,683.1729964576898,683.1729964576898,683.1729964576898,683.1729964576898,683.1729964576898,683.1729964576898,683.1729964576898,683.1729964576898,683.1729964576898,683.1729964576898,683.1729964576898,683.1729964576898,683.1729964576898,683.1729964576898,683.1729964576898,683.1729964576898,683.1729964576898,683.1729964576898,683.1729964576898,683.1729964576898,683.1729964576898,683.1729964576898,683.1729964576898,683.1729964576898,683.1729964576898,683.1729964576898,683.1729964576898,683.1729964576898,683.1729964576898,683.1729964576898,683.1729964576898,683.1729964576898,683.1729964576898,683.1729964576898,683.1729964576898,683.1729964576898,683.1729964576898,683.1729964576898,683.1729964576898,683.1729964576898,683.1729964576898,683.1729964576898,683.1729964576898,683.1729964576898,683.1729964576898,683.1729964576898,683.1729964576898,683.1729964576898,683.1729964576898,683.1729964576898,683.1729964576898,683.1729964576898,683.1729964576898,683.1729964576898,683.1729964576898,683.1729964576898,683.1729964576898,683.1729964576898,683.1729964576898,683.1729964576898,683.1729964576898,683.1729964576898,683.1729964576898,683.1729964576898,683.1729964576898,683.1729964576898,683.1729964576898,683.1729964576898,683.1729964576898,683.1729964576898,683.1729964576898,683.1729964576898,683.1729964576898,683.1729964576898,683.1729964576898,683.1729964576898,683.1729964576898,683.1729964576898,683.1729964576898,683.1729964576898,683.1729964576898]"
RC101,25,ACO,28,740.7951908701655,5.000798699998995,9,True,221,"[765.2903242464411,765.283083528478,743.9525912138226,743.9525912138226,743.9525912138226,743.9525912138226,743.9525912138226,743.9525912138226,740.7951908701655,740.7951908701655,740.7951908701655,740.7951908701655,740.7951908701655,740.7951908701655,740.7951908701655,740.7951908701655,740.7951908701655,740.7951908701655,740.7951908701655,740.7951908701655,740.7951908701655,740.7951908701655,740.7951908701655,740.7951908701655,740.7951908701655,740.7951908701655,740.7951908701655,740.7951908701655,740.7951908701655,740.7951908701655,740.7951908701655,740.7951908701655,740.7951908701655,740.7951908701655,740.7951908701655,740.7951908701655,740.7951908701655,740.7951908701655,740.7951908701655,740.7951908701655,740.7951908701655,740.7951908701655,740.7951908701655,740.7951908701655,740.7951908701655,740.7951908701655,740.7951908701655,740.7951908701655,740.7951908701655,740.7951908701655,740.7951908701655,740.7951908701655,740.7951908701655,740.7951908701655,740.7951908701655,740.7951908701655,740.7951908701655,740.7951908701655,740.7951908701655,740.7951908701655,740.7951908701655,740.7951908701655,740.7951908701655,740.7951908701655,740.7951908701655,740.7951908701655,740.7951908701655,740.7951908701655,740.7951908701655,740.7951908701655,740.7951908701655,740.7951908701655,740.7951908701655,740.7951908701655,740.7951908701655,740.7951908701655,740.7951908701655,740.7951908701655,740.7951908701655,740.7951908701655,740.7951908701655,740.7951908701655,740.7951908701655,740.7951908701655,740.7951908701655,740.7951908701655,740.7951908701655,740.7951908701655,740.7951908701655,740.7951908701655,740.7951908701655,740.7951908701655,740.7951908701655,740.7951908701655,740.7951908701655,740.7951908701655,740.7951908701655,740.7951908701655,740.7951908701655,740.7951908701655,740.7951908701655,740.7951908701655,740.7951908701655,740.7951908701655,740.7951908701655,740.7951908701655,740.7951908701655,740.7951908701655,740.7951908701655,740.7951908701655,740.7951908701655,740.7951908701655,740.7951908701655,740.7951908701655,740.7951908701655,740.7951908701655,740.7951908701655,740.7951908701655,740.7951908701655,740.7951908701655,740.7951908701655,740.7951908701655,740.7951908701655,740.7951908701655,740.7951908701655,740.7951908701655,740.7951908701655,740.7951908701655,740.7951908701655,740.7951908701655,740.7951908701655,740.7951908701655,740.7951908701655,740.7951908701655,740.7951908701655,740.7951908701655,740.7951908701655,740.7951908701655,740.7951908701655,740.7951908701655,740.7951908701655,740.7951908701655,740.7951908701655,740.7951908701655,740.7951908701655,740.7951908701655,740.7951908701655,740.7951908701655,740.7951908701655,740.7951908701655,740.7951908701655,740.7951908701655,740.7951908701655,740.7951908701655,740.7951908701655,740.7951908701655,740.7951908701655,740.7951908701655,740.7951908701655,740.7951908701655,740.7951908701655,740.7951908701655,740.7951908701655,740.7951908701655,740.7951908701655,740.7951908701655,740.7951908701655,740.7951908701655,740.7951908701655,740.7951908701655,740.7951908701655,740.7951908701655,740.7951908701655,740.7951908701655,740.7951908701655,740.7951908701655,740.7951908701655,740.7951908701655,740.7951908701655,740.7951908701655,740.7951908701655,740.7951908701655,740.7951908701655,740.7951908701655,740.7951908701655,740.7951908701655,740.7951908701655,740.7951908701655,740.7951908701655,740.7951908701655,740.7951908701655,740.7951908701655,740.7951908701655,740.7951908701655,740.7951908701655,740.7951908701655,740.7951908701655,740.7951908701655,740.7951908701655,740.7951908701655,740.7951908701655,740.7951908701655,740.7951908701655,740.7951908701655,740.7951908701655,740.7951908701655,740.7951908701655,740.7951908701655,740.7951908701655,740.7951908701655,740.7951908701655,740.7951908701655,740.7951908701655,740.7951908701655,740.7951908701655,740.7951908701655,740.7951908701655,740.7951908701655,740.7951908701655,740.7951908701655,740.7951908701655]"
RC101,25,ACO,29,673.9865480043381,5.001050899998518,18,True,213,"[768.0760507054954,768.0760507054954,768.0760507054954,762.4220846452205,747.3398037021572,739.3297987171231,687.7232010136557,687.7232010136557,687.7232010136557,687.7232010136557,687.7232010136557,687.7232010136557,687.7232010136557,687.7232010136557,687.7232010136557,687.7232010136557,687.7232010136557,673.9865480043381,673.9865480043381,673.9865480043381,673.9865480043381,673.9865480043381,673.9865480043381,673.9865480043381,673.9865480043381,673.9865480043381,673.9865480043381,673.9865480043381,673.9865480043381,673.9865480043381,673.9865480043381,673.9865480043381,673.9865480043381,673.9865480043381,673.9865480043381,673.9865480043381,673.9865480043381,673.9865480043381,673.9865480043381,673.9865480043381,673.9865480043381,673.9865480043381,673.9865480043381,673.9865480043381,673.9865480043381,673.9865480043381,673.9865480043381,673.9865480043381,673.9865480043381,673.9865480043381,673.9865480043381,673.9865480043381,673.9865480043381,673.9865480043381,673.9865480043381,673.9865480043381,673.9865480043381,673.9865480043381,673.9865480043381,673.9865480043381,673.9865480043381,673.9865480043381,673.9865480043381,673.9865480043381,673.9865480043381,673.9865480043381,673.9865480043381,673.9865480043381,673.9865480043381,673.9865480043381,673.9865480043381,673.9865480043381,673.9865480043381,673.9865480043381,673.9865480043381,673.9865480043381,673.9865480043381,673.9865480043381,673.9865480043381,673.9865480043381,673.9865480043381,673.9865480043381,673.9865480043381,673.9865480043381,673.9865480043381,673.9865480043381,673.9865480043381,673.9865480043381,673.9865480043381,673.9865480043381,673.9865480043381,673.9865480043381,673.9865480043381,673.9865480043381,673.9865480043381,673.9865480043381,673.9865480043381,673.9865480043381,673.9865480043381,673.9865480043381,673.9865480043381,673.9865480043381,673.9865480043381,673.9865480043381,673.9865480043381,673.9865480043381,673.9865480043381,673.9865480043381,673.9865480043381,673.9865480043381,673.9865480043381,673.9865480043381,673.9865480043381,673.9865480043381,673.9865480043381,673.9865480043381,673.9865480043381,673.9865480043381,673.9865480043381,673.9865480043381,673.9865480043381,673.9865480043381,673.9865480043381,673.9865480043381,673.9865480043381,673.9865480043381,673.9865480043381,673.9865480043381,673.9865480043381,673.9865480043381,673.9865480043381,673.9865480043381,673.9865480043381,673.9865480043381,673.9865480043381,673.9865480043381,673.9865480043381,673.9865480043381,673.9865480043381,673.9865480043381,673.9865480043381,673.9865480043381,673.9865480043381,673.9865480043381,673.9865480043381,673.9865480043381,673.9865480043381,673.9865480043381,673.9865480043381,673.9865480043381,673.9865480043381,673.9865480043381,673.9865480043381,673.9865480043381,673.9865480043381,673.9865480043381,673.9865480043381,673.9865480043381,673.9865480043381,673.9865480043381,673.9865480043381,673.9865480043381,673.9865480043381,673.9865480043381,673.9865480043381,673.9865480043381,673.9865480043381,673.9865480043381,673.9865480043381,673.9865480043381,673.9865480043381,673.9865480043381,673.9865480043381,673.9865480043381,673.9865480043381,673.9865480043381,673.9865480043381,673.9865480043381,673.9865480043381,673.9865480043381,673.9865480043381,673.9865480043381,673.9865480043381,673.9865480043381,673.9865480043381,673.9865480043381,673.9865480043381,673.9865480043381,673.9865480043381,673.9865480043381,673.9865480043381,673.9865480043381,673.9865480043381,673.9865480043381,673.9865480043381,673.9865480043381,673.9865480043381,673.9865480043381,673.9865480043381,673.9865480043381,673.9865480043381,673.9865480043381,673.9865480043381,673.9865480043381,673.9865480043381,673.9865480043381,673.9865480043381,673.9865480043381,673.9865480043381,673.9865480043381,673.9865480043381,673.9865480043381,673.9865480043381]"
RC101,25,QACO,0,667.2785154531228,5.000445800018497,124,True,278,"[758.6230136575832,752.6022975894857,688.2695034370967,688.2695034370967,688.2695034370967,688.2695034370967,688.2695034370967,688.2695034370967,688.2695034370967,688.2695034370967,688.2695034370967,688.2695034370967,688.2695034370967,688.2695034370967,688.2695034370967,688.2695034370967,688.2695034370967,688.2695034370967,688.2695034370967,688.2695034370967,688.2695034370967,688.2695034370967,688.2695034370967,688.2695034370967,688.2695034370967,688.2695034370967,688.2695034370967,688.2695034370967,688.2695034370967,688.2695034370967,688.2695034370967,688.2695034370967,688.2695034370967,688.2695034370967,688.2695034370967,688.2695034370967,688.2695034370967,688.2695034370967,688.2695034370967,688.2695034370967,688.2695034370967,688.2695034370967,688.2695034370967,672.9384369104428,672.9384369104428,672.9384369104428,672.9384369104428,672.9384369104428,672.9384369104428,672.9384369104428,672.9384369104428,672.9384369104428,672.9384369104428,672.9384369104428,672.9384369104428,672.9384369104428,672.9384369104428,672.9384369104428,672.9384369104428,672.9384369104428,672.9384369104428,672.9384369104428,672.9384369104428,672.9384369104428,672.9384369104428,672.9384369104428,672.9384369104428,672.9384369104428,672.9384369104428,672.9384369104428,672.9384369104428,672.9384369104428,672.9384369104428,672.9384369104428,672.9384369104428,672.9384369104428,672.9384369104428,672.9384369104428,672.9384369104428,672.9384369104428,672.9384369104428,672.9384369104428,672.9384369104428,672.9384369104428,672.9384369104428,672.9384369104428,672.9384369104428,672.9384369104428,672.9384369104428,672.9384369104428,672.9384369104428,672.9384369104428,672.9384369104428,672.9384369104428,672.9384369104428,672.9384369104428,672.9384369104428,672.9384369104428,672.9384369104428,672.9384369104428,672.9384369104428,672.9384369104428,672.9384369104428,672.9384369104428,672.9384369104428,672.9384369104428,672.9384369104428,672.9384369104428,672.9384369104428,672.9384369104428,672.9384369104428,672.9384369104428,672.9384369104428,672.9384369104428,672.9384369104428,672.9384369104428,672.9384369104428,672.9384369104428,672.9384369104428,672.9384369104428,672.9384369104428,672.9384369104428,672.9384369104428,667.2785154531228,667.2785154531228,667.2785154531228,667.2785154531228,667.2785154531228,667.2785154531228,667.2785154531228,667.2785154531228,667.2785154531228,667.2785154531228,667.2785154531228,667.2785154531228,667.2785154531228,667.2785154531228,667.2785154531228,667.2785154531228,667.2785154531228,667.2785154531228,667.2785154531228,667.2785154531228,667.2785154531228,667.2785154531228,667.2785154531228,667.2785154531228,667.2785154531228,667.2785154531228,667.2785154531228,667.2785154531228,667.2785154531228,667.2785154531228,667.2785154531228,667.2785154531228,667.2785154531228,667.2785154531228,667.2785154531228,667.2785154531228,667.2785154531228,667.2785154531228,667.2785154531228,667.2785154531228,667.2785154531228,667.2785154531228,667.2785154531228,667.2785154531228,667.2785154531228,667.2785154531228,667.2785154531228,667.2785154531228,667.2785154531228,667.2785154531228,667.2785154531228,667.2785154531228,667.2785154531228,667.2785154531228,667.2785154531228,667.2785154531228,667.2785154531228,667.2785154531228,667.2785154531228,667.2785154531228,667.2785154531228,667.2785154531228,667.2785154531228,667.2785154531228,667.2785154531228,667.2785154531228,667.2785154531228,667.2785154531228,667.2785154531228,667.2785154531228,667.2785154531228,667.2785154531228,667.2785154531228,667.2785154531228,667.2785154531228,667.2785154531228,667.2785154531228,667.2785154531228,667.2785154531228,667.2785154531228,667.2785154531228,667.2785154531228,667.2785154531228,667.2785154531228,667.2785154531228,667.2785154531228,667.2785154531228,667.2785154531228,667.2785154531228,667.2785154531228,667.2785154531228,667.2785154531228,667.2785154531228,667.2785154531228,667.2785154531228,667.2785154531228,667.2785154531228,667.2785154531228,667.2785154531228,667.2785154531228,667.2785154531228,667.2785154531228,667.2785154531228,667.2785154531228,667.2785154531228,667.2785154531228,667.2785154531228,667.2785154531228,667.2785154531228,667.2785154531228,667.2785154531228,667.2785154531228,667.2785154531228,667.2785154531228,667.2785154531228,667.2785154531228,667.2785154531228,667.2785154531228,667.2785154531228,667.2785154531228,667.2785154531228,667.2785154531228,667.2785154531228,667.2785154531228,667.2785154531228,667.2785154531228,667.2785154531228,667.2785154531228,667.2785154531228,667.2785154531228,667.2785154531228,667.2785154531228,667.2785154531228,667.2785154531228,667.2785154531228,667.2785154531228,667.2785154531228,667.2785154531228,667.2785154531228,667.2785154531228,667.2785154531228,667.2785154531228,667.2785154531228,667.2785154531228,667.2785154531228,667.2785154531228,667.2785154531228,667.2785154531228,667.2785154531228,667.2785154531228,667.2785154531228,667.2785154531228,667.2785154531228,667.2785154531228,667.2785154531228]"
RC101,25,QACO,1,614.954513248771,4.641112100012833,286,True,300,"[805.5452567900182,758.203692608658,746.4761660381893,746.4761660381893,746.4761660381893,743.2287341825315,743.2287341825315,743.2287341825315,743.2287341825315,743.2287341825315,743.2287341825315,743.2287341825315,743.2287341825315,743.2287341825315,743.2287341825315,743.2287341825315,743.2287341825315,721.7950027242628,721.7950027242628,721.7950027242628,721.7950027242628,721.7950027242628,721.7950027242628,721.7950027242628,721.7950027242628,721.7950027242628,721.7950027242628,721.7950027242628,721.7950027242628,721.7950027242628,683.9740740817994,683.9740740817994,683.9740740817994,683.9740740817994,683.9740740817994,683.9740740817994,683.9740740817994,683.9740740817994,683.9740740817994,670.8908478618489,670.8908478618489,670.8908478618489,670.8908478618489,670.8908478618489,670.8908478618489,670.8908478618489,670.8908478618489,670.8908478618489,670.8908478618489,670.8908478618489,670.8908478618489,670.8908478618489,670.8908478618489,670.8908478618489,670.8908478618489,670.8908478618489,670.8908478618489,670.8908478618489,670.8908478618489,670.8908478618489,670.8908478618489,670.8908478618489,670.8908478618489,670.8908478618489,670.8908478618489,670.8908478618489,670.8908478618489,670.8908478618489,670.8908478618489,670.8908478618489,670.8908478618489,670.8908478618489,670.8908478618489,670.8908478618489,670.8908478618489,670.8908478618489,670.8908478618489,650.3642835932486,650.3642835932486,650.3642835932486,650.3642835932486,650.3642835932486,650.3642835932486,650.3642835932486,650.3642835932486,650.3642835932486,650.3642835932486,650.3642835932486,650.3642835932486,650.3642835932486,650.3642835932486,650.3642835932486,650.3642835932486,650.3642835932486,650.3642835932486,650.3642835932486,650.3642835932486,650.3642835932486,650.3642835932486,650.3642835932486,650.3642835932486,650.3642835932486,650.3642835932486,650.3642835932486,650.3642835932486,650.3642835932486,650.3642835932486,650.3642835932486,650.3642835932486,650.3642835932486,650.3642835932486,650.3642835932486,650.3642835932486,650.3642835932486,650.3642835932486,650.3642835932486,650.3642835932486,650.3642835932486,650.3642835932486,650.3642835932486,650.3642835932486,650.3642835932486,650.3642835932486,650.3642835932486,650.3642835932486,650.3642835932486,650.3642835932486,650.3642835932486,650.3642835932486,650.3642835932486,650.3642835932486,650.3642835932486,650.3642835932486,650.3642835932486,650.3642835932486,650.3642835932486,650.3642835932486,650.3642835932486,650.3642835932486,650.3642835932486,650.3642835932486,650.3642835932486,650.3642835932486,650.3642835932486,650.3642835932486,650.3642835932486,650.3642835932486,650.3642835932486,650.3642835932486,650.3642835932486,650.3642835932486,650.3642835932486,650.3642835932486,650.3642835932486,650.3642835932486,650.3642835932486,650.3642835932486,650.3642835932486,650.3642835932486,650.3642835932486,650.3642835932486,650.3642835932486,650.3642835932486,650.3642835932486,650.3642835932486,650.3642835932486,650.3642835932486,650.3642835932486,650.3642835932486,650.3642835932486,650.3642835932486,650.3642835932486,650.3642835932486,650.3642835932486,650.3642835932486,650.3642835932486,650.3642835932486,650.3642835932486,650.3642835932486,650.3642835932486,650.3642835932486,650.3642835932486,650.3642835932486,650.3642835932486,650.3642835932486,650.3642835932486,650.3642835932486,650.3642835932486,650.3642835932486,650.3642835932486,650.3642835932486,650.3642835932486,650.3642835932486,650.3642835932486,650.3642835932486,650.3642835932486,650.3642835932486,650.3642835932486,650.3642835932486,650.3642835932486,650.3642835932486,650.3642835932486,650.3642835932486,650.3642835932486,650.3642835932486,650.3642835932486,650.3642835932486,650.3642835932486,650.3642835932486,650.3642835932486,650.3642835932486,650.3642835932486,650.3642835932486,650.3642835932486,650.3642835932486,650.3642835932486,650.3642835932486,650.3642835932486,650.3642835932486,650.3642835932486,650.3642835932486,650.3642835932486,650.3642835932486,650.3642835932486,650.3642835932486,650.3642835932486,650.3642835932486,650.3642835932486,650.3642835932486,650.3642835932486,650.3642835932486,650.3642835932486,650.3642835932486,650.3642835932486,650.3642835932486,650.3642835932486,650.3642835932486,650.3642835932486,650.3642835932486,650.3642835932486,650.3642835932486,650.3642835932486,650.3642835932486,650.3642835932486,650.3642835932486,650.3642835932486,650.3642835932486,650.3642835932486,650.3642835932486,650.3642835932486,650.3642835932486,650.3642835932486,650.3642835932486,650.3642835932486,650.3642835932486,650.3642835932486,650.3642835932486,650.3642835932486,650.3642835932486,650.3642835932486,650.3642835932486,650.3642835932486,650.3642835932486,650.3642835932486,650.3642835932486,650.3642835932486,650.3642835932486,650.3642835932486,650.3642835932486,650.3642835932486,650.3642835932486,650.3642835932486,650.3642835932486,650.3642835932486,650.3642835932486,650.3642835932486,650.3642835932486,650.3642835932486,650.3642835932486,650.3642835932486,650.3642835932486,650.3642835932486,650.3642835932486,650.3642835932486,650.3642835932486,614.954513248771,614.954513248771,614.954513248771,614.954513248771,614.954513248771,614.954513248771,614.954513248771,614.954513248771,614.954513248771,614.954513248771,614.954513248771,614.954513248771,614.954513248771,614.954513248771,614.954513248771]"
RC101,25,QACO,2,621.4739856047568,5.001030100014759,180,True,270,"[811.5351123039941,798.6507024564422,798.6507024564422,745.8582140680617,735.0581398651145,735.0581398651145,735.0581398651145,735.0581398651145,735.0581398651145,735.0581398651145,735.0581398651145,735.0581398651145,735.0581398651145,735.0581398651145,735.0581398651145,735.0581398651145,735.0581398651145,734.6672054497683,734.6672054497683,649.7147069241851,649.7147069241851,649.7147069241851,649.7147069241851,649.7147069241851,649.7147069241851,649.7147069241851,649.7147069241851,649.7147069241851,649.7147069241851,649.7147069241851,649.7147069241851,649.7147069241851,649.7147069241851,649.7147069241851,649.7147069241851,649.7147069241851,649.7147069241851,649.7147069241851,649.7147069241851,649.7147069241851,649.7147069241851,649.7147069241851,649.7147069241851,649.7147069241851,649.7147069241851,649.7147069241851,649.7147069241851,649.7147069241851,649.7147069241851,649.7147069241851,649.7147069241851,649.7147069241851,649.7147069241851,649.7147069241851,649.7147069241851,649.7147069241851,649.7147069241851,649.7147069241851,649.7147069241851,649.7147069241851,649.7147069241851,649.7147069241851,649.7147069241851,649.7147069241851,649.7147069241851,649.7147069241851,649.7147069241851,649.7147069241851,649.7147069241851,649.7147069241851,649.7147069241851,649.7147069241851,649.7147069241851,649.7147069241851,649.7147069241851,649.7147069241851,649.7147069241851,649.7147069241851,649.7147069241851,649.7147069241851,649.7147069241851,649.7147069241851,649.7147069241851,649.7147069241851,649.7147069241851,649.7147069241851,649.7147069241851,649.7147069241851,649.7147069241851,649.7147069241851,649.7147069241851,649.7147069241851,649.7147069241851,649.7147069241851,649.7147069241851,649.7147069241851,649.7147069241851,649.7147069241851,649.7147069241851,649.7147069241851,649.7147069241851,649.7147069241851,649.7147069241851,649.7147069241851,649.7147069241851,649.7147069241851,649.7147069241851,649.7147069241851,649.7147069241851,649.7147069241851,649.7147069241851,649.7147069241851,649.7147069241851,649.7147069241851,649.7147069241851,649.7147069241851,649.7147069241851,649.7147069241851,649.7147069241851,649.7147069241851,649.7147069241851,649.7147069241851,649.7147069241851,649.7147069241851,649.7147069241851,649.7147069241851,649.7147069241851,649.7147069241851,649.7147069241851,649.7147069241851,649.7147069241851,649.7147069241851,649.7147069241851,649.7147069241851,649.7147069241851,649.7147069241851,649.7147069241851,649.7147069241851,649.7147069241851,649.7147069241851,649.7147069241851,649.7147069241851,649.7147069241851,649.7147069241851,649.7147069241851,649.7147069241851,649.7147069241851,649.7147069241851,649.7147069241851,649.7147069241851,649.7147069241851,649.7147069241851,649.7147069241851,649.7147069241851,649.7147069241851,649.7147069241851,649.7147069241851,649.7147069241851,649.7147069241851,649.7147069241851,649.7147069241851,649.7147069241851,649.7147069241851,649.7147069241851,649.7147069241851,649.7147069241851,649.7147069241851,649.7147069241851,649.7147069241851,649.7147069241851,649.7147069241851,649.7147069241851,649.7147069241851,649.7147069241851,649.7147069241851,649.7147069241851,649.7147069241851,649.7147069241851,649.7147069241851,621.4739856047568,621.4739856047568,621.4739856047568,621.4739856047568,621.4739856047568,621.4739856047568,621.4739856047568,621.4739856047568,621.4739856047568,621.4739856047568,621.4739856047568,621.4739856047568,621.4739856047568,621.4739856047568,621.4739856047568,621.4739856047568,621.4739856047568,621.4739856047568,621.4739856047568,621.4739856047568,621.4739856047568,621.4739856047568,621.4739856047568,621.4739856047568,621.4739856047568,621.4739856047568,621.4739856047568,621.4739856047568,621.4739856047568,621.4739856047568,621.4739856047568,621.4739856047568,621.4739856047568,621.4739856047568,621.4739856047568,621.4739856047568,621.4739856047568,621.4739856047568,621.4739856047568,621.4739856047568,621.4739856047568,621.4739856047568,621.4739856047568,621.4739856047568,621.4739856047568,621.4739856047568,621.4739856047568,621.4739856047568,621.4739856047568,621.4739856047568,621.4739856047568,621.4739856047568,621.4739856047568,621.4739856047568,621.4739856047568,621.4739856047568,621.4739856047568,621.4739856047568,621.4739856047568,621.4739856047568,621.4739856047568,621.4739856047568,621.4739856047568,621.4739856047568,621.4739856047568,621.4739856047568,621.4739856047568,621.4739856047568,621.4739856047568,621.4739856047568,621.4739856047568,621.4739856047568,621.4739856047568,621.4739856047568,621.4739856047568,621.4739856047568,621.4739856047568,621.4739856047568,621.4739856047568,621.4739856047568,621.4739856047568,621.4739856047568,621.4739856047568,621.4739856047568,621.4739856047568,621.4739856047568,621.4739856047568,621.4739856047568,621.4739856047568,621.4739856047568,621.4739856047568]"
RC101,25,QACO,3,664.9251343910292,4.981551100005163,49,True,300,"[785.8251477734024,740.3622610324891,740.3622610324891,740.3622610324891,727.0337505927915,727.0337505927915,727.0337505927915,727.0337505927915,727.0337505927915,727.0337505927915,727.0337505927915,680.2411917865822,680.2411917865822,680.2411917865822,680.2411917865822,680.2411917865822,680.2411917865822,680.2411917865822,680.2411917865822,680.2411917865822,680.2411917865822,680.2411917865822,680.2411917865822,680.2411917865822,680.2411917865822,680.2411917865822,680.2411917865822,680.2411917865822,680.2411917865822,680.2411917865822,680.2411917865822,680.2411917865822,680.2411917865822,680.2411917865822,680.2411917865822,680.2411917865822,680.2411917865822,680.2411917865822,680.2411917865822,680.2411917865822,680.2411917865822,680.2411917865822,680.2411917865822,680.2411917865822,680.2411917865822,680.2411917865822,680.2411917865822,680.2411917865822,664.9251343910292,664.9251343910292,664.9251343910292,664.9251343910292,664.9251343910292,664.9251343910292,664.9251343910292,664.9251343910292,664.9251343910292,664.9251343910292,664.9251343910292,664.9251343910292,664.9251343910292,664.9251343910292,664.9251343910292,664.9251343910292,664.9251343910292,664.9251343910292,664.9251343910292,664.9251343910292,664.9251343910292,664.9251343910292,664.9251343910292,664.9251343910292,664.9251343910292,664.9251343910292,664.9251343910292,664.9251343910292,664.9251343910292,664.9251343910292,664.9251343910292,664.9251343910292,664.9251343910292,664.9251343910292,664.9251343910292,664.9251343910292,664.9251343910292,664.9251343910292,664.9251343910292,664.9251343910292,664.9251343910292,664.9251343910292,664.9251343910292,664.9251343910292,664.9251343910292,664.9251343910292,664.9251343910292,664.9251343910292,664.9251343910292,664.9251343910292,664.9251343910292,664.9251343910292,664.9251343910292,664.9251343910292,664.9251343910292,664.9251343910292,664.9251343910292,664.9251343910292,664.9251343910292,664.9251343910292,664.9251343910292,664.9251343910292,664.9251343910292,664.9251343910292,664.9251343910292,664.9251343910292,664.9251343910292,664.9251343910292,664.9251343910292,664.9251343910292,664.9251343910292,664.9251343910292,664.9251343910292,664.9251343910292,664.9251343910292,664.9251343910292,664.9251343910292,664.9251343910292,664.9251343910292,664.9251343910292,664.9251343910292,664.9251343910292,664.9251343910292,664.9251343910292,664.9251343910292,664.9251343910292,664.9251343910292,664.9251343910292,664.9251343910292,664.9251343910292,664.9251343910292,664.9251343910292,664.9251343910292,664.9251343910292,664.9251343910292,664.9251343910292,664.9251343910292,664.9251343910292,664.9251343910292,664.9251343910292,664.9251343910292,664.9251343910292,664.9251343910292,664.9251343910292,664.9251343910292,664.9251343910292,664.9251343910292,664.9251343910292,664.9251343910292,664.9251343910292,664.9251343910292,664.9251343910292,664.9251343910292,664.9251343910292,664.9251343910292,664.9251343910292,664.9251343910292,664.9251343910292,664.9251343910292,664.9251343910292,664.9251343910292,664.9251343910292,664.9251343910292,664.9251343910292,664.9251343910292,664.9251343910292,664.9251343910292,664.9251343910292,664.9251343910292,664.9251343910292,664.9251343910292,664.9251343910292,664.9251343910292,664.9251343910292,664.9251343910292,664.9251343910292,664.9251343910292,664.9251343910292,664.9251343910292,664.9251343910292,664.9251343910292,664.9251343910292,664.9251343910292,664.9251343910292,664.9251343910292,664.9251343910292,664.9251343910292,664.9251343910292,664.9251343910292,664.9251343910292,664.9251343910292,664.9251343910292,664.9251343910292,664.9251343910292,664.9251343910292,664.9251343910292,664.9251343910292,664.9251343910292,664.9251343910292,664.9251343910292,664.9251343910292,664.9251343910292,664.9251343910292,664.9251343910292,664.9251343910292,664.9251343910292,664.9251343910292,664.9251343910292,664.9251343910292,664.9251343910292,664.9251343910292,664.9251343910292,664.9251343910292,664.9251343910292,664.9251343910292,664.9251343910292,664.9251343910292,664.9251343910292,664.9251343910292,664.9251343910292,664.9251343910292,664.9251343910292,664.9251343910292,664.9251343910292,664.9251343910292,664.9251343910292,664.9251343910292,664.9251343910292,664.9251343910292,664.9251343910292,664.9251343910292,664.9251343910292,664.9251343910292,664.9251343910292,664.9251343910292,664.9251343910292,664.9251343910292,664.9251343910292,664.9251343910292,664.9251343910292,664.9251343910292,664.9251343910292,664.9251343910292,664.9251343910292,664.9251343910292,664.9251343910292,664.9251343910292,664.9251343910292,664.9251343910292,664.9251343910292,664.9251343910292,664.9251343910292,664.9251343910292,664.9251343910292,664.9251343910292,664.9251343910292,664.9251343910292,664.9251343910292,664.9251343910292,664.9251343910292,664.9251343910292,664.9251343910292,664.9251343910292,664.9251343910292,664.9251343910292,664.9251343910292,664.9251343910292,664.9251343910292,664.9251343910292,664.9251343910292,664.9251343910292,664.9251343910292,664.9251343910292,664.9251343910292,664.9251343910292,664.9251343910292,664.9251343910292,664.9251343910292,664.9251343910292,664.9251343910292,664.9251343910292,664.9251343910292,664.9251343910292,664.9251343910292,664.9251343910292,664.9251343910292,664.9251343910292,664.9251343910292,664.9251343910292,664.9251343910292,664.9251343910292,664.9251343910292]"
RC101,25,QACO,4,614.6597338311542,4.817665599985048,126,True,300,"[805.9369621604158,803.3116756471122,803.3116756471122,739.4745999975554,739.4745999975554,738.792391412951,738.792391412951,738.792391412951,738.792391412951,679.5292232684087,679.5292232684087,679.5292232684087,679.5292232684087,679.5292232684087,679.5292232684087,679.5292232684087,679.5292232684087,679.5292232684087,679.5292232684087,679.5292232684087,679.5292232684087,679.5292232684087,679.5292232684087,679.5292232684087,679.5292232684087,679.5292232684087,679.5292232684087,679.5292232684087,679.5292232684087,679.5292232684087,679.5292232684087,679.5292232684087,679.5292232684087,679.5292232684087,679.5292232684087,679.5292232684087,679.5292232684087,679.5292232684087,679.5292232684087,679.5292232684087,679.5292232684087,679.5292232684087,679.5292232684087,679.5292232684087,679.5292232684087,679.5292232684087,679.5292232684087,679.5292232684087,679.5292232684087,679.5292232684087,679.5292232684087,679.5292232684087,679.5292232684087,679.5292232684087,679.5292232684087,679.5292232684087,679.5292232684087,679.5292232684087,679.5292232684087,679.5292232684087,679.5292232684087,679.5292232684087,679.5292232684087,679.5292232684087,679.5292232684087,675.5070393898883,675.5070393898883,675.5070393898883,675.5070393898883,675.5070393898883,675.5070393898883,675.5070393898883,675.5070393898883,675.5070393898883,675.5070393898883,675.5070393898883,675.5070393898883,675.5070393898883,675.5070393898883,675.5070393898883,675.5070393898883,675.5070393898883,675.5070393898883,675.5070393898883,675.5070393898883,675.5070393898883,675.5070393898883,675.5070393898883,675.5070393898883,675.5070393898883,675.5070393898883,675.5070393898883,675.5070393898883,675.5070393898883,675.5070393898883,675.5070393898883,675.5070393898883,675.5070393898883,675.5070393898883,675.5070393898883,675.5070393898883,675.5070393898883,675.5070393898883,675.5070393898883,675.5070393898883,675.5070393898883,675.5070393898883,675.5070393898883,675.5070393898883,675.5070393898883,675.5070393898883,675.5070393898883,675.5070393898883,675.5070393898883,675.5070393898883,675.5070393898883,675.5070393898883,675.5070393898883,675.5070393898883,675.5070393898883,675.5070393898883,675.5070393898883,675.5070393898883,675.5070393898883,675.5070393898883,614.6597338311542,614.6597338311542,614.6597338311542,614.6597338311542,614.6597338311542,614.6597338311542,614.6597338311542,614.6597338311542,614.6597338311542,614.6597338311542,614.6597338311542,614.6597338311542,614.6597338311542,614.6597338311542,614.6597338311542,614.6597338311542,614.6597338311542,614.6597338311542,614.6597338311542,614.6597338311542,614.6597338311542,614.6597338311542,614.6597338311542,614.6597338311542,614.6597338311542,614.6597338311542,614.6597338311542,614.6597338311542,614.6597338311542,614.6597338311542,614.6597338311542,614.6597338311542,614.6597338311542,614.6597338311542,614.6597338311542,614.6597338311542,614.6597338311542,614.6597338311542,614.6597338311542,614.6597338311542,614.6597338311542,614.6597338311542,614.6597338311542,614.6597338311542,614.6597338311542,614.6597338311542,614.6597338311542,614.6597338311542,614.6597338311542,614.6597338311542,614.6597338311542,614.6597338311542,614.6597338311542,614.6597338311542,614.6597338311542,614.6597338311542,614.6597338311542,614.6597338311542,614.6597338311542,614.6597338311542,614.6597338311542,614.6597338311542,614.6597338311542,614.6597338311542,614.6597338311542,614.6597338311542,614.6597338311542,614.6597338311542,614.6597338311542,614.6597338311542,614.6597338311542,614.6597338311542,614.6597338311542,614.6597338311542,614.6597338311542,614.6597338311542,614.6597338311542,614.6597338311542,614.6597338311542,614.6597338311542,614.6597338311542,614.6597338311542,614.6597338311542,614.6597338311542,614.6597338311542,614.6597338311542,614.6597338311542,614.6597338311542,614.6597338311542,614.6597338311542,614.6597338311542,614.6597338311542,614.6597338311542,614.6597338311542,614.6597338311542,614.6597338311542,614.6597338311542,614.6597338311542,614.6597338311542,614.6597338311542,614.6597338311542,614.6597338311542,614.6597338311542,614.6597338311542,614.6597338311542,614.6597338311542,614.6597338311542,614.6597338311542,614.6597338311542,614.6597338311542,614.6597338311542,614.6597338311542,614.6597338311542,614.6597338311542,614.6597338311542,614.6597338311542,614.6597338311542,614.6597338311542,614.6597338311542,614.6597338311542,614.6597338311542,614.6597338311542,614.6597338311542,614.6597338311542,614.6597338311542,614.6597338311542,614.6597338311542,614.6597338311542,614.6597338311542,614.6597338311542,614.6597338311542,614.6597338311542,614.6597338311542,614.6597338311542,614.6597338311542,614.6597338311542,614.6597338311542,614.6597338311542,614.6597338311542,614.6597338311542,614.6597338311542,614.6597338311542,614.6597338311542,614.6597338311542,614.6597338311542,614.6597338311542,614.6597338311542,614.6597338311542,614.6597338311542,614.6597338311542,614.6597338311542,614.6597338311542,614.6597338311542,614.6597338311542,614.6597338311542,614.6597338311542,614.6597338311542,614.6597338311542,614.6597338311542,614.6597338311542,614.6597338311542,614.6597338311542,614.6597338311542,614.6597338311542,614.6597338311542,614.6597338311542,614.6597338311542,614.6597338311542,614.6597338311542,614.6597338311542,614.6597338311542,614.6597338311542,614.6597338311542,614.6597338311542,614.6597338311542]"
RC101,25,QACO,5,658.964073590231,4.665774499997497,65,True,300,"[691.5568243222754,691.5568243222754,691.5568243222754,691.5568243222754,691.5568243222754,691.5568243222754,691.5568243222754,691.5568243222754,691.5568243222754,691.5568243222754,691.5568243222754,691.5568243222754,691.5568243222754,679.56684673367,679.56684673367,679.56684673367,679.56684673367,679.56684673367,679.56684673367,679.56684673367,679.56684673367,679.56684673367,679.56684673367,679.56684673367,679.56684673367,679.56684673367,679.56684673367,679.56684673367,679.56684673367,679.56684673367,679.56684673367,679.56684673367,679.56684673367,679.56684673367,679.56684673367,679.56684673367,679.56684673367,679.56684673367,679.56684673367,679.56684673367,679.56684673367,679.56684673367,679.56684673367,679.56684673367,679.56684673367,679.56684673367,679.56684673367,679.56684673367,679.56684673367,679.56684673367,679.5292232684089,679.5292232684089,679.5292232684089,679.5292232684089,679.5292232684089,679.5292232684089,679.5292232684089,679.5292232684089,679.5292232684089,679.5292232684089,679.5292232684089,679.5292232684089,679.5292232684089,679.5292232684089,658.964073590231,658.964073590231,658.964073590231,658.964073590231,658.964073590231,658.964073590231,658.964073590231,658.964073590231,658.964073590231,658.964073590231,658.964073590231,658.964073590231,658.964073590231,658.964073590231,658.964073590231,658.964073590231,658.964073590231,658.964073590231,658.964073590231,658.964073590231,658.964073590231,658.964073590231,658.964073590231,658.964073590231,658.964073590231,658.964073590231,658.964073590231,658.964073590231,658.964073590231,658.964073590231,658.964073590231,658.964073590231,658.964073590231,658.964073590231,658.964073590231,658.964073590231,658.964073590231,658.964073590231,658.964073590231,658.964073590231,658.964073590231,658.964073590231,658.964073590231,658.964073590231,658.964073590231,658.964073590231,658.964073590231,658.964073590231,658.964073590231,658.964073590231,658.964073590231,658.964073590231,658.964073590231,658.964073590231,658.964073590231,658.964073590231,658.964073590231,658.964073590231,658.964073590231,658.964073590231,658.964073590231,658.964073590231,658.964073590231,658.964073590231,658.964073590231,658.964073590231,658.964073590231,658.964073590231,658.964073590231,658.964073590231,658.964073590231,658.964073590231,658.964073590231,658.964073590231,658.964073590231,658.964073590231,658.964073590231,658.964073590231,658.964073590231,658.964073590231,658.964073590231,658.964073590231,658.964073590231,658.964073590231,658.964073590231,658.964073590231,658.964073590231,658.964073590231,658.964073590231,658.964073590231,658.964073590231,658.964073590231,658.964073590231,658.964073590231,658.964073590231,658.964073590231,658.964073590231,658.964073590231,658.964073590231,658.964073590231,658.964073590231,658.964073590231,658.964073590231,658.964073590231,658.964073590231,658.964073590231,658.964073590231,658.964073590231,658.964073590231,658.964073590231,658.964073590231,658.964073590231,658.964073590231,658.964073590231,658.964073590231,658.964073590231,658.964073590231,658.964073590231,658.964073590231,658.964073590231,658.964073590231,658.964073590231,658.964073590231,658.964073590231,658.964073590231,658.964073590231,658.964073590231,658.964073590231,658.964073590231,658.964073590231,658.964073590231,658.964073590231,658.964073590231,658.964073590231,658.964073590231,658.964073590231,658.964073590231,658.964073590231,658.964073590231,658.964073590231,658.964073590231,658.964073590231,658.964073590231,658.964073590231,658.964073590231,658.964073590231,658.964073590231,658.964073590231,658.964073590231,658.964073590231,658.964073590231,658.964073590231,658.964073590231,658.964073590231,658.964073590231,658.964073590231,658.964073590231,658.964073590231,658.964073590231,658.964073590231,658.964073590231,658.964073590231,658.964073590231,658.964073590231,658.964073590231,658.964073590231,658.964073590231,658.964073590231,658.964073590231,658.964073590231,658.964073590231,658.964073590231,658.964073590231,658.964073590231,658.964073590231,658.964073590231,658.964073590231,658.964073590231,658.964073590231,658.964073590231,658.964073590231,658.964073590231,658.964073590231,658.964073590231,658.964073590231,658.964073590231,658.964073590231,658.964073590231,658.964073590231,658.964073590231,658.964073590231,658.964073590231,658.964073590231,658.964073590231,658.964073590231,658.964073590231,658.964073590231,658.964073590231,658.964073590231,658.964073590231,658.964073590231,658.964073590231,658.964073590231,658.964073590231,658.964073590231,658.964073590231,658.964073590231,658.964073590231,658.964073590231,658.964073590231,658.964073590231,658.964073590231,658.964073590231,658.964073590231,658.964073590231,658.964073590231,658.964073590231,658.964073590231,658.964073590231,658.964073590231,658.964073590231,658.964073590231,658.964073590231,658.964073590231,658.964073590231,658.964073590231,658.964073590231,658.964073590231,658.964073590231,658.964073590231,658.964073590231,658.964073590231,658.964073590231,658.964073590231,658.964073590231,658.964073590231]"
RC101,25,QACO,6,601.3411849608739,4.780310500005726,286,True,300,"[849.8575601757644,798.6262728410259,798.6262728410259,707.5948793950449,707.5948793950449,707.5948793950449,707.5948793950449,707.5948793950449,707.5948793950449,707.5948793950449,707.5948793950449,707.5948793950449,707.5948793950449,707.5948793950449,707.5948793950449,707.5948793950449,707.5948793950449,707.5948793950449,707.5948793950449,707.5948793950449,707.5948793950449,707.5948793950449,707.5948793950449,707.5948793950449,704.2855695297277,704.2855695297277,704.2855695297277,704.2855695297277,704.2855695297277,704.2855695297277,690.3517284540847,690.3517284540847,690.3517284540847,690.3517284540847,690.3517284540847,690.3517284540847,690.3517284540847,690.3517284540847,690.3517284540847,690.3517284540847,690.3517284540847,690.3517284540847,690.3517284540847,690.3517284540847,690.3517284540847,690.3517284540847,690.3517284540847,690.3517284540847,690.3517284540847,690.3517284540847,690.3517284540847,690.3517284540847,601.6339006889791,601.6339006889791,601.6339006889791,601.6339006889791,601.6339006889791,601.6339006889791,601.6339006889791,601.6339006889791,601.6339006889791,601.6339006889791,601.6339006889791,601.6339006889791,601.6339006889791,601.6339006889791,601.6339006889791,601.6339006889791,601.6339006889791,601.6339006889791,601.6339006889791,601.6339006889791,601.6339006889791,601.6339006889791,601.6339006889791,601.6339006889791,601.6339006889791,601.6339006889791,601.6339006889791,601.6339006889791,601.6339006889791,601.6339006889791,601.6339006889791,601.6339006889791,601.6339006889791,601.6339006889791,601.6339006889791,601.6339006889791,601.6339006889791,601.6339006889791,601.6339006889791,601.6339006889791,601.6339006889791,601.6339006889791,601.6339006889791,601.6339006889791,601.6339006889791,601.6339006889791,601.6339006889791,601.6339006889791,601.6339006889791,601.6339006889791,601.6339006889791,601.6339006889791,601.6339006889791,601.6339006889791,601.6339006889791,601.6339006889791,601.6339006889791,601.6339006889791,601.6339006889791,601.6339006889791,601.6339006889791,601.6339006889791,601.6339006889791,601.6339006889791,601.6339006889791,601.6339006889791,601.6339006889791,601.6339006889791,601.6339006889791,601.6339006889791,601.6339006889791,601.6339006889791,601.6339006889791,601.6339006889791,601.6339006889791,601.6339006889791,601.6339006889791,601.6339006889791,601.6339006889791,601.6339006889791,601.6339006889791,601.6339006889791,601.6339006889791,601.6339006889791,601.6339006889791,601.6339006889791,601.6339006889791,601.6339006889791,601.6339006889791,601.6339006889791,601.6339006889791,601.6339006889791,601.6339006889791,601.6339006889791,601.6339006889791,601.6339006889791,601.6339006889791,601.6339006889791,601.6339006889791,601.6339006889791,601.6339006889791,601.6339006889791,601.6339006889791,601.6339006889791,601.6339006889791,601.6339006889791,601.6339006889791,601.6339006889791,601.6339006889791,601.6339006889791,601.6339006889791,601.6339006889791,601.6339006889791,601.6339006889791,601.6339006889791,601.6339006889791,601.6339006889791,601.6339006889791,601.6339006889791,601.6339006889791,601.6339006889791,601.6339006889791,601.6339006889791,601.6339006889791,601.6339006889791,601.6339006889791,601.6339006889791,601.6339006889791,601.6339006889791,601.6339006889791,601.6339006889791,601.6339006889791,601.6339006889791,601.6339006889791,601.6339006889791,601.6339006889791,601.6339006889791,601.6339006889791,601.6339006889791,601.6339006889791,601.6339006889791,601.6339006889791,601.6339006889791,601.6339006889791,601.6339006889791,601.6339006889791,601.6339006889791,601.6339006889791,601.6339006889791,601.6339006889791,601.6339006889791,601.6339006889791,601.6339006889791,601.6339006889791,601.6339006889791,601.6339006889791,601.6339006889791,601.6339006889791,601.6339006889791,601.6339006889791,601.6339006889791,601.6339006889791,601.6339006889791,601.6339006889791,601.6339006889791,601.6339006889791,601.6339006889791,601.6339006889791,601.6339006889791,601.6339006889791,601.6339006889791,601.6339006889791,601.6339006889791,601.6339006889791,601.6339006889791,601.6339006889791,601.6339006889791,601.6339006889791,601.6339006889791,601.6339006889791,601.6339006889791,601.6339006889791,601.6339006889791,601.6339006889791,601.6339006889791,601.6339006889791,601.6339006889791,601.6339006889791,601.6339006889791,601.6339006889791,601.6339006889791,601.6339006889791,601.6339006889791,601.6339006889791,601.6339006889791,601.6339006889791,601.6339006889791,601.6339006889791,601.6339006889791,601.6339006889791,601.6339006889791,601.6339006889791,601.6339006889791,601.6339006889791,601.6339006889791,601.6339006889791,601.6339006889791,601.6339006889791,601.6339006889791,601.6339006889791,601.6339006889791,601.6339006889791,601.6339006889791,601.6339006889791,601.6339006889791,601.6339006889791,601.6339006889791,601.6339006889791,601.6339006889791,601.6339006889791,601.6339006889791,601.6339006889791,601.6339006889791,601.6339006889791,601.6339006889791,601.6339006889791,601.6339006889791,601.6339006889791,601.6339006889791,601.6339006889791,601.6339006889791,601.6339006889791,601.6339006889791,601.3411849608739,601.3411849608739,601.3411849608739,601.3411849608739,601.3411849608739,601.3411849608739,601.3411849608739,601.3411849608739,601.3411849608739,601.3411849608739,601.3411849608739,601.3411849608739,601.3411849608739,601.3411849608739,601.3411849608739]"
RC101,25,QACO,7,656.7005125023693,5.000499999994645,146,True,241,"[660.0749081977604,660.0749081977604,660.0749081977604,660.0749081977604,660.0749081977604,660.0749081977604,660.0749081977604,660.0749081977604,660.0749081977604,660.0749081977604,660.0749081977604,660.0749081977604,660.0749081977604,660.0749081977604,660.0749081977604,660.0749081977604,660.0749081977604,660.0749081977604,660.0749081977604,660.0749081977604,660.0749081977604,660.0749081977604,660.0749081977604,660.0749081977604,660.0749081977604,660.0749081977604,660.0749081977604,660.0749081977604,660.0749081977604,660.0749081977604,660.0749081977604,660.0749081977604,660.0749081977604,660.0749081977604,660.0749081977604,660.0749081977604,660.0749081977604,660.0749081977604,660.0749081977604,660.0749081977604,660.0749081977604,660.0749081977604,660.0749081977604,660.0749081977604,660.0749081977604,660.0749081977604,660.0749081977604,660.0749081977604,660.0749081977604,660.0749081977604,660.0749081977604,660.0749081977604,660.0749081977604,660.0749081977604,660.0749081977604,660.0749081977604,660.0749081977604,660.0749081977604,660.0749081977604,660.0749081977604,660.0749081977604,660.0749081977604,660.0749081977604,660.0749081977604,660.0749081977604,660.0749081977604,660.0749081977604,660.0749081977604,660.0749081977604,660.0749081977604,660.0749081977604,660.0749081977604,660.0749081977604,660.0749081977604,660.0749081977604,660.0749081977604,660.0749081977604,660.0749081977604,660.0749081977604,660.0749081977604,660.0749081977604,660.0749081977604,660.0749081977604,660.0749081977604,660.0749081977604,660.0749081977604,660.0749081977604,660.0749081977604,660.0749081977604,660.0749081977604,660.0749081977604,660.0749081977604,660.0749081977604,660.0749081977604,660.0749081977604,660.0749081977604,660.0749081977604,660.0749081977604,660.0749081977604,660.0749081977604,660.0749081977604,660.0749081977604,660.0749081977604,660.0749081977604,660.0749081977604,660.0749081977604,660.0749081977604,660.0749081977604,660.0749081977604,660.0749081977604,660.0749081977604,660.0749081977604,660.0749081977604,660.0749081977604,660.0749081977604,660.0749081977604,660.0749081977604,660.0749081977604,660.0749081977604,660.0749081977604,660.0749081977604,660.0749081977604,660.0749081977604,660.0749081977604,660.0749081977604,660.0749081977604,660.0749081977604,660.0749081977604,660.0749081977604,660.0749081977604,660.0749081977604,660.0749081977604,660.0749081977604,660.0749081977604,660.0749081977604,660.0749081977604,660.0749081977604,660.0749081977604,660.0749081977604,660.0749081977604,660.0749081977604,660.0749081977604,660.0749081977604,660.0749081977604,660.0749081977604,656.7005125023693,656.7005125023693,656.7005125023693,656.7005125023693,656.7005125023693,656.7005125023693,656.7005125023693,656.7005125023693,656.7005125023693,656.7005125023693,656.7005125023693,656.7005125023693,656.7005125023693,656.7005125023693,656.7005125023693,656.7005125023693,656.7005125023693,656.7005125023693,656.7005125023693,656.7005125023693,656.7005125023693,656.7005125023693,656.7005125023693,656.7005125023693,656.7005125023693,656.7005125023693,656.7005125023693,656.7005125023693,656.7005125023693,656.7005125023693,656.7005125023693,656.7005125023693,656.7005125023693,656.7005125023693,656.7005125023693,656.7005125023693,656.7005125023693,656.7005125023693,656.7005125023693,656.7005125023693,656.7005125023693,656.7005125023693,656.7005125023693,656.7005125023693,656.7005125023693,656.7005125023693,656.7005125023693,656.7005125023693,656.7005125023693,656.7005125023693,656.7005125023693,656.7005125023693,656.7005125023693,656.7005125023693,656.7005125023693,656.7005125023693,656.7005125023693,656.7005125023693,656.7005125023693,656.7005125023693,656.7005125023693,656.7005125023693,656.7005125023693,656.7005125023693,656.7005125023693,656.7005125023693,656.7005125023693,656.7005125023693,656.7005125023693,656.7005125023693,656.7005125023693,656.7005125023693,656.7005125023693,656.7005125023693,656.7005125023693,656.7005125023693,656.7005125023693,656.7005125023693,656.7005125023693,656.7005125023693,656.7005125023693,656.7005125023693,656.7005125023693,656.7005125023693,656.7005125023693,656.7005125023693,656.7005125023693,656.7005125023693,656.7005125023693,656.7005125023693,656.7005125023693,656.7005125023693,656.7005125023693,656.7005125023693,656.7005125023693,656.7005125023693]"
RC101,25,QACO,8,664.9251343910291,4.961063499999,233,True,300,"[810.7851856966286,749.2748996682406,729.7478475719481,729.7478475719481,729.7478475719481,729.7478475719481,682.3375425253739,682.3375425253739,682.3375425253739,682.3375425253739,677.1860094720548,677.1860094720548,677.1860094720548,677.1860094720548,677.1860094720548,677.1860094720548,677.1860094720548,677.1860094720548,677.1860094720548,664.9251343910292,664.9251343910292,664.9251343910292,664.9251343910292,664.9251343910292,664.9251343910292,664.9251343910292,664.9251343910292,664.9251343910292,664.9251343910292,664.9251343910292,664.9251343910292,664.9251343910292,664.9251343910292,664.9251343910292,664.9251343910292,664.9251343910292,664.9251343910292,664.9251343910292,664.9251343910292,664.9251343910292,664.9251343910292,664.9251343910292,664.9251343910292,664.9251343910292,664.9251343910292,664.9251343910292,664.9251343910292,664.9251343910292,664.9251343910292,664.9251343910292,664.9251343910292,664.9251343910292,664.9251343910292,664.9251343910292,664.9251343910292,664.9251343910292,664.9251343910292,664.9251343910292,664.9251343910292,664.9251343910292,664.9251343910292,664.9251343910292,664.9251343910292,664.9251343910292,664.9251343910292,664.9251343910292,664.9251343910292,664.9251343910292,664.9251343910292,664.9251343910292,664.9251343910292,664.9251343910292,664.9251343910292,664.9251343910292,664.9251343910292,664.9251343910292,664.9251343910292,664.9251343910292,664.9251343910292,664.9251343910292,664.9251343910292,664.9251343910292,664.9251343910292,664.9251343910292,664.9251343910292,664.9251343910292,664.9251343910292,664.9251343910292,664.9251343910292,664.9251343910292,664.9251343910292,664.9251343910292,664.9251343910292,664.9251343910292,664.9251343910292,664.9251343910292,664.9251343910292,664.9251343910292,664.9251343910292,664.9251343910292,664.9251343910292,664.9251343910292,664.9251343910292,664.9251343910292,664.9251343910292,664.9251343910292,664.9251343910292,664.9251343910292,664.9251343910292,664.9251343910292,664.9251343910292,664.9251343910292,664.9251343910292,664.9251343910292,664.9251343910292,664.9251343910292,664.9251343910292,664.9251343910292,664.9251343910292,664.9251343910292,664.9251343910292,664.9251343910292,664.9251343910292,664.9251343910292,664.9251343910292,664.9251343910292,664.9251343910292,664.9251343910292,664.9251343910292,664.9251343910292,664.9251343910292,664.9251343910292,664.9251343910292,664.9251343910292,664.9251343910292,664.9251343910292,664.9251343910292,664.9251343910292,664.9251343910292,664.9251343910292,664.9251343910292,664.9251343910292,664.9251343910292,664.9251343910292,664.9251343910292,664.9251343910292,664.9251343910292,664.9251343910292,664.9251343910292,664.9251343910292,664.9251343910292,664.9251343910292,664.9251343910292,664.9251343910292,664.9251343910292,664.9251343910292,664.9251343910292,664.9251343910292,664.9251343910292,664.9251343910292,664.9251343910292,664.9251343910292,664.9251343910292,664.9251343910292,664.9251343910292,664.9251343910292,664.9251343910292,664.9251343910292,664.9251343910292,664.9251343910292,664.9251343910292,664.9251343910292,664.9251343910292,664.9251343910292,664.9251343910292,664.9251343910292,664.9251343910292,664.9251343910292,664.9251343910292,664.9251343910292,664.9251343910292,664.9251343910292,664.9251343910292,664.9251343910292,664.9251343910292,664.9251343910292,664.9251343910292,664.9251343910292,664.9251343910292,664.9251343910292,664.9251343910292,664.9251343910292,664.9251343910292,664.9251343910292,664.9251343910292,664.9251343910292,664.9251343910292,664.9251343910292,664.9251343910292,664.9251343910292,664.9251343910292,664.9251343910292,664.9251343910292,664.9251343910292,664.9251343910292,664.9251343910292,664.9251343910292,664.9251343910292,664.9251343910292,664.9251343910292,664.9251343910292,664.9251343910292,664.9251343910292,664.9251343910292,664.9251343910292,664.9251343910292,664.9251343910292,664.9251343910292,664.9251343910292,664.9251343910292,664.9251343910292,664.9251343910292,664.9251343910292,664.9251343910292,664.9251343910292,664.9251343910292,664.9251343910292,664.9251343910292,664.9251343910292,664.9251343910292,664.9251343910292,664.9251343910292,664.9251343910291,664.9251343910291,664.9251343910291,664.9251343910291,664.9251343910291,664.9251343910291,664.9251343910291,664.9251343910291,664.9251343910291,664.9251343910291,664.9251343910291,664.9251343910291,664.9251343910291,664.9251343910291,664.9251343910291,664.9251343910291,664.9251343910291,664.9251343910291,664.9251343910291,664.9251343910291,664.9251343910291,664.9251343910291,664.9251343910291,664.9251343910291,664.9251343910291,664.9251343910291,664.9251343910291,664.9251343910291,664.9251343910291,664.9251343910291,664.9251343910291,664.9251343910291,664.9251343910291,664.9251343910291,664.9251343910291,664.9251343910291,664.9251343910291,664.9251343910291,664.9251343910291,664.9251343910291,664.9251343910291,664.9251343910291,664.9251343910291,664.9251343910291,664.9251343910291,664.9251343910291,664.9251343910291,664.9251343910291,664.9251343910291,664.9251343910291,664.9251343910291,664.9251343910291,664.9251343910291,664.9251343910291,664.9251343910291,664.9251343910291,664.9251343910291,664.9251343910291,664.9251343910291,664.9251343910291,664.9251343910291,664.9251343910291,664.9251343910291,664.9251343910291,664.9251343910291,664.9251343910291,664.9251343910291,664.9251343910291]"
RC101,25,QACO,9,650.9253584101971,5.001503199979197,22,True,208,"[770.280757298763,743.7448609651974,743.7448609651974,743.7448609651974,743.7448609651974,743.7448609651974,687.1775306599777,687.1775306599777,687.1775306599777,687.1775306599777,687.1775306599777,687.1775306599777,687.1775306599777,687.1775306599777,678.5831785105513,678.5831785105513,678.5831785105513,678.5831785105513,678.5831785105513,678.5831785105513,678.5831785105513,650.9253584101971,650.9253584101971,650.9253584101971,650.9253584101971,650.9253584101971,650.9253584101971,650.9253584101971,650.9253584101971,650.9253584101971,650.9253584101971,650.9253584101971,650.9253584101971,650.9253584101971,650.9253584101971,650.9253584101971,650.9253584101971,650.9253584101971,650.9253584101971,650.9253584101971,650.9253584101971,650.9253584101971,650.9253584101971,650.9253584101971,650.9253584101971,650.9253584101971,650.9253584101971,650.9253584101971,650.9253584101971,650.9253584101971,650.9253584101971,650.9253584101971,650.9253584101971,650.9253584101971,650.9253584101971,650.9253584101971,650.9253584101971,650.9253584101971,650.9253584101971,650.9253584101971,650.9253584101971,650.9253584101971,650.9253584101971,650.9253584101971,650.9253584101971,650.9253584101971,650.9253584101971,650.9253584101971,650.9253584101971,650.9253584101971,650.9253584101971,650.9253584101971,650.9253584101971,650.9253584101971,650.9253584101971,650.9253584101971,650.9253584101971,650.9253584101971,650.9253584101971,650.9253584101971,650.9253584101971,650.9253584101971,650.9253584101971,650.9253584101971,650.9253584101971,650.9253584101971,650.9253584101971,650.9253584101971,650.9253584101971,650.9253584101971,650.9253584101971,650.9253584101971,650.9253584101971,650.9253584101971,650.9253584101971,650.9253584101971,650.9253584101971,650.9253584101971,650.9253584101971,650.9253584101971,650.9253584101971,650.9253584101971,650.9253584101971,650.9253584101971,650.9253584101971,650.9253584101971,650.9253584101971,650.9253584101971,650.9253584101971,650.9253584101971,650.9253584101971,650.9253584101971,650.9253584101971,650.9253584101971,650.9253584101971,650.9253584101971,650.9253584101971,650.9253584101971,650.9253584101971,650.9253584101971,650.9253584101971,650.9253584101971,650.9253584101971,650.9253584101971,650.9253584101971,650.9253584101971,650.9253584101971,650.9253584101971,650.9253584101971,650.9253584101971,650.9253584101971,650.9253584101971,650.9253584101971,650.9253584101971,650.9253584101971,650.9253584101971,650.9253584101971,650.9253584101971,650.9253584101971,650.9253584101971,650.9253584101971,650.9253584101971,650.9253584101971,650.9253584101971,650.9253584101971,650.9253584101971,650.9253584101971,650.9253584101971,650.9253584101971,650.9253584101971,650.9253584101971,650.9253584101971,650.9253584101971,650.9253584101971,650.9253584101971,650.9253584101971,650.9253584101971,650.9253584101971,650.9253584101971,650.9253584101971,650.9253584101971,650.9253584101971,650.9253584101971,650.9253584101971,650.9253584101971,650.9253584101971,650.9253584101971,650.9253584101971,650.9253584101971,650.9253584101971,650.9253584101971,650.9253584101971,650.9253584101971,650.9253584101971,650.9253584101971,650.9253584101971,650.9253584101971,650.9253584101971,650.9253584101971,650.9253584101971,650.9253584101971,650.9253584101971,650.9253584101971,650.9253584101971,650.9253584101971,650.9253584101971,650.9253584101971,650.9253584101971,650.9253584101971,650.9253584101971,650.9253584101971,650.9253584101971,650.9253584101971,650.9253584101971,650.9253584101971,650.9253584101971,650.9253584101971,650.9253584101971,650.9253584101971,650.9253584101971,650.9253584101971,650.9253584101971,650.9253584101971,650.9253584101971,650.9253584101971,650.9253584101971,650.9253584101971,650.9253584101971]"
RC101,25,QACO,10,612.9018231761744,5.000601700012339,40,True,259,"[724.7244439718353,635.092883885928,635.092883885928,635.092883885928,635.092883885928,635.092883885928,635.092883885928,635.092883885928,635.092883885928,635.092883885928,635.092883885928,635.092883885928,635.092883885928,635.092883885928,635.092883885928,635.092883885928,635.092883885928,635.092883885928,635.092883885928,635.092883885928,635.092883885928,635.092883885928,635.092883885928,635.092883885928,635.092883885928,635.092883885928,635.092883885928,635.092883885928,635.092883885928,635.092883885928,635.092883885928,635.092883885928,635.092883885928,635.092883885928,635.092883885928,635.092883885928,635.092883885928,635.092883885928,635.092883885928,612.9018231761744,612.9018231761744,612.9018231761744,612.9018231761744,612.9018231761744,612.9018231761744,612.9018231761744,612.9018231761744,612.9018231761744,612.9018231761744,612.9018231761744,612.9018231761744,612.9018231761744,612.9018231761744,612.9018231761744,612.9018231761744,612.9018231761744,612.9018231761744,612.9018231761744,612.9018231761744,612.9018231761744,612.9018231761744,612.9018231761744,612.9018231761744,612.9018231761744,612.9018231761744,612.9018231761744,612.9018231761744,612.9018231761744,612.9018231761744,612.9018231761744,612.9018231761744,612.9018231761744,612.9018231761744,612.9018231761744,612.9018231761744,612.9018231761744,612.9018231761744,612.9018231761744,612.9018231761744,612.9018231761744,612.9018231761744,612.9018231761744,612.9018231761744,612.9018231761744,612.9018231761744,612.9018231761744,612.9018231761744,612.9018231761744,612.9018231761744,612.9018231761744,612.9018231761744,612.9018231761744,612.9018231761744,612.9018231761744,612.9018231761744,612.9018231761744,612.9018231761744,612.9018231761744,612.9018231761744,612.9018231761744,612.9018231761744,612.9018231761744,612.9018231761744,612.9018231761744,612.9018231761744,612.9018231761744,612.9018231761744,612.9018231761744,612.9018231761744,612.9018231761744,612.9018231761744,612.9018231761744,612.9018231761744,612.9018231761744,612.9018231761744,612.9018231761744,612.9018231761744,612.9018231761744,612.9018231761744,612.9018231761744,612.9018231761744,612.9018231761744,612.9018231761744,612.9018231761744,612.9018231761744,612.9018231761744,612.9018231761744,612.9018231761744,612.9018231761744,612.9018231761744,612.9018231761744,612.9018231761744,612.9018231761744,612.9018231761744,612.9018231761744,612.9018231761744,612.9018231761744,612.9018231761744,612.9018231761744,612.9018231761744,612.9018231761744,612.9018231761744,612.9018231761744,612.9018231761744,612.9018231761744,612.9018231761744,612.9018231761744,612.9018231761744,612.9018231761744,612.9018231761744,612.9018231761744,612.9018231761744,612.9018231761744,612.9018231761744,612.9018231761744,612.9018231761744,612.9018231761744,612.9018231761744,612.9018231761744,612.9018231761744,612.9018231761744,612.9018231761744,612.9018231761744,612.9018231761744,612.9018231761744,612.9018231761744,612.9018231761744,612.9018231761744,612.9018231761744,612.9018231761744,612.9018231761744,612.9018231761744,612.9018231761744,612.9018231761744,612.9018231761744,612.9018231761744,612.9018231761744,612.9018231761744,612.9018231761744,612.9018231761744,612.9018231761744,612.9018231761744,612.9018231761744,612.9018231761744,612.9018231761744,612.9018231761744,612.9018231761744,612.9018231761744,612.9018231761744,612.9018231761744,612.9018231761744,612.9018231761744,612.9018231761744,612.9018231761744,612.9018231761744,612.9018231761744,612.9018231761744,612.9018231761744,612.9018231761744,612.9018231761744,612.9018231761744,612.9018231761744,612.9018231761744,612.9018231761744,612.9018231761744,612.9018231761744,612.9018231761744,612.9018231761744,612.9018231761744,612.9018231761744,612.9018231761744,612.9018231761744,612.9018231761744,612.9018231761744,612.9018231761744,612.9018231761744,612.9018231761744,612.9018231761744,612.9018231761744,612.9018231761744,612.9018231761744,612.9018231761744,612.9018231761744,612.9018231761744,612.9018231761744,612.9018231761744,612.9018231761744,612.9018231761744,612.9018231761744,612.9018231761744,612.9018231761744,612.9018231761744,612.9018231761744,612.9018231761744,612.9018231761744,612.9018231761744,612.9018231761744,612.9018231761744,612.9018231761744,612.9018231761744,612.9018231761744,612.9018231761744,612.9018231761744,612.9018231761744,612.9018231761744,612.9018231761744,612.9018231761744,612.9018231761744,612.9018231761744,612.9018231761744,612.9018231761744,612.9018231761744,612.9018231761744,612.9018231761744,612.9018231761744,612.9018231761744,612.9018231761744,612.9018231761744,612.9018231761744]"
RC101,25,QACO,11,668.4162406770885,5.000840500026243,156,True,287,"[804.7276125060881,804.7276125060881,779.5657400076591,739.3950919108489,739.3950919108489,739.3950919108489,739.3950919108489,739.3950919108489,739.3950919108489,739.3950919108489,735.6431626104945,735.6431626104945,735.6431626104945,735.6431626104945,735.6431626104945,735.6431626104945,670.3286641729037,670.3286641729037,670.3286641729037,670.3286641729037,670.3286641729037,670.3286641729037,670.3286641729037,670.1298653931973,670.1298653931973,670.1298653931973,670.1298653931973,670.1298653931973,670.1298653931973,670.1298653931973,670.1298653931973,670.1298653931973,670.1298653931973,670.1298653931973,670.1298653931973,670.1298653931973,670.1298653931973,670.1298653931973,670.1298653931973,670.1298653931973,670.1298653931973,670.1298653931973,670.1298653931973,670.1298653931973,670.1298653931973,670.1298653931973,670.1298653931973,670.1298653931973,670.1298653931973,670.1298653931973,670.1298653931973,670.1298653931973,670.1298653931973,670.1298653931973,670.1298653931973,670.1298653931973,670.1298653931973,670.1298653931973,670.1298653931973,670.1298653931973,670.1298653931973,670.1298653931973,670.1298653931973,670.1298653931973,670.1298653931973,669.6179446973339,669.6179446973339,669.6179446973339,669.6179446973339,669.6179446973339,669.6179446973339,669.6179446973339,669.6179446973339,669.6179446973339,669.6179446973339,669.6179446973339,669.6179446973339,669.6179446973339,669.6179446973339,669.6179446973339,669.6179446973339,669.6179446973339,669.6179446973339,669.6179446973339,669.6179446973339,669.6179446973339,669.6179446973339,669.6179446973339,669.6179446973339,669.6179446973339,669.6179446973339,669.6179446973339,669.6179446973339,669.6179446973339,669.6179446973339,669.6179446973339,669.6179446973339,669.6179446973339,669.6179446973339,669.6179446973339,669.6179446973339,669.6179446973339,669.6179446973339,669.6179446973339,669.6179446973339,669.6179446973339,669.6179446973339,669.6179446973339,669.6179446973339,669.6179446973339,669.6179446973339,669.6179446973339,669.6179446973339,669.6179446973339,669.6179446973339,669.6179446973339,669.6179446973339,669.6179446973339,669.6179446973339,669.6179446973339,669.6179446973339,669.6179446973339,669.6179446973339,669.6179446973339,669.6179446973339,669.6179446973339,669.6179446973339,669.6179446973339,669.6179446973339,669.6179446973339,669.6179446973339,669.6179446973339,669.6179446973339,669.6179446973339,669.6179446973339,669.6179446973339,669.6179446973339,669.6179446973339,669.6179446973339,669.6179446973339,669.6179446973339,669.6179446973339,669.6179446973339,669.6179446973339,669.6179446973339,669.6179446973339,669.6179446973339,669.6179446973339,669.6179446973339,669.6179446973339,669.6179446973339,669.6179446973339,669.6179446973339,669.6179446973339,669.6179446973339,668.4162406770885,668.4162406770885,668.4162406770885,668.4162406770885,668.4162406770885,668.4162406770885,668.4162406770885,668.4162406770885,668.4162406770885,668.4162406770885,668.4162406770885,668.4162406770885,668.4162406770885,668.4162406770885,668.4162406770885,668.4162406770885,668.4162406770885,668.4162406770885,668.4162406770885,668.4162406770885,668.4162406770885,668.4162406770885,668.4162406770885,668.4162406770885,668.4162406770885,668.4162406770885,668.4162406770885,668.4162406770885,668.4162406770885,668.4162406770885,668.4162406770885,668.4162406770885,668.4162406770885,668.4162406770885,668.4162406770885,668.4162406770885,668.4162406770885,668.4162406770885,668.4162406770885,668.4162406770885,668.4162406770885,668.4162406770885,668.4162406770885,668.4162406770885,668.4162406770885,668.4162406770885,668.4162406770885,668.4162406770885,668.4162406770885,668.4162406770885,668.4162406770885,668.4162406770885,668.4162406770885,668.4162406770885,668.4162406770885,668.4162406770885,668.4162406770885,668.4162406770885,668.4162406770885,668.4162406770885,668.4162406770885,668.4162406770885,668.4162406770885,668.4162406770885,668.4162406770885,668.4162406770885,668.4162406770885,668.4162406770885,668.4162406770885,668.4162406770885,668.4162406770885,668.4162406770885,668.4162406770885,668.4162406770885,668.4162406770885,668.4162406770885,668.4162406770885,668.4162406770885,668.4162406770885,668.4162406770885,668.4162406770885,668.4162406770885,668.4162406770885,668.4162406770885,668.4162406770885,668.4162406770885,668.4162406770885,668.4162406770885,668.4162406770885,668.4162406770885,668.4162406770885,668.4162406770885,668.4162406770885,668.4162406770885,668.4162406770885,668.4162406770885,668.4162406770885,668.4162406770885,668.4162406770885,668.4162406770885,668.4162406770885,668.4162406770885,668.4162406770885,668.4162406770885,668.4162406770885,668.4162406770885,668.4162406770885,668.4162406770885,668.4162406770885,668.4162406770885,668.4162406770885,668.4162406770885,668.4162406770885,668.4162406770885,668.4162406770885,668.4162406770885,668.4162406770885,668.4162406770885,668.4162406770885,668.4162406770885,668.4162406770885,668.4162406770885,668.4162406770885,668.4162406770885,668.4162406770885,668.4162406770885,668.4162406770885,668.4162406770885,668.4162406770885,668.4162406770885,668.4162406770885,668.4162406770885]"
RC101,25,QACO,12,624.7303478592445,4.412018899980467,290,True,300,"[732.9647508085943,682.954349962467,682.954349962467,682.954349962467,682.954349962467,682.954349962467,682.954349962467,682.954349962467,682.954349962467,682.954349962467,682.954349962467,682.954349962467,682.954349962467,682.954349962467,682.954349962467,682.954349962467,682.954349962467,682.954349962467,682.954349962467,682.954349962467,682.954349962467,662.4190895952797,662.4190895952797,662.4190895952797,662.4190895952797,662.4190895952797,662.4190895952797,662.4190895952797,662.4190895952797,662.4190895952797,662.4190895952797,662.4190895952797,662.4190895952797,662.4190895952797,662.4190895952797,662.4190895952797,662.4190895952797,662.4190895952797,662.4190895952797,662.4190895952797,662.4190895952797,662.4190895952797,662.4190895952797,662.4190895952797,662.4190895952797,662.4190895952797,662.4190895952797,662.4190895952797,662.4190895952797,662.4190895952797,662.4190895952797,662.4190895952797,662.4190895952797,662.4190895952797,662.4190895952797,662.4190895952797,662.4190895952797,662.4190895952797,662.4190895952797,662.4190895952797,662.4190895952797,662.4190895952797,662.4190895952797,662.4190895952797,662.4190895952797,662.4190895952797,662.4190895952797,662.4190895952797,662.4190895952797,662.4190895952797,662.4190895952797,662.4190895952797,662.4190895952797,662.4190895952797,662.4190895952797,662.4190895952797,662.4190895952797,662.4190895952797,662.4190895952797,662.4190895952797,662.4190895952797,662.4190895952797,662.4190895952797,662.4190895952797,662.4190895952797,662.4190895952797,662.4190895952797,662.4190895952797,662.4190895952797,662.4190895952797,662.4190895952797,662.4190895952797,662.4190895952797,662.4190895952797,662.4190895952797,662.4190895952797,662.4190895952797,662.4190895952797,662.4190895952797,662.4190895952797,662.4190895952797,662.4190895952797,662.4190895952797,662.4190895952797,662.4190895952797,662.4190895952797,662.4190895952797,662.4190895952797,662.4190895952797,662.4190895952797,662.4190895952797,662.4190895952797,662.4190895952797,662.4190895952797,662.4190895952797,662.4190895952797,662.4190895952797,662.4190895952797,662.4190895952797,662.4190895952797,662.4190895952797,662.4190895952797,662.4190895952797,662.4190895952797,662.4190895952797,662.4190895952797,662.4190895952797,662.4190895952797,662.4190895952797,662.4190895952797,662.4190895952797,662.4190895952797,662.4190895952797,662.4190895952797,662.4190895952797,662.4190895952797,662.4190895952797,662.4190895952797,662.4190895952797,662.4190895952797,662.4190895952797,662.4190895952797,662.4190895952797,662.4190895952797,662.4190895952797,662.4190895952797,662.4190895952797,662.4190895952797,662.4190895952797,662.4190895952797,662.4190895952797,662.4190895952797,662.4190895952797,662.4190895952797,662.4190895952797,662.4190895952797,662.4190895952797,662.4190895952797,662.4190895952797,662.4190895952797,662.4190895952797,662.4190895952797,662.4190895952797,662.4190895952797,662.4190895952797,662.4190895952797,662.4190895952797,662.4190895952797,662.4190895952797,662.4190895952797,662.4190895952797,662.4190895952797,662.4190895952797,662.4190895952797,662.4190895952797,662.4190895952797,662.4190895952797,662.4190895952797,662.4190895952797,662.4190895952797,662.4190895952797,662.4190895952797,662.4190895952797,662.4190895952797,662.4190895952797,662.4190895952797,662.4190895952797,662.4190895952797,662.4190895952797,662.4190895952797,662.4190895952797,662.4190895952797,662.4190895952797,662.4190895952797,662.4190895952797,662.4190895952797,662.4190895952797,662.4190895952797,662.4190895952797,662.4190895952797,662.4190895952797,662.4190895952797,662.4190895952797,662.4190895952797,662.4190895952797,662.4190895952797,662.4190895952797,662.4190895952797,662.4190895952797,662.4190895952797,662.4190895952797,662.4190895952797,662.4190895952797,662.4190895952797,662.4190895952797,662.4190895952797,662.4190895952797,662.4190895952797,662.4190895952797,662.4190895952797,662.4190895952797,662.4190895952797,662.4190895952797,662.4190895952797,662.4190895952797,662.4190895952797,662.4190895952797,662.4190895952797,662.4190895952797,662.4190895952797,662.4190895952797,662.4190895952797,662.4190895952797,662.4190895952797,662.4190895952797,662.4190895952797,662.4190895952797,662.4190895952797,662.4190895952797,662.4190895952797,662.4190895952797,662.4190895952797,662.4190895952797,662.4190895952797,662.4190895952797,662.4190895952797,662.4190895952797,662.4190895952797,662.4190895952797,662.4190895952797,662.4190895952797,662.4190895952797,662.4190895952797,662.4190895952797,662.4190895952797,662.4190895952797,662.4190895952797,662.4190895952797,662.4190895952797,662.4190895952797,662.4190895952797,662.4190895952797,662.4190895952797,662.4190895952797,662.4190895952797,662.4190895952797,662.4190895952797,662.4190895952797,662.4190895952797,662.4190895952797,662.4190895952797,662.4190895952797,662.4190895952797,662.4190895952797,662.4190895952797,662.4190895952797,662.4190895952797,662.4190895952797,662.4190895952797,662.4190895952797,662.4190895952797,662.4190895952797,662.4190895952797,662.4190895952797,662.4190895952797,662.4190895952797,662.4190895952797,662.4190895952797,662.4190895952797,624.7303478592445,624.7303478592445,624.7303478592445,624.7303478592445,624.7303478592445,624.7303478592445,624.7303478592445,624.7303478592445,624.7303478592445,624.7303478592445,624.7303478592445]"
RC101,25,QACO,13,616.1519454086695,4.857814599992707,260,True,300,"[835.7545805403505,810.9074993362022,785.4598582554436,780.8948600636354,774.9381450032802,733.4309858547892,708.5093905996855,708.5093905996855,708.5093905996855,708.5093905996855,708.5093905996855,708.5093905996855,708.5093905996855,708.5093905996855,708.5093905996855,708.5093905996855,705.5200641479248,705.5200641479248,705.5200641479248,705.5200641479248,705.5200641479248,705.5200641479248,705.5200641479248,705.5200641479248,705.5200641479248,705.5200641479248,705.5200641479248,705.5200641479248,705.5200641479248,705.5200641479248,705.5200641479248,705.5200641479248,705.5200641479248,705.5200641479248,705.5200641479248,705.5200641479248,705.5200641479248,705.5200641479248,705.5200641479248,705.5200641479248,705.5200641479248,705.5200641479248,705.5200641479248,705.5200641479248,705.5200641479248,705.5200641479248,705.5200641479248,692.4512595030965,692.4512595030965,692.4512595030965,692.4512595030965,692.4512595030965,692.4512595030965,692.4512595030965,692.4512595030965,692.4512595030965,679.2017881766429,679.2017881766429,679.2017881766429,679.2017881766429,679.2017881766429,679.2017881766429,679.2017881766429,679.2017881766429,679.2017881766429,679.2017881766429,679.2017881766429,679.2017881766429,679.2017881766429,679.2017881766429,679.2017881766429,679.2017881766429,679.2017881766429,679.2017881766429,679.2017881766429,679.2017881766429,679.2017881766429,679.2017881766429,679.2017881766429,679.2017881766429,679.2017881766429,679.2017881766429,679.2017881766429,679.2017881766429,679.2017881766429,679.2017881766429,679.2017881766429,679.2017881766429,679.2017881766429,679.2017881766429,679.2017881766429,679.2017881766429,679.2017881766429,679.2017881766429,679.2017881766429,679.2017881766429,679.2017881766429,679.2017881766429,679.2017881766429,679.2017881766429,679.2017881766429,679.2017881766429,679.2017881766429,679.2017881766429,679.2017881766429,679.2017881766429,678.2541001153509,678.2541001153509,678.2541001153509,678.2541001153509,678.2541001153509,678.2541001153509,678.2541001153509,678.2541001153509,678.2541001153509,678.2541001153509,678.2541001153509,676.4857726063296,676.4857726063296,676.4857726063296,676.4857726063296,676.4857726063296,676.4857726063296,676.4857726063296,676.4857726063296,676.4857726063296,676.4857726063296,676.4857726063296,676.4857726063296,676.4857726063296,676.4857726063296,676.4857726063296,676.4857726063296,676.4857726063296,676.4857726063296,676.4857726063296,676.4857726063296,676.4857726063296,676.4857726063296,676.4857726063296,676.4857726063296,676.4857726063296,676.4857726063296,676.4857726063296,676.4857726063296,676.4857726063296,676.4857726063296,676.4857726063296,676.4857726063296,676.4857726063296,676.4857726063296,676.4857726063296,676.4857726063296,676.4857726063296,676.4857726063296,676.4857726063296,676.4857726063296,676.4857726063296,676.4857726063296,676.4857726063296,676.4857726063296,676.4857726063296,676.4857726063296,676.4857726063296,676.4857726063296,676.4857726063296,676.4857726063296,676.4857726063296,676.4857726063296,676.4857726063296,676.4857726063296,676.4857726063296,676.4857726063296,676.4857726063296,676.4857726063296,676.4857726063296,676.4857726063296,676.4857726063296,676.4857726063296,676.4857726063296,676.4857726063296,676.4857726063296,676.4857726063296,676.4857726063296,676.4857726063296,676.4857726063296,676.4857726063296,676.4857726063296,676.4857726063296,676.4857726063296,676.4857726063296,676.4857726063296,676.4857726063296,676.4857726063296,676.4857726063296,676.4857726063296,676.4857726063296,676.4857726063296,676.4857726063296,676.4857726063296,676.4857726063296,676.4857726063296,676.4857726063296,676.4857726063296,676.4857726063296,676.4857726063296,676.4857726063296,676.4857726063296,676.4857726063296,676.4857726063296,676.4857726063296,676.4857726063296,676.4857726063296,676.4857726063296,676.4857726063296,676.4857726063296,676.4857726063296,676.4857726063296,676.4857726063296,676.4857726063296,676.4857726063296,676.4857726063296,676.4857726063296,676.4857726063296,676.4857726063296,676.4857726063296,676.4857726063296,676.4857726063296,676.4857726063296,676.4857726063296,671.0059889427409,671.0059889427409,671.0059889427409,671.0059889427409,671.0059889427409,671.0059889427409,671.0059889427409,671.0059889427409,671.0059889427409,671.0059889427409,671.0059889427409,671.0059889427409,618.0849517693435,618.0849517693435,618.0849517693435,618.0849517693435,618.0849517693435,618.0849517693435,618.0849517693435,618.0849517693435,618.0849517693435,618.0849517693435,618.0849517693435,618.0849517693435,618.0849517693435,618.0849517693435,618.0849517693435,618.0849517693435,618.0849517693435,616.1519454086695,616.1519454086695,616.1519454086695,616.1519454086695,616.1519454086695,616.1519454086695,616.1519454086695,616.1519454086695,616.1519454086695,616.1519454086695,616.1519454086695,616.1519454086695,616.1519454086695,616.1519454086695,616.1519454086695,616.1519454086695,616.1519454086695,616.1519454086695,616.1519454086695,616.1519454086695,616.1519454086695,616.1519454086695,616.1519454086695,616.1519454086695,616.1519454086695,616.1519454086695,616.1519454086695,616.1519454086695,616.1519454086695,616.1519454086695,616.1519454086695,616.1519454086695,616.1519454086695,616.1519454086695,616.1519454086695,616.1519454086695,616.1519454086695,616.1519454086695,616.1519454086695,616.1519454086695,616.1519454086695]"
RC101,25,QACO,14,630.1844836812895,4.435947599995416,141,True,300,"[765.8850816058082,765.8850816058082,758.0255452848421,758.0255452848421,758.0255452848421,754.2147828944383,736.5403535241699,736.5403535241699,732.6030717275833,732.6030717275833,732.6030717275833,732.6030717275833,732.6030717275833,732.6030717275833,732.6030717275833,732.6030717275833,726.6959680968691,726.6959680968691,726.6959680968691,726.6959680968691,726.6959680968691,726.6959680968691,726.6959680968691,726.6959680968691,726.6959680968691,726.6959680968691,726.6959680968691,726.6959680968691,726.6959680968691,726.6959680968691,726.6959680968691,726.6959680968691,726.6959680968691,726.6959680968691,726.6959680968691,726.6959680968691,726.6959680968691,726.6959680968691,689.5737224009382,689.5737224009382,689.5737224009382,689.5737224009382,689.5737224009382,689.5737224009382,689.5737224009382,689.5737224009382,689.5737224009382,689.5737224009382,689.5737224009382,689.5737224009382,689.5737224009382,689.5737224009382,689.5737224009382,689.5737224009382,689.5737224009382,689.5737224009382,689.5737224009382,689.5737224009382,689.5737224009382,689.5737224009382,689.5737224009382,689.5737224009382,689.5737224009382,689.5737224009382,689.5737224009382,689.5737224009382,673.6053344928584,673.6053344928584,673.6053344928584,673.6053344928584,673.6053344928584,673.6053344928584,673.6053344928584,673.6053344928584,673.6053344928584,673.6053344928584,673.6053344928584,673.6053344928584,673.6053344928584,673.6053344928584,673.6053344928584,673.6053344928584,673.6053344928584,673.6053344928584,673.6053344928584,673.6053344928584,673.6053344928584,673.6053344928584,673.6053344928584,673.6053344928584,673.6053344928584,673.6053344928584,673.6053344928584,673.6053344928584,673.6053344928584,673.6053344928584,673.6053344928584,673.6053344928584,673.6053344928584,673.6053344928584,673.6053344928584,673.6053344928584,673.6053344928584,673.6053344928584,673.6053344928584,673.6053344928584,673.6053344928584,673.6053344928584,673.6053344928584,673.6053344928584,673.6053344928584,673.6053344928584,673.6053344928584,673.6053344928584,673.6053344928584,673.6053344928584,673.6053344928584,673.6053344928584,673.6053344928584,673.6053344928584,673.6053344928584,673.6053344928584,673.6053344928584,673.6053344928584,673.6053344928584,673.6053344928584,673.6053344928584,673.6053344928584,673.6053344928584,673.6053344928584,673.6053344928584,673.6053344928584,673.6053344928584,673.6053344928584,673.6053344928584,673.6053344928584,673.6053344928584,673.6053344928584,673.6053344928584,673.6053344928584,630.1844836812895,630.1844836812895,630.1844836812895,630.1844836812895,630.1844836812895,630.1844836812895,630.1844836812895,630.1844836812895,630.1844836812895,630.1844836812895,630.1844836812895,630.1844836812895,630.1844836812895,630.1844836812895,630.1844836812895,630.1844836812895,630.1844836812895,630.1844836812895,630.1844836812895,630.1844836812895,630.1844836812895,630.1844836812895,630.1844836812895,630.1844836812895,630.1844836812895,630.1844836812895,630.1844836812895,630.1844836812895,630.1844836812895,630.1844836812895,630.1844836812895,630.1844836812895,630.1844836812895,630.1844836812895,630.1844836812895,630.1844836812895,630.1844836812895,630.1844836812895,630.1844836812895,630.1844836812895,630.1844836812895,630.1844836812895,630.1844836812895,630.1844836812895,630.1844836812895,630.1844836812895,630.1844836812895,630.1844836812895,630.1844836812895,630.1844836812895,630.1844836812895,630.1844836812895,630.1844836812895,630.1844836812895,630.1844836812895,630.1844836812895,630.1844836812895,630.1844836812895,630.1844836812895,630.1844836812895,630.1844836812895,630.1844836812895,630.1844836812895,630.1844836812895,630.1844836812895,630.1844836812895,630.1844836812895,630.1844836812895,630.1844836812895,630.1844836812895,630.1844836812895,630.1844836812895,630.1844836812895,630.1844836812895,630.1844836812895,630.1844836812895,630.1844836812895,630.1844836812895,630.1844836812895,630.1844836812895,630.1844836812895,630.1844836812895,630.1844836812895,630.1844836812895,630.1844836812895,630.1844836812895,630.1844836812895,630.1844836812895,630.1844836812895,630.1844836812895,630.1844836812895,630.1844836812895,630.1844836812895,630.1844836812895,630.1844836812895,630.1844836812895,630.1844836812895,630.1844836812895,630.1844836812895,630.1844836812895,630.1844836812895,630.1844836812895,630.1844836812895,630.1844836812895,630.1844836812895,630.1844836812895,630.1844836812895,630.1844836812895,630.1844836812895,630.1844836812895,630.1844836812895,630.1844836812895,630.1844836812895,630.1844836812895,630.1844836812895,630.1844836812895,630.1844836812895,630.1844836812895,630.1844836812895,630.1844836812895,630.1844836812895,630.1844836812895,630.1844836812895,630.1844836812895,630.1844836812895,630.1844836812895,630.1844836812895,630.1844836812895,630.1844836812895,630.1844836812895,630.1844836812895,630.1844836812895,630.1844836812895,630.1844836812895,630.1844836812895,630.1844836812895,630.1844836812895,630.1844836812895,630.1844836812895,630.1844836812895,630.1844836812895,630.1844836812895,630.1844836812895,630.1844836812895,630.1844836812895,630.1844836812895,630.1844836812895,630.1844836812895,630.1844836812895,630.1844836812895,630.1844836812895,630.1844836812895,630.1844836812895,630.1844836812895,630.1844836812895,630.1844836812895,630.1844836812895,630.1844836812895,630.1844836812895,630.1844836812895]"
RC101,25,QACO,15,674.0253358892123,4.634525700006634,168,True,300,"[822.6426228565779,734.3609588163426,734.3609588163426,734.3609588163426,734.3609588163426,734.3609588163426,734.3609588163426,734.3609588163426,734.3609588163426,734.3609588163426,734.3609588163426,677.9979123924056,676.4857726063296,676.4857726063296,676.4857726063296,676.4857726063296,676.4857726063296,676.4857726063296,676.4857726063296,676.4857726063296,676.4857726063296,676.4857726063296,676.4857726063296,676.4857726063296,676.4857726063296,676.4857726063296,676.4857726063296,676.4857726063296,676.4857726063296,676.4857726063296,676.4857726063296,676.4857726063296,676.4857726063296,676.4857726063296,676.4857726063296,676.4857726063296,676.4857726063296,676.4857726063296,676.4857726063296,676.4857726063296,676.4857726063296,676.4857726063296,676.4857726063296,676.4857726063296,676.4857726063296,676.4857726063296,676.4857726063296,676.4857726063296,676.4857726063296,676.4857726063296,676.4857726063296,676.4857726063296,676.4857726063296,676.4857726063296,676.4857726063296,676.4857726063296,676.4857726063296,676.4857726063296,676.4857726063296,676.4857726063296,676.4857726063296,676.4857726063296,676.4857726063296,676.4857726063296,676.4857726063296,676.4857726063296,676.4857726063296,676.4857726063296,676.4857726063296,676.4857726063296,676.4857726063296,676.4857726063296,676.4857726063296,676.4857726063296,676.4857726063296,676.4857726063296,676.4857726063296,676.4857726063296,676.4857726063296,676.4857726063296,676.4857726063296,676.4857726063296,676.4857726063296,676.4857726063296,676.4857726063296,675.0352561513687,675.0352561513687,675.0352561513687,675.0352561513687,675.0352561513687,675.0352561513687,675.0352561513687,675.0352561513687,675.0352561513687,675.0352561513687,675.0352561513687,675.0352561513687,675.0352561513687,675.0352561513687,675.0352561513687,675.0352561513687,675.0352561513687,675.0352561513687,675.0352561513687,675.0352561513687,675.0352561513687,675.0352561513687,675.0352561513687,675.0352561513687,675.0352561513687,675.0352561513687,675.0352561513687,675.0352561513687,675.0352561513687,675.0352561513687,675.0352561513687,675.0352561513687,675.0352561513687,675.0352561513687,675.0352561513687,675.0352561513687,675.0352561513687,675.0352561513687,675.0352561513687,675.0352561513687,675.0352561513687,675.0352561513687,675.0352561513687,675.0352561513687,675.0352561513687,675.0352561513687,675.0352561513687,675.0352561513687,675.0352561513687,675.0352561513687,675.0352561513687,675.0352561513687,675.0352561513687,675.0352561513687,675.0352561513687,675.0352561513687,675.0352561513687,675.0352561513687,675.0352561513687,675.0352561513687,675.0352561513687,675.0352561513687,675.0352561513687,675.0352561513687,675.0352561513687,675.0352561513687,675.0352561513687,675.0352561513687,675.0352561513687,675.0352561513687,675.0352561513687,675.0352561513687,675.0352561513687,675.0352561513687,675.0352561513687,675.0352561513687,675.0352561513687,675.0352561513687,675.0352561513687,675.0352561513687,675.0352561513687,675.0352561513687,674.0253358892123,674.0253358892123,674.0253358892123,674.0253358892123,674.0253358892123,674.0253358892123,674.0253358892123,674.0253358892123,674.0253358892123,674.0253358892123,674.0253358892123,674.0253358892123,674.0253358892123,674.0253358892123,674.0253358892123,674.0253358892123,674.0253358892123,674.0253358892123,674.0253358892123,674.0253358892123,674.0253358892123,674.0253358892123,674.0253358892123,674.0253358892123,674.0253358892123,674.0253358892123,674.0253358892123,674.0253358892123,674.0253358892123,674.0253358892123,674.0253358892123,674.0253358892123,674.0253358892123,674.0253358892123,674.0253358892123,674.0253358892123,674.0253358892123,674.0253358892123,674.0253358892123,674.0253358892123,674.0253358892123,674.0253358892123,674.0253358892123,674.0253358892123,674.0253358892123,674.0253358892123,674.0253358892123,674.0253358892123,674.0253358892123,674.0253358892123,674.0253358892123,674.0253358892123,674.0253358892123,674.0253358892123,674.0253358892123,674.0253358892123,674.0253358892123,674.0253358892123,674.0253358892123,674.0253358892123,674.0253358892123,674.0253358892123,674.0253358892123,674.0253358892123,674.0253358892123,674.0253358892123,674.0253358892123,674.0253358892123,674.0253358892123,674.0253358892123,674.0253358892123,674.0253358892123,674.0253358892123,674.0253358892123,674.0253358892123,674.0253358892123,674.0253358892123,674.0253358892123,674.0253358892123,674.0253358892123,674.0253358892123,674.0253358892123,674.0253358892123,674.0253358892123,674.0253358892123,674.0253358892123,674.0253358892123,674.0253358892123,674.0253358892123,674.0253358892123,674.0253358892123,674.0253358892123,674.0253358892123,674.0253358892123,674.0253358892123,674.0253358892123,674.0253358892123,674.0253358892123,674.0253358892123,674.0253358892123,674.0253358892123,674.0253358892123,674.0253358892123,674.0253358892123,674.0253358892123,674.0253358892123,674.0253358892123,674.0253358892123,674.0253358892123,674.0253358892123,674.0253358892123,674.0253358892123,674.0253358892123,674.0253358892123,674.0253358892123,674.0253358892123,674.0253358892123,674.0253358892123,674.0253358892123,674.0253358892123,674.0253358892123,674.0253358892123,674.0253358892123,674.0253358892123,674.0253358892123,674.0253358892123,674.0253358892123,674.0253358892123,674.0253358892123,674.0253358892123,674.0253358892123,674.0253358892123,674.0253358892123]"
RC101,25,QACO,16,658.6364414824789,4.388492699974449,126,True,300,"[805.4988049984923,748.0142597374158,731.2786169692542,731.2786169692542,731.2786169692542,706.1465295318252,706.1465295318252,706.1465295318252,706.1465295318252,706.1465295318252,706.1465295318252,706.1465295318252,706.1465295318252,706.1465295318252,706.1465295318252,706.1465295318252,706.1465295318252,706.1465295318252,706.1465295318252,680.3316653099359,680.3316653099359,680.3316653099359,680.3316653099359,680.3316653099359,680.3316653099359,672.1287898145864,672.1287898145864,672.1287898145864,672.1287898145864,672.1287898145864,672.1287898145864,672.1287898145864,672.1287898145864,672.1287898145864,672.1287898145864,672.1287898145864,672.1287898145864,672.1287898145864,672.1287898145864,672.1287898145864,672.1287898145864,672.1287898145864,672.1287898145864,672.1287898145864,672.1287898145864,672.1287898145864,672.1287898145864,672.1287898145864,672.1287898145864,672.1287898145864,672.1287898145864,672.1287898145864,672.1287898145864,672.1287898145864,672.1287898145864,672.1287898145864,672.1287898145864,672.1287898145864,672.1287898145864,672.1287898145864,672.1287898145864,672.1287898145864,672.1287898145864,672.1287898145864,672.1287898145864,672.1287898145864,672.1287898145864,672.1287898145864,672.1287898145864,672.1287898145864,672.1287898145864,672.1287898145864,672.1287898145864,672.1287898145864,672.1287898145864,672.1287898145864,672.1287898145864,672.1287898145864,672.1287898145864,672.1287898145864,672.1287898145864,672.1287898145864,672.1287898145864,672.1287898145864,672.1287898145864,672.1287898145864,672.1287898145864,672.1287898145864,672.1287898145864,672.1287898145864,672.1287898145864,672.1287898145864,672.1287898145864,672.1287898145864,672.1287898145864,672.1287898145864,672.1287898145864,672.1287898145864,672.1287898145864,672.1287898145864,672.1287898145864,672.1287898145864,672.1287898145864,672.1287898145864,672.1287898145864,672.1287898145864,672.1287898145864,672.1287898145864,672.1287898145864,672.1287898145864,672.1287898145864,672.1287898145864,672.1287898145864,672.1287898145864,672.1287898145864,672.1287898145864,672.1287898145864,672.1287898145864,672.1287898145864,672.1287898145864,672.1287898145864,672.1287898145864,672.1287898145864,672.1287898145864,672.1287898145864,658.6364414824789,658.6364414824789,658.6364414824789,658.6364414824789,658.6364414824789,658.6364414824789,658.6364414824789,658.6364414824789,658.6364414824789,658.6364414824789,658.6364414824789,658.6364414824789,658.6364414824789,658.6364414824789,658.6364414824789,658.6364414824789,658.6364414824789,658.6364414824789,658.6364414824789,658.6364414824789,658.6364414824789,658.6364414824789,658.6364414824789,658.6364414824789,658.6364414824789,658.6364414824789,658.6364414824789,658.6364414824789,658.6364414824789,658.6364414824789,658.6364414824789,658.6364414824789,658.6364414824789,658.6364414824789,658.6364414824789,658.6364414824789,658.6364414824789,658.6364414824789,658.6364414824789,658.6364414824789,658.6364414824789,658.6364414824789,658.6364414824789,658.6364414824789,658.6364414824789,658.6364414824789,658.6364414824789,658.6364414824789,658.6364414824789,658.6364414824789,658.6364414824789,658.6364414824789,658.6364414824789,658.6364414824789,658.6364414824789,658.6364414824789,658.6364414824789,658.6364414824789,658.6364414824789,658.6364414824789,658.6364414824789,658.6364414824789,658.6364414824789,658.6364414824789,658.6364414824789,658.6364414824789,658.6364414824789,658.6364414824789,658.6364414824789,658.6364414824789,658.6364414824789,658.6364414824789,658.6364414824789,658.6364414824789,658.6364414824789,658.6364414824789,658.6364414824789,658.6364414824789,658.6364414824789,658.6364414824789,658.6364414824789,658.6364414824789,658.6364414824789,658.6364414824789,658.6364414824789,658.6364414824789,658.6364414824789,658.6364414824789,658.6364414824789,658.6364414824789,658.6364414824789,658.6364414824789,658.6364414824789,658.6364414824789,658.6364414824789,658.6364414824789,658.6364414824789,658.6364414824789,658.6364414824789,658.6364414824789,658.6364414824789,658.6364414824789,658.6364414824789,658.6364414824789,658.6364414824789,658.6364414824789,658.6364414824789,658.6364414824789,658.6364414824789,658.6364414824789,658.6364414824789,658.6364414824789,658.6364414824789,658.6364414824789,658.6364414824789,658.6364414824789,658.6364414824789,658.6364414824789,658.6364414824789,658.6364414824789,658.6364414824789,658.6364414824789,658.6364414824789,658.6364414824789,658.6364414824789,658.6364414824789,658.6364414824789,658.6364414824789,658.6364414824789,658.6364414824789,658.6364414824789,658.6364414824789,658.6364414824789,658.6364414824789,658.6364414824789,658.6364414824789,658.6364414824789,658.6364414824789,658.6364414824789,658.6364414824789,658.6364414824789,658.6364414824789,658.6364414824789,658.6364414824789,658.6364414824789,658.6364414824789,658.6364414824789,658.6364414824789,658.6364414824789,658.6364414824789,658.6364414824789,658.6364414824789,658.6364414824789,658.6364414824789,658.6364414824789,658.6364414824789,658.6364414824789,658.6364414824789,658.6364414824789,658.6364414824789,658.6364414824789,658.6364414824789,658.6364414824789,658.6364414824789,658.6364414824789,658.6364414824789,658.6364414824789,658.6364414824789,658.6364414824789,658.6364414824789,658.6364414824789,658.6364414824789,658.6364414824789,658.6364414824789,658.6364414824789]"
RC101,25,QACO,17,650.5596370956304,4.972727800020948,10,True,300,"[873.659994003148,803.5226863977721,803.5226863977721,781.7599480623642,781.7599480623642,774.0790002465391,774.0790002465391,774.0790002465391,739.9405857112,650.5596370956304,650.5596370956304,650.5596370956304,650.5596370956304,650.5596370956304,650.5596370956304,650.5596370956304,650.5596370956304,650.5596370956304,650.5596370956304,650.5596370956304,650.5596370956304,650.5596370956304,650.5596370956304,650.5596370956304,650.5596370956304,650.5596370956304,650.5596370956304,650.5596370956304,650.5596370956304,650.5596370956304,650.5596370956304,650.5596370956304,650.5596370956304,650.5596370956304,650.5596370956304,650.5596370956304,650.5596370956304,650.5596370956304,650.5596370956304,650.5596370956304,650.5596370956304,650.5596370956304,650.5596370956304,650.5596370956304,650.5596370956304,650.5596370956304,650.5596370956304,650.5596370956304,650.5596370956304,650.5596370956304,650.5596370956304,650.5596370956304,650.5596370956304,650.5596370956304,650.5596370956304,650.5596370956304,650.5596370956304,650.5596370956304,650.5596370956304,650.5596370956304,650.5596370956304,650.5596370956304,650.5596370956304,650.5596370956304,650.5596370956304,650.5596370956304,650.5596370956304,650.5596370956304,650.5596370956304,650.5596370956304,650.5596370956304,650.5596370956304,650.5596370956304,650.5596370956304,650.5596370956304,650.5596370956304,650.5596370956304,650.5596370956304,650.5596370956304,650.5596370956304,650.5596370956304,650.5596370956304,650.5596370956304,650.5596370956304,650.5596370956304,650.5596370956304,650.5596370956304,650.5596370956304,650.5596370956304,650.5596370956304,650.5596370956304,650.5596370956304,650.5596370956304,650.5596370956304,650.5596370956304,650.5596370956304,650.5596370956304,650.5596370956304,650.5596370956304,650.5596370956304,650.5596370956304,650.5596370956304,650.5596370956304,650.5596370956304,650.5596370956304,650.5596370956304,650.5596370956304,650.5596370956304,650.5596370956304,650.5596370956304,650.5596370956304,650.5596370956304,650.5596370956304,650.5596370956304,650.5596370956304,650.5596370956304,650.5596370956304,650.5596370956304,650.5596370956304,650.5596370956304,650.5596370956304,650.5596370956304,650.5596370956304,650.5596370956304,650.5596370956304,650.5596370956304,650.5596370956304,650.5596370956304,650.5596370956304,650.5596370956304,650.5596370956304,650.5596370956304,650.5596370956304,650.5596370956304,650.5596370956304,650.5596370956304,650.5596370956304,650.5596370956304,650.5596370956304,650.5596370956304,650.5596370956304,650.5596370956304,650.5596370956304,650.5596370956304,650.5596370956304,650.5596370956304,650.5596370956304,650.5596370956304,650.5596370956304,650.5596370956304,650.5596370956304,650.5596370956304,650.5596370956304,650.5596370956304,650.5596370956304,650.5596370956304,650.5596370956304,650.5596370956304,650.5596370956304,650.5596370956304,650.5596370956304,650.5596370956304,650.5596370956304,650.5596370956304,650.5596370956304,650.5596370956304,650.5596370956304,650.5596370956304,650.5596370956304,650.5596370956304,650.5596370956304,650.5596370956304,650.5596370956304,650.5596370956304,650.5596370956304,650.5596370956304,650.5596370956304,650.5596370956304,650.5596370956304,650.5596370956304,650.5596370956304,650.5596370956304,650.5596370956304,650.5596370956304,650.5596370956304,650.5596370956304,650.5596370956304,650.5596370956304,650.5596370956304,650.5596370956304,650.5596370956304,650.5596370956304,650.5596370956304,650.5596370956304,650.5596370956304,650.5596370956304,650.5596370956304,650.5596370956304,650.5596370956304,650.5596370956304,650.5596370956304,650.5596370956304,650.5596370956304,650.5596370956304,650.5596370956304,650.5596370956304,650.5596370956304,650.5596370956304,650.5596370956304,650.5596370956304,650.5596370956304,650.5596370956304,650.5596370956304,650.5596370956304,650.5596370956304,650.5596370956304,650.5596370956304,650.5596370956304,650.5596370956304,650.5596370956304,650.5596370956304,650.5596370956304,650.5596370956304,650.5596370956304,650.5596370956304,650.5596370956304,650.5596370956304,650.5596370956304,650.5596370956304,650.5596370956304,650.5596370956304,650.5596370956304,650.5596370956304,650.5596370956304,650.5596370956304,650.5596370956304,650.5596370956304,650.5596370956304,650.5596370956304,650.5596370956304,650.5596370956304,650.5596370956304,650.5596370956304,650.5596370956304,650.5596370956304,650.5596370956304,650.5596370956304,650.5596370956304,650.5596370956304,650.5596370956304,650.5596370956304,650.5596370956304,650.5596370956304,650.5596370956304,650.5596370956304,650.5596370956304,650.5596370956304,650.5596370956304,650.5596370956304,650.5596370956304,650.5596370956304,650.5596370956304,650.5596370956304,650.5596370956304,650.5596370956304,650.5596370956304,650.5596370956304,650.5596370956304,650.5596370956304,650.5596370956304,650.5596370956304,650.5596370956304,650.5596370956304,650.5596370956304,650.5596370956304,650.5596370956304,650.5596370956304,650.5596370956304,650.5596370956304,650.5596370956304,650.5596370956304,650.5596370956304,650.5596370956304,650.5596370956304,650.5596370956304,650.5596370956304,650.5596370956304,650.5596370956304,650.5596370956304,650.5596370956304,650.5596370956304,650.5596370956304,650.5596370956304,650.5596370956304,650.5596370956304,650.5596370956304,650.5596370956304,650.5596370956304,650.5596370956304,650.5596370956304]"
RC101,25,QACO,18,664.3037810712414,4.692009300022619,138,True,300,"[791.8181888257151,791.8181888257151,791.8181888257151,743.9595283272813,743.9595283272813,743.9595283272813,743.0189439903854,743.0189439903854,743.0189439903854,667.2475900455635,667.2475900455635,667.2475900455635,667.2475900455635,667.2475900455635,667.2475900455635,667.2475900455635,667.2475900455635,667.2475900455635,667.2475900455635,667.2475900455635,667.2475900455635,667.2475900455635,667.2475900455635,667.2475900455635,667.2475900455635,667.2475900455635,667.2475900455635,667.2475900455635,667.2475900455635,667.2475900455635,667.2475900455635,667.2475900455635,667.2475900455635,667.2475900455635,667.2475900455635,667.2475900455635,667.2475900455635,667.2475900455635,667.2475900455635,667.2475900455635,667.2475900455635,667.2475900455635,667.2475900455635,667.2475900455635,667.2475900455635,667.2475900455635,667.2475900455635,667.2475900455635,667.2475900455635,667.2475900455635,667.2475900455635,667.2475900455635,667.2475900455635,667.2475900455635,667.2475900455635,667.2475900455635,667.2475900455635,667.2475900455635,667.2475900455635,667.2475900455635,667.2475900455635,667.2475900455635,667.2475900455635,667.2475900455635,667.2475900455635,667.2475900455635,667.2475900455635,667.2475900455635,667.2475900455635,667.2475900455635,667.2475900455635,667.2475900455635,667.2475900455635,667.2475900455635,667.2475900455635,667.2475900455635,667.2475900455635,667.2475900455635,667.2475900455635,667.2475900455635,667.2475900455635,667.2475900455635,667.2475900455635,667.2475900455635,667.2475900455635,667.2475900455635,667.2475900455635,667.2475900455635,667.2475900455635,667.2475900455635,667.2475900455635,667.2475900455635,667.2475900455635,667.2475900455635,667.2475900455635,667.2475900455635,667.2475900455635,667.2475900455635,667.2475900455635,667.2475900455635,667.2475900455635,667.2475900455635,667.2475900455635,667.2475900455635,667.2475900455635,667.2475900455635,667.2475900455635,667.2475900455635,667.2475900455635,667.2475900455635,667.2475900455635,667.2475900455635,667.2475900455635,667.2475900455635,667.2475900455635,667.2475900455635,667.2475900455635,667.2475900455635,667.2475900455635,667.2475900455635,667.2475900455635,667.2475900455635,667.2475900455635,667.2475900455635,667.2475900455635,667.2475900455635,667.2475900455635,667.2475900455635,667.2475900455635,667.2475900455635,667.2475900455635,667.2475900455635,667.2475900455635,667.2475900455635,667.2475900455635,667.2475900455635,667.2475900455635,664.3037810712414,664.3037810712414,664.3037810712414,664.3037810712414,664.3037810712414,664.3037810712414,664.3037810712414,664.3037810712414,664.3037810712414,664.3037810712414,664.3037810712414,664.3037810712414,664.3037810712414,664.3037810712414,664.3037810712414,664.3037810712414,664.3037810712414,664.3037810712414,664.3037810712414,664.3037810712414,664.3037810712414,664.3037810712414,664.3037810712414,664.3037810712414,664.3037810712414,664.3037810712414,664.3037810712414,664.3037810712414,664.3037810712414,664.3037810712414,664.3037810712414,664.3037810712414,664.3037810712414,664.3037810712414,664.3037810712414,664.3037810712414,664.3037810712414,664.3037810712414,664.3037810712414,664.3037810712414,664.3037810712414,664.3037810712414,664.3037810712414,664.3037810712414,664.3037810712414,664.3037810712414,664.3037810712414,664.3037810712414,664.3037810712414,664.3037810712414,664.3037810712414,664.3037810712414,664.3037810712414,664.3037810712414,664.3037810712414,664.3037810712414,664.3037810712414,664.3037810712414,664.3037810712414,664.3037810712414,664.3037810712414,664.3037810712414,664.3037810712414,664.3037810712414,664.3037810712414,664.3037810712414,664.3037810712414,664.3037810712414,664.3037810712414,664.3037810712414,664.3037810712414,664.3037810712414,664.3037810712414,664.3037810712414,664.3037810712414,664.3037810712414,664.3037810712414,664.3037810712414,664.3037810712414,664.3037810712414,664.3037810712414,664.3037810712414,664.3037810712414,664.3037810712414,664.3037810712414,664.3037810712414,664.3037810712414,664.3037810712414,664.3037810712414,664.3037810712414,664.3037810712414,664.3037810712414,664.3037810712414,664.3037810712414,664.3037810712414,664.3037810712414,664.3037810712414,664.3037810712414,664.3037810712414,664.3037810712414,664.3037810712414,664.3037810712414,664.3037810712414,664.3037810712414,664.3037810712414,664.3037810712414,664.3037810712414,664.3037810712414,664.3037810712414,664.3037810712414,664.3037810712414,664.3037810712414,664.3037810712414,664.3037810712414,664.3037810712414,664.3037810712414,664.3037810712414,664.3037810712414,664.3037810712414,664.3037810712414,664.3037810712414,664.3037810712414,664.3037810712414,664.3037810712414,664.3037810712414,664.3037810712414,664.3037810712414,664.3037810712414,664.3037810712414,664.3037810712414,664.3037810712414,664.3037810712414,664.3037810712414,664.3037810712414,664.3037810712414,664.3037810712414,664.3037810712414,664.3037810712414,664.3037810712414,664.3037810712414,664.3037810712414,664.3037810712414,664.3037810712414,664.3037810712414,664.3037810712414,664.3037810712414,664.3037810712414,664.3037810712414,664.3037810712414,664.3037810712414,664.3037810712414,664.3037810712414,664.3037810712414,664.3037810712414,664.3037810712414,664.3037810712414,664.3037810712414,664.3037810712414,664.3037810712414,664.3037810712414,664.3037810712414,664.3037810712414,664.3037810712414]"
RC101,25,QACO,19,621.4586036734859,4.284774900006596,186,True,300,"[812.3413509320267,812.3413509320267,768.0399150321045,768.0399150321045,751.716858570711,751.716858570711,751.716858570711,751.716858570711,736.6445232858675,736.6445232858675,736.6445232858675,736.6445232858675,736.6445232858675,715.7852305662195,715.7852305662195,715.7852305662195,715.7852305662195,715.7852305662195,715.7852305662195,715.7852305662195,674.5133520416706,674.5133520416706,674.5133520416706,674.5133520416706,674.5133520416706,674.5133520416706,674.5133520416706,674.5133520416706,674.5133520416706,674.5133520416706,674.5133520416706,674.5133520416706,674.5133520416706,674.5133520416706,674.5133520416706,674.5133520416706,674.5133520416706,674.5133520416706,674.5133520416706,674.5133520416706,674.5133520416706,674.5133520416706,674.5133520416706,674.5133520416706,674.5133520416706,674.5133520416706,674.5133520416706,674.5133520416706,674.5133520416706,674.5133520416706,674.5133520416706,674.5133520416706,674.5133520416706,674.5133520416706,674.5133520416706,674.5133520416706,674.5133520416706,674.5133520416706,674.5133520416706,674.5133520416706,674.5133520416706,674.5133520416706,674.5133520416706,674.5133520416706,674.5133520416706,674.5133520416706,669.4196961305327,669.4196961305327,669.4196961305327,669.4196961305327,669.4196961305327,669.4196961305327,669.4196961305327,669.4196961305327,669.4196961305327,669.4196961305327,669.4196961305327,669.4196961305327,669.4196961305327,669.4196961305327,669.4196961305327,669.4196961305327,669.4196961305327,669.4196961305327,669.4196961305327,669.4196961305327,669.4196961305327,669.4196961305327,669.4196961305327,669.4196961305327,669.4196961305327,669.4196961305327,669.4196961305327,669.4196961305327,669.4196961305327,669.4196961305327,639.8438956955082,639.8438956955082,639.8438956955082,639.8438956955082,639.8438956955082,639.8438956955082,639.8438956955082,639.8438956955082,639.8438956955082,639.8438956955082,639.8438956955082,639.8438956955082,639.8438956955082,639.8438956955082,639.8438956955082,639.8438956955082,639.8438956955082,639.8438956955082,639.8438956955082,639.8438956955082,639.8438956955082,639.8438956955082,639.8438956955082,639.8438956955082,639.8438956955082,639.8438956955082,639.8438956955082,639.8438956955082,639.8438956955082,639.8438956955082,639.8438956955082,639.8438956955082,639.8438956955082,639.8438956955082,639.8438956955082,639.8438956955082,639.8438956955082,639.8438956955082,639.8438956955082,639.8438956955082,639.8438956955082,639.8438956955082,639.8438956955082,639.8438956955082,639.8438956955082,639.8438956955082,639.8438956955082,639.8438956955082,639.8438956955082,639.8438956955082,639.8438956955082,639.8438956955082,639.8438956955082,639.8438956955082,639.8438956955082,639.8438956955082,639.8438956955082,639.8438956955082,639.8438956955082,639.8438956955082,639.8438956955082,639.8438956955082,639.8438956955082,639.8438956955082,639.8438956955082,639.8438956955082,639.8438956955082,639.8438956955082,639.8438956955082,639.8438956955082,639.8438956955082,639.8438956955082,639.8438956955082,639.8438956955082,639.8438956955082,639.8438956955082,639.8438956955082,639.8438956955082,639.8438956955082,639.8438956955082,639.8438956955082,639.8438956955082,639.8438956955082,639.8438956955082,639.8438956955082,639.8438956955082,639.8438956955082,639.8438956955082,639.8438956955082,621.4586036734859,621.4586036734859,621.4586036734859,621.4586036734859,621.4586036734859,621.4586036734859,621.4586036734859,621.4586036734859,621.4586036734859,621.4586036734859,621.4586036734859,621.4586036734859,621.4586036734859,621.4586036734859,621.4586036734859,621.4586036734859,621.4586036734859,621.4586036734859,621.4586036734859,621.4586036734859,621.4586036734859,621.4586036734859,621.4586036734859,621.4586036734859,621.4586036734859,621.4586036734859,621.4586036734859,621.4586036734859,621.4586036734859,621.4586036734859,621.4586036734859,621.4586036734859,621.4586036734859,621.4586036734859,621.4586036734859,621.4586036734859,621.4586036734859,621.4586036734859,621.4586036734859,621.4586036734859,621.4586036734859,621.4586036734859,621.4586036734859,621.4586036734859,621.4586036734859,621.4586036734859,621.4586036734859,621.4586036734859,621.4586036734859,621.4586036734859,621.4586036734859,621.4586036734859,621.4586036734859,621.4586036734859,621.4586036734859,621.4586036734859,621.4586036734859,621.4586036734859,621.4586036734859,621.4586036734859,621.4586036734859,621.4586036734859,621.4586036734859,621.4586036734859,621.4586036734859,621.4586036734859,621.4586036734859,621.4586036734859,621.4586036734859,621.4586036734859,621.4586036734859,621.4586036734859,621.4586036734859,621.4586036734859,621.4586036734859,621.4586036734859,621.4586036734859,621.4586036734859,621.4586036734859,621.4586036734859,621.4586036734859,621.4586036734859,621.4586036734859,621.4586036734859,621.4586036734859,621.4586036734859,621.4586036734859,621.4586036734859,621.4586036734859,621.4586036734859,621.4586036734859,621.4586036734859,621.4586036734859,621.4586036734859,621.4586036734859,621.4586036734859,621.4586036734859,621.4586036734859,621.4586036734859,621.4586036734859,621.4586036734859,621.4586036734859,621.4586036734859,621.4586036734859,621.4586036734859,621.4586036734859,621.4586036734859,621.4586036734859,621.4586036734859,621.4586036734859,621.4586036734859,621.4586036734859,621.4586036734859,621.4586036734859,621.4586036734859]"
RC101,25,QACO,20,614.6183262834529,4.935364100005245,184,True,300,"[807.2800872489024,675.8783865834263,675.8783865834263,675.8783865834263,675.8783865834263,675.8783865834263,675.8783865834263,675.8783865834263,675.8783865834263,675.8783865834263,675.8783865834263,675.8783865834263,675.8783865834263,675.8783865834263,675.8783865834263,675.8783865834263,675.8783865834263,675.8783865834263,675.8783865834263,675.8783865834263,675.8783865834263,674.257109119556,674.257109119556,674.257109119556,670.3313051300847,670.3313051300847,670.3313051300847,670.3313051300847,670.3313051300847,670.3313051300847,670.3313051300847,670.3313051300847,670.3313051300847,670.3313051300847,670.3313051300847,670.3313051300847,670.3313051300847,670.3313051300847,670.3313051300847,670.3313051300847,670.3313051300847,670.3313051300847,670.3313051300847,670.3313051300847,670.3313051300847,670.3313051300847,670.3313051300847,670.3313051300847,670.3313051300847,670.3313051300847,670.3313051300847,670.3313051300847,670.3313051300847,670.3313051300847,670.3313051300847,670.3313051300847,670.3313051300847,670.3313051300847,670.3313051300847,670.3313051300847,670.3313051300847,670.3313051300847,670.3313051300847,670.3313051300847,670.3313051300847,670.3313051300847,670.3313051300847,670.3313051300847,670.3313051300847,670.3313051300847,670.3313051300847,670.3313051300847,670.3313051300847,670.3313051300847,670.3313051300847,670.3313051300847,670.3313051300847,670.3313051300847,670.3313051300847,670.3313051300847,670.3313051300847,670.3313051300847,670.3313051300847,670.3313051300847,670.3313051300847,670.3313051300847,670.3313051300847,670.3313051300847,670.3313051300847,670.3313051300847,670.3313051300847,670.3313051300847,670.3313051300847,670.3313051300847,670.3313051300847,670.3313051300847,670.3313051300847,670.3313051300847,670.3313051300847,670.3313051300847,670.3313051300847,670.3313051300847,670.3313051300847,670.3313051300847,670.3313051300847,670.3313051300847,670.3313051300847,670.3313051300847,670.3313051300847,670.3313051300847,670.3313051300847,670.3313051300847,670.3313051300847,670.3313051300847,670.3313051300847,670.3313051300847,670.3313051300847,670.3313051300847,670.3313051300847,670.3313051300847,670.3313051300847,670.3313051300847,670.3313051300847,670.3313051300847,670.3313051300847,670.3313051300847,670.3313051300847,670.3313051300847,670.3313051300847,670.3313051300847,670.3313051300847,670.3313051300847,670.3313051300847,670.3313051300847,670.3313051300847,670.3313051300847,670.3313051300847,670.3313051300847,670.3313051300847,670.3313051300847,670.3313051300847,670.3313051300847,670.3313051300847,670.3313051300847,670.3313051300847,670.3313051300847,670.3313051300847,670.3313051300847,670.3313051300847,670.3313051300847,670.3313051300847,670.3313051300847,670.3313051300847,670.3313051300847,670.3313051300847,670.3313051300847,670.3313051300847,670.3313051300847,670.3313051300847,670.3313051300847,670.3313051300847,670.3313051300847,670.3313051300847,670.3313051300847,670.3313051300847,670.3313051300847,670.3313051300847,670.3313051300847,670.3313051300847,670.3313051300847,670.3313051300847,670.3313051300847,670.3313051300847,670.3313051300847,670.3313051300847,670.3313051300847,670.3313051300847,670.3313051300847,670.3313051300847,670.3313051300847,670.3313051300847,670.3313051300847,670.3313051300847,614.6183262834529,614.6183262834529,614.6183262834529,614.6183262834529,614.6183262834529,614.6183262834529,614.6183262834529,614.6183262834529,614.6183262834529,614.6183262834529,614.6183262834529,614.6183262834529,614.6183262834529,614.6183262834529,614.6183262834529,614.6183262834529,614.6183262834529,614.6183262834529,614.6183262834529,614.6183262834529,614.6183262834529,614.6183262834529,614.6183262834529,614.6183262834529,614.6183262834529,614.6183262834529,614.6183262834529,614.6183262834529,614.6183262834529,614.6183262834529,614.6183262834529,614.6183262834529,614.6183262834529,614.6183262834529,614.6183262834529,614.6183262834529,614.6183262834529,614.6183262834529,614.6183262834529,614.6183262834529,614.6183262834529,614.6183262834529,614.6183262834529,614.6183262834529,614.6183262834529,614.6183262834529,614.6183262834529,614.6183262834529,614.6183262834529,614.6183262834529,614.6183262834529,614.6183262834529,614.6183262834529,614.6183262834529,614.6183262834529,614.6183262834529,614.6183262834529,614.6183262834529,614.6183262834529,614.6183262834529,614.6183262834529,614.6183262834529,614.6183262834529,614.6183262834529,614.6183262834529,614.6183262834529,614.6183262834529,614.6183262834529,614.6183262834529,614.6183262834529,614.6183262834529,614.6183262834529,614.6183262834529,614.6183262834529,614.6183262834529,614.6183262834529,614.6183262834529,614.6183262834529,614.6183262834529,614.6183262834529,614.6183262834529,614.6183262834529,614.6183262834529,614.6183262834529,614.6183262834529,614.6183262834529,614.6183262834529,614.6183262834529,614.6183262834529,614.6183262834529,614.6183262834529,614.6183262834529,614.6183262834529,614.6183262834529,614.6183262834529,614.6183262834529,614.6183262834529,614.6183262834529,614.6183262834529,614.6183262834529,614.6183262834529,614.6183262834529,614.6183262834529,614.6183262834529,614.6183262834529,614.6183262834529,614.6183262834529,614.6183262834529,614.6183262834529,614.6183262834529,614.6183262834529,614.6183262834529,614.6183262834529,614.6183262834529,614.6183262834529,614.6183262834529,614.6183262834529]"
RC101,25,QACO,21,669.997417252179,4.942479200020898,293,True,300,"[877.1254362358089,751.0354095558939,751.0354095558939,716.076250551185,716.076250551185,716.076250551185,716.076250551185,716.076250551185,716.076250551185,716.076250551185,716.076250551185,716.076250551185,716.076250551185,716.076250551185,716.076250551185,716.076250551185,716.076250551185,716.076250551185,702.968450253652,679.56684673367,679.56684673367,679.56684673367,679.56684673367,679.56684673367,679.56684673367,679.56684673367,679.56684673367,679.56684673367,679.56684673367,679.56684673367,679.56684673367,679.56684673367,679.56684673367,679.56684673367,679.56684673367,679.56684673367,679.56684673367,679.56684673367,679.56684673367,679.56684673367,679.56684673367,679.56684673367,679.56684673367,679.56684673367,679.56684673367,679.56684673367,679.56684673367,679.56684673367,679.56684673367,679.56684673367,679.56684673367,679.56684673367,679.56684673367,679.56684673367,679.56684673367,679.56684673367,679.56684673367,679.56684673367,679.56684673367,679.56684673367,679.56684673367,679.56684673367,679.56684673367,679.56684673367,679.56684673367,679.56684673367,679.56684673367,679.56684673367,679.56684673367,676.4857726063296,676.4857726063296,676.4857726063296,676.4857726063296,676.4857726063296,676.4857726063296,676.4857726063296,676.4857726063296,676.4857726063296,676.4857726063296,676.4857726063296,676.4857726063296,676.4857726063296,676.4857726063296,676.4857726063296,676.4857726063296,676.4857726063296,676.4857726063296,676.4857726063296,676.4857726063296,676.4857726063296,676.4857726063296,676.4857726063296,676.4857726063296,676.4857726063296,676.4857726063296,676.4857726063296,676.4857726063296,676.4857726063296,676.4857726063296,676.4857726063296,676.4857726063296,676.4857726063296,676.4857726063296,676.4857726063296,676.4857726063296,676.4857726063296,676.4857726063296,676.4857726063296,676.4857726063296,676.4857726063296,676.4857726063296,676.4857726063296,676.4857726063296,676.4857726063296,676.4857726063296,676.4857726063296,676.4857726063296,676.4857726063296,676.4857726063296,676.4857726063296,676.4857726063296,676.4857726063296,676.4857726063296,676.4857726063296,676.4857726063296,676.4857726063296,676.4857726063296,676.4857726063296,676.4857726063296,676.4857726063296,676.4857726063296,676.4857726063296,676.4857726063296,676.4857726063296,676.4857726063296,676.4857726063296,676.4857726063296,676.4857726063296,676.4857726063296,676.4857726063296,676.4857726063296,676.4857726063296,676.4857726063296,676.4857726063296,676.4857726063296,676.4857726063296,676.4857726063296,676.4857726063296,676.4857726063296,676.4857726063296,676.4857726063296,676.4857726063296,676.4857726063296,676.4857726063296,676.4857726063296,676.4857726063296,676.4857726063296,676.4857726063296,676.4857726063296,676.4857726063296,676.4857726063296,676.4857726063296,676.4857726063296,676.4857726063296,676.4857726063296,676.4857726063296,676.4857726063296,676.4857726063296,676.4857726063296,676.4857726063296,676.4857726063296,676.4857726063296,676.4857726063296,676.4857726063296,676.4857726063296,676.4857726063296,676.4857726063296,676.4857726063296,676.4857726063296,676.4857726063296,676.4857726063296,676.4857726063296,676.4857726063296,676.4857726063296,676.4857726063296,676.4857726063296,676.4857726063296,676.4857726063296,676.4857726063296,676.4857726063296,676.4857726063296,676.4857726063296,676.4857726063296,676.4857726063296,676.4857726063296,676.4857726063296,676.4857726063296,676.4857726063296,676.4857726063296,676.4857726063296,676.4857726063296,676.4857726063296,676.4857726063296,676.4857726063296,676.4857726063296,676.4857726063296,676.4857726063296,676.4857726063296,676.4857726063296,676.4857726063296,676.4857726063296,676.4857726063296,676.4857726063296,676.4857726063296,676.4857726063296,676.4857726063296,676.4857726063296,676.4857726063296,676.4857726063296,676.4857726063296,676.4857726063296,676.4857726063296,676.4857726063296,676.4857726063296,676.4857726063296,676.4857726063296,676.4857726063296,676.4857726063296,676.4857726063296,676.4857726063296,676.4857726063296,676.4857726063296,676.4857726063296,676.4857726063296,676.4857726063296,676.4857726063296,676.4857726063296,676.4857726063296,676.4857726063296,676.4857726063296,676.4857726063296,676.4857726063296,676.4857726063296,676.4857726063296,676.4857726063296,676.4857726063296,676.4857726063296,676.4857726063296,676.4857726063296,676.4857726063296,676.4857726063296,676.4857726063296,676.4857726063296,676.4857726063296,676.4857726063296,676.4857726063296,676.4857726063296,676.4857726063296,676.4857726063296,676.4857726063296,676.4857726063296,676.4857726063296,676.4857726063296,676.4857726063296,676.4857726063296,676.4857726063296,676.4857726063296,676.4857726063296,676.4857726063296,676.4857726063296,676.4857726063296,673.668043645459,673.668043645459,673.668043645459,673.668043645459,673.668043645459,673.668043645459,673.668043645459,673.668043645459,673.668043645459,673.668043645459,673.668043645459,673.668043645459,673.668043645459,673.668043645459,673.668043645459,673.668043645459,673.668043645459,673.668043645459,673.668043645459,673.668043645459,673.668043645459,669.997417252179,669.997417252179,669.997417252179,669.997417252179,669.997417252179,669.997417252179,669.997417252179,669.997417252179]"
RC101,25,QACO,22,665.0101397763467,4.669243899988942,123,True,300,"[736.8841224670075,736.8841224670075,736.8841224670075,725.0326296032214,725.0326296032214,725.0326296032214,725.0326296032214,725.0326296032214,725.0326296032214,725.0326296032214,725.0326296032214,679.5668467336701,679.5668467336701,679.5668467336701,679.5668467336701,679.5668467336701,672.9315720279445,672.9315720279445,672.9315720279445,672.9315720279445,672.9315720279445,672.9315720279445,672.9315720279445,672.9315720279445,672.9315720279445,672.9315720279445,672.9315720279445,672.9315720279445,672.9315720279445,672.9315720279445,672.9315720279445,672.9315720279445,672.9315720279445,672.9315720279445,672.9315720279445,672.9315720279445,672.9315720279445,672.9315720279445,672.9315720279445,672.9315720279445,672.9315720279445,672.9315720279445,672.9315720279445,672.9315720279445,672.9315720279445,672.9315720279445,672.9315720279445,672.9315720279445,672.9315720279445,672.9315720279445,672.9315720279445,672.9315720279445,672.9315720279445,672.9315720279445,672.9315720279445,672.9315720279445,672.9315720279445,672.9315720279445,672.9315720279445,672.9315720279445,672.9315720279445,672.9315720279445,672.9315720279445,672.9315720279445,672.9315720279445,672.9315720279445,672.9315720279445,672.9315720279445,672.9315720279445,672.9315720279445,668.9144452637078,668.9144452637078,668.9144452637078,668.9144452637078,668.9144452637078,668.9144452637078,668.9144452637078,668.9144452637078,668.9144452637078,668.9144452637078,668.9144452637078,668.9144452637078,668.9144452637078,668.9144452637078,668.9144452637078,668.9144452637078,668.9144452637078,668.9144452637078,668.9144452637078,668.9144452637078,668.9144452637078,668.9144452637078,668.9144452637078,668.9144452637078,668.9144452637078,668.9144452637078,668.9144452637078,668.9144452637078,668.9144452637078,668.9144452637078,668.9144452637078,668.9144452637078,668.9144452637078,668.9144452637078,668.9144452637078,668.9144452637078,668.9144452637078,668.9144452637078,668.9144452637078,668.9144452637078,668.9144452637078,668.9144452637078,668.9144452637078,668.9144452637078,668.9144452637078,668.9144452637078,668.9144452637078,668.9144452637078,668.9144452637078,668.9144452637078,668.9144452637078,668.9144452637078,665.0101397763467,665.0101397763467,665.0101397763467,665.0101397763467,665.0101397763467,665.0101397763467,665.0101397763467,665.0101397763467,665.0101397763467,665.0101397763467,665.0101397763467,665.0101397763467,665.0101397763467,665.0101397763467,665.0101397763467,665.0101397763467,665.0101397763467,665.0101397763467,665.0101397763467,665.0101397763467,665.0101397763467,665.0101397763467,665.0101397763467,665.0101397763467,665.0101397763467,665.0101397763467,665.0101397763467,665.0101397763467,665.0101397763467,665.0101397763467,665.0101397763467,665.0101397763467,665.0101397763467,665.0101397763467,665.0101397763467,665.0101397763467,665.0101397763467,665.0101397763467,665.0101397763467,665.0101397763467,665.0101397763467,665.0101397763467,665.0101397763467,665.0101397763467,665.0101397763467,665.0101397763467,665.0101397763467,665.0101397763467,665.0101397763467,665.0101397763467,665.0101397763467,665.0101397763467,665.0101397763467,665.0101397763467,665.0101397763467,665.0101397763467,665.0101397763467,665.0101397763467,665.0101397763467,665.0101397763467,665.0101397763467,665.0101397763467,665.0101397763467,665.0101397763467,665.0101397763467,665.0101397763467,665.0101397763467,665.0101397763467,665.0101397763467,665.0101397763467,665.0101397763467,665.0101397763467,665.0101397763467,665.0101397763467,665.0101397763467,665.0101397763467,665.0101397763467,665.0101397763467,665.0101397763467,665.0101397763467,665.0101397763467,665.0101397763467,665.0101397763467,665.0101397763467,665.0101397763467,665.0101397763467,665.0101397763467,665.0101397763467,665.0101397763467,665.0101397763467,665.0101397763467,665.0101397763467,665.0101397763467,665.0101397763467,665.0101397763467,665.0101397763467,665.0101397763467,665.0101397763467,665.0101397763467,665.0101397763467,665.0101397763467,665.0101397763467,665.0101397763467,665.0101397763467,665.0101397763467,665.0101397763467,665.0101397763467,665.0101397763467,665.0101397763467,665.0101397763467,665.0101397763467,665.0101397763467,665.0101397763467,665.0101397763467,665.0101397763467,665.0101397763467,665.0101397763467,665.0101397763467,665.0101397763467,665.0101397763467,665.0101397763467,665.0101397763467,665.0101397763467,665.0101397763467,665.0101397763467,665.0101397763467,665.0101397763467,665.0101397763467,665.0101397763467,665.0101397763467,665.0101397763467,665.0101397763467,665.0101397763467,665.0101397763467,665.0101397763467,665.0101397763467,665.0101397763467,665.0101397763467,665.0101397763467,665.0101397763467,665.0101397763467,665.0101397763467,665.0101397763467,665.0101397763467,665.0101397763467,665.0101397763467,665.0101397763467,665.0101397763467,665.0101397763467,665.0101397763467,665.0101397763467,665.0101397763467,665.0101397763467,665.0101397763467,665.0101397763467,665.0101397763467,665.0101397763467,665.0101397763467,665.0101397763467,665.0101397763467,665.0101397763467,665.0101397763467,665.0101397763467,665.0101397763467,665.0101397763467,665.0101397763467,665.0101397763467,665.0101397763467,665.0101397763467,665.0101397763467,665.0101397763467,665.0101397763467,665.0101397763467,665.0101397763467,665.0101397763467,665.0101397763467,665.0101397763467,665.0101397763467]"
RC101,25,QACO,23,663.9486758185258,5.0005581000004895,162,True,265,"[807.2502072717336,800.0572863931599,761.5272910216656,761.5272910216656,679.5292232684089,679.5292232684089,679.5292232684089,679.5292232684089,679.5292232684089,679.5292232684089,679.5292232684089,679.5292232684089,679.5292232684089,679.5292232684089,679.5292232684089,679.5292232684089,679.5292232684089,679.5292232684089,679.5292232684089,679.5292232684089,679.5292232684089,679.5292232684089,679.5292232684089,679.5292232684089,679.5292232684089,679.5292232684089,679.5292232684089,679.5292232684089,679.5292232684089,679.5292232684089,679.5292232684089,679.5292232684089,679.5292232684089,679.5292232684089,679.5292232684089,679.5292232684089,679.5292232684089,679.5292232684089,679.5292232684089,679.5292232684089,679.5292232684089,679.5292232684089,679.5292232684089,679.5292232684089,679.5292232684089,679.5292232684089,679.5292232684089,679.5292232684089,679.5292232684089,679.5292232684089,679.5292232684089,679.5292232684089,679.5292232684089,679.5292232684089,679.5292232684089,679.5292232684089,679.5292232684089,679.5292232684089,679.5292232684089,679.5292232684089,679.5292232684089,679.5292232684089,679.5292232684089,679.5292232684089,679.5292232684089,679.5292232684089,679.5292232684089,679.5292232684089,679.5292232684089,679.5292232684089,679.5292232684089,679.5292232684089,679.5292232684089,679.5292232684089,679.5292232684089,679.5292232684089,679.5292232684089,679.5292232684089,679.5292232684089,679.5292232684089,679.5292232684089,679.5292232684089,679.5292232684089,679.5292232684089,679.5292232684089,679.5292232684089,679.5292232684089,679.5292232684089,679.5292232684089,679.5292232684089,679.5292232684089,679.5292232684089,679.5292232684089,679.5292232684089,679.5292232684089,679.5292232684089,679.5292232684089,679.5292232684089,679.5292232684089,679.5292232684089,679.5292232684089,679.5292232684089,679.5292232684089,679.5292232684089,679.5292232684089,679.5292232684089,679.5292232684089,679.5292232684089,679.5292232684089,679.5292232684089,679.5292232684089,679.5292232684089,674.4872014560307,674.4872014560307,674.4872014560307,674.4872014560307,674.4872014560307,674.4872014560307,674.4872014560307,674.4872014560307,674.4872014560307,674.4872014560307,674.4872014560307,674.4872014560307,674.4872014560307,674.4872014560307,674.4872014560307,674.4872014560307,674.4872014560307,674.4872014560307,674.4872014560307,674.4872014560307,674.4872014560307,674.4872014560307,674.4872014560307,674.4872014560307,674.4872014560307,674.4872014560307,674.4872014560307,674.4872014560307,674.4872014560307,674.4872014560307,674.4872014560307,674.4872014560307,674.4872014560307,674.4872014560307,674.4872014560307,674.4872014560307,674.4872014560307,674.4872014560307,674.4872014560307,674.4872014560307,674.4872014560307,674.4872014560307,674.0996270106201,674.0996270106201,674.0996270106201,674.0996270106201,674.0996270106201,674.0996270106201,674.0996270106201,663.9486758185258,663.9486758185258,663.9486758185258,663.9486758185258,663.9486758185258,663.9486758185258,663.9486758185258,663.9486758185258,663.9486758185258,663.9486758185258,663.9486758185258,663.9486758185258,663.9486758185258,663.9486758185258,663.9486758185258,663.9486758185258,663.9486758185258,663.9486758185258,663.9486758185258,663.9486758185258,663.9486758185258,663.9486758185258,663.9486758185258,663.9486758185258,663.9486758185258,663.9486758185258,663.9486758185258,663.9486758185258,663.9486758185258,663.9486758185258,663.9486758185258,663.9486758185258,663.9486758185258,663.9486758185258,663.9486758185258,663.9486758185258,663.9486758185258,663.9486758185258,663.9486758185258,663.9486758185258,663.9486758185258,663.9486758185258,663.9486758185258,663.9486758185258,663.9486758185258,663.9486758185258,663.9486758185258,663.9486758185258,663.9486758185258,663.9486758185258,663.9486758185258,663.9486758185258,663.9486758185258,663.9486758185258,663.9486758185258,663.9486758185258,663.9486758185258,663.9486758185258,663.9486758185258,663.9486758185258,663.9486758185258,663.9486758185258,663.9486758185258,663.9486758185258,663.9486758185258,663.9486758185258,663.9486758185258,663.9486758185258,663.9486758185258,663.9486758185258,663.9486758185258,663.9486758185258,663.9486758185258,663.9486758185258,663.9486758185258,663.9486758185258,663.9486758185258,663.9486758185258,663.9486758185258,663.9486758185258,663.9486758185258,663.9486758185258,663.9486758185258,663.9486758185258,663.9486758185258,663.9486758185258,663.9486758185258,663.9486758185258,663.9486758185258,663.9486758185258,663.9486758185258,663.9486758185258,663.9486758185258,663.9486758185258,663.9486758185258,663.9486758185258,663.9486758185258,663.9486758185258,663.9486758185258,663.9486758185258,663.9486758185258,663.9486758185258,663.9486758185258,663.9486758185258]"
RC101,25,QACO,24,668.0062085183696,4.835465399984969,45,True,300,"[757.9485929365094,757.9485929365094,757.9485929365094,737.1025623833353,737.1025623833353,737.1025623833353,737.1025623833353,737.1025623833353,737.1025623833353,737.1025623833353,677.9879205766467,677.9879205766467,677.9879205766467,677.9879205766467,677.9879205766467,677.9879205766467,677.9879205766467,677.9879205766467,677.9879205766467,677.9879205766467,677.9879205766467,674.6995582894567,674.6995582894567,674.6995582894567,674.6995582894567,674.6995582894567,674.6995582894567,674.6995582894567,674.6995582894567,674.6995582894567,674.6995582894567,674.6995582894567,674.6995582894567,674.6995582894567,674.6995582894567,674.6995582894567,674.6995582894567,674.6995582894567,674.6995582894567,674.6995582894567,674.6995582894567,674.6995582894567,674.6995582894567,674.6995582894567,668.0062085183696,668.0062085183696,668.0062085183696,668.0062085183696,668.0062085183696,668.0062085183696,668.0062085183696,668.0062085183696,668.0062085183696,668.0062085183696,668.0062085183696,668.0062085183696,668.0062085183696,668.0062085183696,668.0062085183696,668.0062085183696,668.0062085183696,668.0062085183696,668.0062085183696,668.0062085183696,668.0062085183696,668.0062085183696,668.0062085183696,668.0062085183696,668.0062085183696,668.0062085183696,668.0062085183696,668.0062085183696,668.0062085183696,668.0062085183696,668.0062085183696,668.0062085183696,668.0062085183696,668.0062085183696,668.0062085183696,668.0062085183696,668.0062085183696,668.0062085183696,668.0062085183696,668.0062085183696,668.0062085183696,668.0062085183696,668.0062085183696,668.0062085183696,668.0062085183696,668.0062085183696,668.0062085183696,668.0062085183696,668.0062085183696,668.0062085183696,668.0062085183696,668.0062085183696,668.0062085183696,668.0062085183696,668.0062085183696,668.0062085183696,668.0062085183696,668.0062085183696,668.0062085183696,668.0062085183696,668.0062085183696,668.0062085183696,668.0062085183696,668.0062085183696,668.0062085183696,668.0062085183696,668.0062085183696,668.0062085183696,668.0062085183696,668.0062085183696,668.0062085183696,668.0062085183696,668.0062085183696,668.0062085183696,668.0062085183696,668.0062085183696,668.0062085183696,668.0062085183696,668.0062085183696,668.0062085183696,668.0062085183696,668.0062085183696,668.0062085183696,668.0062085183696,668.0062085183696,668.0062085183696,668.0062085183696,668.0062085183696,668.0062085183696,668.0062085183696,668.0062085183696,668.0062085183696,668.0062085183696,668.0062085183696,668.0062085183696,668.0062085183696,668.0062085183696,668.0062085183696,668.0062085183696,668.0062085183696,668.0062085183696,668.0062085183696,668.0062085183696,668.0062085183696,668.0062085183696,668.0062085183696,668.0062085183696,668.0062085183696,668.0062085183696,668.0062085183696,668.0062085183696,668.0062085183696,668.0062085183696,668.0062085183696,668.0062085183696,668.0062085183696,668.0062085183696,668.0062085183696,668.0062085183696,668.0062085183696,668.0062085183696,668.0062085183696,668.0062085183696,668.0062085183696,668.0062085183696,668.0062085183696,668.0062085183696,668.0062085183696,668.0062085183696,668.0062085183696,668.0062085183696,668.0062085183696,668.0062085183696,668.0062085183696,668.0062085183696,668.0062085183696,668.0062085183696,668.0062085183696,668.0062085183696,668.0062085183696,668.0062085183696,668.0062085183696,668.0062085183696,668.0062085183696,668.0062085183696,668.0062085183696,668.0062085183696,668.0062085183696,668.0062085183696,668.0062085183696,668.0062085183696,668.0062085183696,668.0062085183696,668.0062085183696,668.0062085183696,668.0062085183696,668.0062085183696,668.0062085183696,668.0062085183696,668.0062085183696,668.0062085183696,668.0062085183696,668.0062085183696,668.0062085183696,668.0062085183696,668.0062085183696,668.0062085183696,668.0062085183696,668.0062085183696,668.0062085183696,668.0062085183696,668.0062085183696,668.0062085183696,668.0062085183696,668.0062085183696,668.0062085183696,668.0062085183696,668.0062085183696,668.0062085183696,668.0062085183696,668.0062085183696,668.0062085183696,668.0062085183696,668.0062085183696,668.0062085183696,668.0062085183696,668.0062085183696,668.0062085183696,668.0062085183696,668.0062085183696,668.0062085183696,668.0062085183696,668.0062085183696,668.0062085183696,668.0062085183696,668.0062085183696,668.0062085183696,668.0062085183696,668.0062085183696,668.0062085183696,668.0062085183696,668.0062085183696,668.0062085183696,668.0062085183696,668.0062085183696,668.0062085183696,668.0062085183696,668.0062085183696,668.0062085183696,668.0062085183696,668.0062085183696,668.0062085183696,668.0062085183696,668.0062085183696,668.0062085183696,668.0062085183696,668.0062085183696,668.0062085183696,668.0062085183696,668.0062085183696,668.0062085183696,668.0062085183696,668.0062085183696,668.0062085183696,668.0062085183696,668.0062085183696,668.0062085183696,668.0062085183696,668.0062085183696,668.0062085183696,668.0062085183696,668.0062085183696,668.0062085183696,668.0062085183696,668.0062085183696,668.0062085183696,668.0062085183696,668.0062085183696,668.0062085183696,668.0062085183696,668.0062085183696,668.0062085183696,668.0062085183696,668.0062085183696,668.0062085183696,668.0062085183696,668.0062085183696,668.0062085183696,668.0062085183696,668.0062085183696,668.0062085183696,668.0062085183696,668.0062085183696,668.0062085183696,668.0062085183696,668.0062085183696]"
RC101,25,QACO,25,667.9685850531084,4.814683800010243,169,True,300,"[801.4145484433811,792.8982519675224,670.5629348964977,670.5629348964977,670.5629348964977,670.5629348964977,670.5629348964977,670.5629348964977,670.5629348964977,670.5629348964977,670.5629348964977,670.5629348964977,670.5629348964977,670.5629348964977,670.5629348964977,670.5629348964977,670.5629348964977,670.5629348964977,670.5629348964977,670.5629348964977,670.5629348964977,670.5629348964977,670.5629348964977,670.5629348964977,670.5629348964977,670.5629348964977,670.5629348964977,670.5629348964977,670.5629348964977,670.5629348964977,670.5629348964977,670.5629348964977,670.5629348964977,670.5629348964977,670.5629348964977,670.5629348964977,670.5629348964977,670.5629348964977,670.5629348964977,670.5629348964977,670.5629348964977,670.5629348964977,670.5629348964977,670.5629348964977,670.5629348964977,670.5629348964977,670.5629348964977,670.5629348964977,670.5629348964977,670.5629348964977,670.5629348964977,670.5629348964977,670.5629348964977,670.5629348964977,670.5629348964977,670.5629348964977,670.5629348964977,670.5629348964977,670.5629348964977,670.5629348964977,670.5629348964977,670.5629348964977,670.5629348964977,670.5629348964977,670.5629348964977,670.5629348964977,670.5629348964977,670.5629348964977,670.5629348964977,670.5629348964977,670.5629348964977,670.5629348964977,670.5629348964977,670.5629348964977,670.5629348964977,670.5629348964977,670.5629348964977,670.5629348964977,670.5629348964977,670.5629348964977,670.5629348964977,670.5629348964977,670.5629348964977,670.5629348964977,670.5629348964977,670.5629348964977,670.5629348964977,670.5629348964977,670.5629348964977,670.5629348964977,670.5629348964977,670.5629348964977,670.5629348964977,670.5629348964977,670.5629348964977,670.5629348964977,670.5629348964977,670.5629348964977,670.5629348964977,670.5629348964977,670.5629348964977,670.5629348964977,670.5629348964977,670.5629348964977,670.5629348964977,670.5629348964977,670.5629348964977,670.5629348964977,670.5629348964977,670.5629348964977,670.5629348964977,670.5629348964977,670.5629348964977,670.5629348964977,670.5629348964977,670.5629348964977,670.5629348964977,670.5629348964977,670.5629348964977,670.5629348964977,670.5629348964977,670.5629348964977,670.5629348964977,670.5629348964977,670.5629348964977,670.5629348964977,670.5629348964977,670.5629348964977,670.5629348964977,670.5629348964977,670.5629348964977,670.5629348964977,670.5629348964977,670.5629348964977,670.5629348964977,670.5629348964977,670.5629348964977,670.5629348964977,670.5629348964977,670.5629348964977,670.5629348964977,670.5629348964977,670.5629348964977,670.5629348964977,670.5629348964977,670.5629348964977,670.5629348964977,670.5629348964977,670.5629348964977,670.5629348964977,670.5629348964977,670.5629348964977,670.5629348964977,670.5629348964977,670.5629348964977,670.5629348964977,670.5629348964977,670.5629348964977,670.5629348964977,670.5629348964977,670.5629348964977,670.5629348964977,670.5629348964977,670.5629348964977,670.5629348964977,670.5629348964977,670.5629348964977,670.5629348964977,667.9685850531084,667.9685850531084,667.9685850531084,667.9685850531084,667.9685850531084,667.9685850531084,667.9685850531084,667.9685850531084,667.9685850531084,667.9685850531084,667.9685850531084,667.9685850531084,667.9685850531084,667.9685850531084,667.9685850531084,667.9685850531084,667.9685850531084,667.9685850531084,667.9685850531084,667.9685850531084,667.9685850531084,667.9685850531084,667.9685850531084,667.9685850531084,667.9685850531084,667.9685850531084,667.9685850531084,667.9685850531084,667.9685850531084,667.9685850531084,667.9685850531084,667.9685850531084,667.9685850531084,667.9685850531084,667.9685850531084,667.9685850531084,667.9685850531084,667.9685850531084,667.9685850531084,667.9685850531084,667.9685850531084,667.9685850531084,667.9685850531084,667.9685850531084,667.9685850531084,667.9685850531084,667.9685850531084,667.9685850531084,667.9685850531084,667.9685850531084,667.9685850531084,667.9685850531084,667.9685850531084,667.9685850531084,667.9685850531084,667.9685850531084,667.9685850531084,667.9685850531084,667.9685850531084,667.9685850531084,667.9685850531084,667.9685850531084,667.9685850531084,667.9685850531084,667.9685850531084,667.9685850531084,667.9685850531084,667.9685850531084,667.9685850531084,667.9685850531084,667.9685850531084,667.9685850531084,667.9685850531084,667.9685850531084,667.9685850531084,667.9685850531084,667.9685850531084,667.9685850531084,667.9685850531084,667.9685850531084,667.9685850531084,667.9685850531084,667.9685850531084,667.9685850531084,667.9685850531084,667.9685850531084,667.9685850531084,667.9685850531084,667.9685850531084,667.9685850531084,667.9685850531084,667.9685850531084,667.9685850531084,667.9685850531084,667.9685850531084,667.9685850531084,667.9685850531084,667.9685850531084,667.9685850531084,667.9685850531084,667.9685850531084,667.9685850531084,667.9685850531084,667.9685850531084,667.9685850531084,667.9685850531084,667.9685850531084,667.9685850531084,667.9685850531084,667.9685850531084,667.9685850531084,667.9685850531084,667.9685850531084,667.9685850531084,667.9685850531084,667.9685850531084,667.9685850531084,667.9685850531084,667.9685850531084,667.9685850531084,667.9685850531084,667.9685850531084,667.9685850531084,667.9685850531084,667.9685850531084,667.9685850531084,667.9685850531084,667.9685850531084,667.9685850531084,667.9685850531084,667.9685850531084,667.9685850531084]"
RC101,25,QACO,26,657.6813755315036,4.898828500008676,116,True,300,"[819.3691321566191,797.1564913080973,747.1567322289698,747.1567322289698,670.3725478027179,670.3725478027179,670.3725478027179,670.3725478027179,670.3725478027179,670.3725478027179,670.3725478027179,670.3725478027179,670.3725478027179,670.3725478027179,670.3725478027179,670.3725478027179,670.3725478027179,670.3725478027179,670.3725478027179,670.3725478027179,670.3725478027179,670.3725478027179,670.3725478027179,670.3725478027179,670.3725478027179,670.3725478027179,670.3725478027179,670.3725478027179,670.3725478027179,670.3725478027179,670.3725478027179,670.3725478027179,670.3725478027179,670.3725478027179,670.3725478027179,670.3725478027179,670.3725478027179,670.3725478027179,670.3725478027179,670.3725478027179,670.3725478027179,670.3725478027179,670.3725478027179,670.3725478027179,670.3725478027179,670.3725478027179,670.3725478027179,670.3725478027179,670.3725478027179,670.3725478027179,670.3725478027179,670.3725478027179,670.3725478027179,670.3725478027179,670.3725478027179,670.3725478027179,663.5236070959185,663.5236070959185,663.5236070959185,663.5236070959185,663.5236070959185,663.5236070959185,663.5236070959185,663.5236070959185,663.5236070959185,663.5236070959185,663.5236070959185,663.5236070959185,663.5236070959185,663.5236070959185,663.5236070959185,663.5236070959185,663.5236070959185,663.5236070959185,663.5236070959185,663.5236070959185,663.5236070959185,663.5236070959185,663.5236070959185,663.5236070959185,663.5236070959185,663.5236070959185,663.5236070959185,663.5236070959185,663.5236070959185,663.5236070959185,663.5236070959185,663.5236070959185,663.5236070959185,663.5236070959185,663.5236070959185,663.5236070959185,663.5236070959185,663.5236070959185,663.5236070959185,663.5236070959185,663.5236070959185,663.5236070959185,663.5236070959185,663.5236070959185,663.5236070959185,663.5236070959185,663.5236070959185,663.5236070959185,663.5236070959185,663.5236070959185,663.5236070959185,663.5236070959185,663.5236070959185,663.5236070959185,663.5236070959185,663.5236070959185,663.5236070959185,663.5236070959185,663.5236070959185,657.6813755315036,657.6813755315036,657.6813755315036,657.6813755315036,657.6813755315036,657.6813755315036,657.6813755315036,657.6813755315036,657.6813755315036,657.6813755315036,657.6813755315036,657.6813755315036,657.6813755315036,657.6813755315036,657.6813755315036,657.6813755315036,657.6813755315036,657.6813755315036,657.6813755315036,657.6813755315036,657.6813755315036,657.6813755315036,657.6813755315036,657.6813755315036,657.6813755315036,657.6813755315036,657.6813755315036,657.6813755315036,657.6813755315036,657.6813755315036,657.6813755315036,657.6813755315036,657.6813755315036,657.6813755315036,657.6813755315036,657.6813755315036,657.6813755315036,657.6813755315036,657.6813755315036,657.6813755315036,657.6813755315036,657.6813755315036,657.6813755315036,657.6813755315036,657.6813755315036,657.6813755315036,657.6813755315036,657.6813755315036,657.6813755315036,657.6813755315036,657.6813755315036,657.6813755315036,657.6813755315036,657.6813755315036,657.6813755315036,657.6813755315036,657.6813755315036,657.6813755315036,657.6813755315036,657.6813755315036,657.6813755315036,657.6813755315036,657.6813755315036,657.6813755315036,657.6813755315036,657.6813755315036,657.6813755315036,657.6813755315036,657.6813755315036,657.6813755315036,657.6813755315036,657.6813755315036,657.6813755315036,657.6813755315036,657.6813755315036,657.6813755315036,657.6813755315036,657.6813755315036,657.6813755315036,657.6813755315036,657.6813755315036,657.6813755315036,657.6813755315036,657.6813755315036,657.6813755315036,657.6813755315036,657.6813755315036,657.6813755315036,657.6813755315036,657.6813755315036,657.6813755315036,657.6813755315036,657.6813755315036,657.6813755315036,657.6813755315036,657.6813755315036,657.6813755315036,657.6813755315036,657.6813755315036,657.6813755315036,657.6813755315036,657.6813755315036,657.6813755315036,657.6813755315036,657.6813755315036,657.6813755315036,657.6813755315036,657.6813755315036,657.6813755315036,657.6813755315036,657.6813755315036,657.6813755315036,657.6813755315036,657.6813755315036,657.6813755315036,657.6813755315036,657.6813755315036,657.6813755315036,657.6813755315036,657.6813755315036,657.6813755315036,657.6813755315036,657.6813755315036,657.6813755315036,657.6813755315036,657.6813755315036,657.6813755315036,657.6813755315036,657.6813755315036,657.6813755315036,657.6813755315036,657.6813755315036,657.6813755315036,657.6813755315036,657.6813755315036,657.6813755315036,657.6813755315036,657.6813755315036,657.6813755315036,657.6813755315036,657.6813755315036,657.6813755315036,657.6813755315036,657.6813755315036,657.6813755315036,657.6813755315036,657.6813755315036,657.6813755315036,657.6813755315036,657.6813755315036,657.6813755315036,657.6813755315036,657.6813755315036,657.6813755315036,657.6813755315036,657.6813755315036,657.6813755315036,657.6813755315036,657.6813755315036,657.6813755315036,657.6813755315036,657.6813755315036,657.6813755315036,657.6813755315036,657.6813755315036,657.6813755315036,657.6813755315036,657.6813755315036,657.6813755315036,657.6813755315036,657.6813755315036,657.6813755315036,657.6813755315036,657.6813755315036,657.6813755315036,657.6813755315036,657.6813755315036,657.6813755315036,657.6813755315036,657.6813755315036,657.6813755315036,657.6813755315036,657.6813755315036,657.6813755315036,657.6813755315036]"
RC101,25,QACO,27,665.009927178002,4.798866500001168,137,True,300,"[781.5190755544546,724.7992280466567,724.7992280466567,724.7992280466567,724.7992280466567,724.7992280466567,724.7992280466567,724.7992280466567,724.7992280466567,724.7992280466567,724.7992280466567,724.7992280466567,724.7992280466567,724.7992280466567,724.7992280466567,724.7992280466567,724.7992280466567,724.7992280466567,724.7992280466567,724.7992280466567,724.7992280466567,687.1775306599778,687.1775306599778,687.1775306599778,687.1775306599778,687.1775306599778,687.1775306599778,687.1775306599778,687.1775306599778,687.1775306599778,687.1775306599778,687.1775306599778,687.1775306599778,687.1775306599778,687.1775306599778,687.1775306599778,677.1409621798942,677.1409621798942,677.1409621798942,677.1409621798942,677.1409621798942,677.1409621798942,677.1409621798942,677.1409621798942,677.1409621798942,677.1409621798942,677.1409621798942,677.1409621798942,677.1409621798942,677.1409621798942,677.1409621798942,677.1409621798942,677.1409621798942,677.1409621798942,677.1409621798942,677.1409621798942,677.1409621798942,677.1409621798942,677.1409621798942,677.1409621798942,677.1409621798942,677.1409621798942,677.1409621798942,677.1409621798942,677.1409621798942,677.1409621798942,677.1409621798942,677.1409621798942,677.1409621798942,677.1409621798942,677.1409621798942,677.1409621798942,677.1409621798942,677.1409621798942,677.1409621798942,677.1409621798942,677.1409621798942,677.1409621798942,677.1409621798942,677.1409621798942,677.1409621798942,677.1409621798942,677.1409621798942,677.1409621798942,677.1409621798942,677.1409621798942,677.1409621798942,677.1409621798942,677.1409621798942,677.1409621798942,677.1409621798942,677.1409621798942,677.1409621798942,677.1409621798942,677.1409621798942,677.1409621798942,677.1409621798942,677.1409621798942,677.1409621798942,677.1409621798942,677.1409621798942,677.1409621798942,677.1409621798942,677.1409621798942,677.1409621798942,677.1409621798942,677.1409621798942,677.1409621798942,677.1409621798942,677.1409621798942,677.1409621798942,677.1409621798942,677.1409621798942,677.1409621798942,677.1409621798942,677.1409621798942,677.1409621798942,677.1409621798942,677.1409621798942,677.1409621798942,677.1409621798942,677.1409621798942,677.1409621798942,677.1409621798942,677.1409621798942,677.1409621798942,677.1409621798942,677.1409621798942,677.1409621798942,677.1409621798942,677.1409621798942,677.1409621798942,677.1409621798942,677.1409621798942,677.1409621798942,677.1409621798942,665.009927178002,665.009927178002,665.009927178002,665.009927178002,665.009927178002,665.009927178002,665.009927178002,665.009927178002,665.009927178002,665.009927178002,665.009927178002,665.009927178002,665.009927178002,665.009927178002,665.009927178002,665.009927178002,665.009927178002,665.009927178002,665.009927178002,665.009927178002,665.009927178002,665.009927178002,665.009927178002,665.009927178002,665.009927178002,665.009927178002,665.009927178002,665.009927178002,665.009927178002,665.009927178002,665.009927178002,665.009927178002,665.009927178002,665.009927178002,665.009927178002,665.009927178002,665.009927178002,665.009927178002,665.009927178002,665.009927178002,665.009927178002,665.009927178002,665.009927178002,665.009927178002,665.009927178002,665.009927178002,665.009927178002,665.009927178002,665.009927178002,665.009927178002,665.009927178002,665.009927178002,665.009927178002,665.009927178002,665.009927178002,665.009927178002,665.009927178002,665.009927178002,665.009927178002,665.009927178002,665.009927178002,665.009927178002,665.009927178002,665.009927178002,665.009927178002,665.009927178002,665.009927178002,665.009927178002,665.009927178002,665.009927178002,665.009927178002,665.009927178002,665.009927178002,665.009927178002,665.009927178002,665.009927178002,665.009927178002,665.009927178002,665.009927178002,665.009927178002,665.009927178002,665.009927178002,665.009927178002,665.009927178002,665.009927178002,665.009927178002,665.009927178002,665.009927178002,665.009927178002,665.009927178002,665.009927178002,665.009927178002,665.009927178002,665.009927178002,665.009927178002,665.009927178002,665.009927178002,665.009927178002,665.009927178002,665.009927178002,665.009927178002,665.009927178002,665.009927178002,665.009927178002,665.009927178002,665.009927178002,665.009927178002,665.009927178002,665.009927178002,665.009927178002,665.009927178002,665.009927178002,665.009927178002,665.009927178002,665.009927178002,665.009927178002,665.009927178002,665.009927178002,665.009927178002,665.009927178002,665.009927178002,665.009927178002,665.009927178002,665.009927178002,665.009927178002,665.009927178002,665.009927178002,665.009927178002,665.009927178002,665.009927178002,665.009927178002,665.009927178002,665.009927178002,665.009927178002,665.009927178002,665.009927178002,665.009927178002,665.009927178002,665.009927178002,665.009927178002,665.009927178002,665.009927178002,665.009927178002,665.009927178002,665.009927178002,665.009927178002,665.009927178002,665.009927178002,665.009927178002,665.009927178002,665.009927178002,665.009927178002,665.009927178002,665.009927178002,665.009927178002,665.009927178002,665.009927178002,665.009927178002,665.009927178002,665.009927178002,665.009927178002,665.009927178002,665.009927178002,665.009927178002]"
RC101,25,QACO,28,662.3649866613927,4.787149200012209,205,True,300,"[789.6911406843715,789.6911406843715,729.7063425720117,729.7063425720117,729.7063425720117,712.1576234848493,712.1576234848493,712.1576234848493,712.1576234848493,712.1576234848493,712.1576234848493,712.1576234848493,712.1576234848493,712.1576234848493,712.1576234848493,712.1576234848493,712.1576234848493,712.1576234848493,712.1576234848493,677.9979123924056,677.9979123924056,677.9979123924056,677.9979123924056,677.9979123924056,677.9979123924056,677.9979123924056,677.9979123924056,677.9979123924056,677.9979123924056,677.9979123924056,677.9979123924056,677.9979123924056,677.9979123924056,677.9979123924056,677.9979123924056,677.9979123924056,677.9979123924056,677.9979123924056,677.9979123924056,677.9979123924056,677.9979123924056,677.9979123924056,677.9979123924056,677.9979123924056,677.9979123924056,677.9979123924056,677.9979123924056,677.9979123924056,677.9979123924056,677.9979123924056,677.9979123924056,677.9979123924056,677.9979123924056,677.9979123924056,677.9979123924056,677.9979123924056,677.9979123924056,677.9979123924056,677.9979123924056,677.9979123924056,677.9979123924056,677.9979123924056,677.9979123924056,677.9979123924056,677.9979123924056,677.9979123924056,677.9979123924056,677.9979123924056,671.9955193910481,671.9955193910481,671.9955193910481,671.9955193910481,671.9955193910481,671.9955193910481,671.9955193910481,671.9955193910481,671.9955193910481,671.9955193910481,671.9955193910481,671.9955193910481,671.9955193910481,671.9955193910481,671.9955193910481,671.9955193910481,671.9955193910481,671.9955193910481,671.9955193910481,671.9955193910481,671.9955193910481,671.9955193910481,671.9955193910481,671.9955193910481,671.9955193910481,671.9955193910481,671.9955193910481,671.9955193910481,671.9955193910481,671.9955193910481,671.9955193910481,671.9955193910481,671.9955193910481,671.9955193910481,671.9955193910481,671.9955193910481,671.9955193910481,671.9955193910481,671.9955193910481,671.9955193910481,671.9955193910481,671.9955193910481,671.9955193910481,671.9955193910481,671.9955193910481,671.9955193910481,671.9955193910481,671.9955193910481,671.9955193910481,671.9955193910481,671.9955193910481,671.9955193910481,671.9955193910481,671.9955193910481,671.9955193910481,671.9955193910481,671.9955193910481,671.9955193910481,671.9955193910481,671.9955193910481,671.9955193910481,671.9955193910481,671.9955193910481,671.9955193910481,671.9955193910481,671.9955193910481,671.9955193910481,671.9955193910481,671.9955193910481,671.9955193910481,671.9955193910481,671.9955193910481,671.9955193910481,671.9955193910481,671.9955193910481,671.9955193910481,671.9955193910481,671.9955193910481,671.9955193910481,671.9955193910481,671.9955193910481,671.9955193910481,671.9955193910481,671.9955193910481,671.9955193910481,671.9955193910481,671.9955193910481,671.9955193910481,671.9955193910481,671.9955193910481,671.9955193910481,671.9955193910481,671.9955193910481,671.9955193910481,671.9955193910481,671.9955193910481,671.9955193910481,671.9955193910481,671.9955193910481,671.9955193910481,671.9955193910481,671.9955193910481,671.9955193910481,671.9955193910481,671.9955193910481,671.9955193910481,671.9955193910481,671.9955193910481,671.9955193910481,671.9955193910481,671.9955193910481,671.9955193910481,671.9955193910481,671.9955193910481,671.9955193910481,671.9955193910481,671.9955193910481,671.9955193910481,671.9955193910481,671.9955193910481,671.9955193910481,671.9955193910481,671.9955193910481,671.9955193910481,671.9955193910481,671.9955193910481,671.9955193910481,671.9955193910481,671.9955193910481,671.9955193910481,671.9955193910481,671.9955193910481,671.9955193910481,671.9955193910481,671.9955193910481,671.9955193910481,662.3649866613927,662.3649866613927,662.3649866613927,662.3649866613927,662.3649866613927,662.3649866613927,662.3649866613927,662.3649866613927,662.3649866613927,662.3649866613927,662.3649866613927,662.3649866613927,662.3649866613927,662.3649866613927,662.3649866613927,662.3649866613927,662.3649866613927,662.3649866613927,662.3649866613927,662.3649866613927,662.3649866613927,662.3649866613927,662.3649866613927,662.3649866613927,662.3649866613927,662.3649866613927,662.3649866613927,662.3649866613927,662.3649866613927,662.3649866613927,662.3649866613927,662.3649866613927,662.3649866613927,662.3649866613927,662.3649866613927,662.3649866613927,662.3649866613927,662.3649866613927,662.3649866613927,662.3649866613927,662.3649866613927,662.3649866613927,662.3649866613927,662.3649866613927,662.3649866613927,662.3649866613927,662.3649866613927,662.3649866613927,662.3649866613927,662.3649866613927,662.3649866613927,662.3649866613927,662.3649866613927,662.3649866613927,662.3649866613927,662.3649866613927,662.3649866613927,662.3649866613927,662.3649866613927,662.3649866613927,662.3649866613927,662.3649866613927,662.3649866613927,662.3649866613927,662.3649866613927,662.3649866613927,662.3649866613927,662.3649866613927,662.3649866613927,662.3649866613927,662.3649866613927,662.3649866613927,662.3649866613927,662.3649866613927,662.3649866613927,662.3649866613927,662.3649866613927,662.3649866613927,662.3649866613927,662.3649866613927,662.3649866613927,662.3649866613927,662.3649866613927,662.3649866613927,662.3649866613927,662.3649866613927,662.3649866613927,662.3649866613927,662.3649866613927,662.3649866613927,662.3649866613927,662.3649866613927,662.3649866613927,662.3649866613927,662.3649866613927,662.3649866613927]"
RC101,25,QACO,29,610.076988533674,4.749666100018658,167,True,300,"[805.9276090875151,804.2157830990262,735.2177848193046,732.7560570034323,732.7560570034323,732.7560570034323,732.7560570034323,732.7560570034323,732.7560570034323,705.4033668192662,705.4033668192662,705.4033668192662,705.4033668192662,705.4033668192662,705.4033668192662,705.4033668192662,705.4033668192662,705.4033668192662,705.4033668192662,705.4033668192662,705.4033668192662,705.4033668192662,705.4033668192662,705.4033668192662,705.4033668192662,680.0971170952495,680.0971170952495,680.0971170952495,680.0971170952495,680.0971170952495,680.0971170952495,680.0971170952495,680.0971170952495,680.0971170952495,680.0971170952495,680.0971170952495,680.0971170952495,680.0971170952495,680.0971170952495,680.0971170952495,680.0971170952495,680.0971170952495,680.0971170952495,680.0971170952495,680.0971170952495,680.0971170952495,680.0971170952495,680.0971170952495,680.0971170952495,680.0971170952495,680.0971170952495,680.0971170952495,680.0971170952495,680.0971170952495,680.0971170952495,680.0971170952495,680.0971170952495,680.0971170952495,680.0971170952495,680.0971170952495,680.0971170952495,680.0971170952495,675.8073502598,619.9073645889221,619.9073645889221,619.9073645889221,619.9073645889221,619.9073645889221,619.9073645889221,619.9073645889221,619.9073645889221,619.9073645889221,619.9073645889221,619.9073645889221,619.9073645889221,619.9073645889221,619.9073645889221,619.9073645889221,619.9073645889221,619.9073645889221,619.9073645889221,619.9073645889221,619.9073645889221,619.9073645889221,619.9073645889221,619.9073645889221,619.9073645889221,619.9073645889221,619.9073645889221,619.9073645889221,619.9073645889221,619.9073645889221,619.9073645889221,619.9073645889221,619.9073645889221,619.9073645889221,619.9073645889221,619.9073645889221,619.9073645889221,617.7031844932334,617.7031844932334,617.7031844932334,617.7031844932334,617.7031844932334,617.7031844932334,617.7031844932334,617.7031844932334,617.7031844932334,617.7031844932334,617.7031844932334,617.7031844932334,617.7031844932334,617.7031844932334,617.7031844932334,617.7031844932334,617.7031844932334,617.7031844932334,617.7031844932334,617.7031844932334,617.7031844932334,617.7031844932334,617.7031844932334,617.7031844932334,617.7031844932334,617.7031844932334,617.7031844932334,617.7031844932334,617.7031844932334,617.7031844932334,617.7031844932334,617.7031844932334,617.7031844932334,617.7031844932334,617.7031844932334,617.7031844932334,617.7031844932334,617.7031844932334,617.7031844932334,617.7031844932334,617.7031844932334,617.7031844932334,617.7031844932334,617.7031844932334,617.7031844932334,617.7031844932334,617.7031844932334,617.7031844932334,617.7031844932334,617.7031844932334,617.7031844932334,617.7031844932334,617.7031844932334,617.7031844932334,617.7031844932334,617.7031844932334,617.7031844932334,617.7031844932334,617.7031844932334,617.7031844932334,617.7031844932334,617.7031844932334,617.7031844932334,617.7031844932334,617.7031844932334,617.7031844932334,617.7031844932334,610.076988533674,610.076988533674,610.076988533674,610.076988533674,610.076988533674,610.076988533674,610.076988533674,610.076988533674,610.076988533674,610.076988533674,610.076988533674,610.076988533674,610.076988533674,610.076988533674,610.076988533674,610.076988533674,610.076988533674,610.076988533674,610.076988533674,610.076988533674,610.076988533674,610.076988533674,610.076988533674,610.076988533674,610.076988533674,610.076988533674,610.076988533674,610.076988533674,610.076988533674,610.076988533674,610.076988533674,610.076988533674,610.076988533674,610.076988533674,610.076988533674,610.076988533674,610.076988533674,610.076988533674,610.076988533674,610.076988533674,610.076988533674,610.076988533674,610.076988533674,610.076988533674,610.076988533674,610.076988533674,610.076988533674,610.076988533674,610.076988533674,610.076988533674,610.076988533674,610.076988533674,610.076988533674,610.076988533674,610.076988533674,610.076988533674,610.076988533674,610.076988533674,610.076988533674,610.076988533674,610.076988533674,610.076988533674,610.076988533674,610.076988533674,610.076988533674,610.076988533674,610.076988533674,610.076988533674,610.076988533674,610.076988533674,610.076988533674,610.076988533674,610.076988533674,610.076988533674,610.076988533674,610.076988533674,610.076988533674,610.076988533674,610.076988533674,610.076988533674,610.076988533674,610.076988533674,610.076988533674,610.076988533674,610.076988533674,610.076988533674,610.076988533674,610.076988533674,610.076988533674,610.076988533674,610.076988533674,610.076988533674,610.076988533674,610.076988533674,610.076988533674,610.076988533674,610.076988533674,610.076988533674,610.076988533674,610.076988533674,610.076988533674,610.076988533674,610.076988533674,610.076988533674,610.076988533674,610.076988533674,610.076988533674,610.076988533674,610.076988533674,610.076988533674,610.076988533674,610.076988533674,610.076988533674,610.076988533674,610.076988533674,610.076988533674,610.076988533674,610.076988533674,610.076988533674,610.076988533674,610.076988533674,610.076988533674,610.076988533674,610.076988533674,610.076988533674,610.076988533674,610.076988533674,610.076988533674,610.076988533674,610.076988533674,610.076988533674,610.076988533674,610.076988533674,610.076988533674]"
RC101,25,QA-QPSO,0,634.904142272719,2.515187499986496,301,True,301,"[758.6230136575832,752.6022975894857,688.2695034370967,688.2695034370967,688.2695034370967,688.2695034370967,688.2695034370967,688.2695034370967,688.2695034370967,688.2695034370967,688.2695034370967,688.2695034370967,688.2695034370967,688.2695034370967,688.2695034370967,688.2695034370967,688.2695034370967,688.2695034370967,688.2695034370967,688.2695034370967,688.2695034370967,688.2695034370967,688.2695034370967,688.2695034370967,688.2695034370967,688.2695034370967,688.2695034370967,688.2695034370967,688.2695034370967,688.2695034370967,688.2695034370967,688.2695034370967,688.2695034370967,688.2695034370967,688.2695034370967,688.2695034370967,688.2695034370967,688.2695034370967,688.2695034370967,688.2695034370967,688.2695034370967,688.2695034370967,688.2695034370967,672.9384369104428,672.9384369104428,672.9384369104428,672.9384369104428,672.9384369104428,672.9384369104428,672.9384369104428,672.9384369104428,672.9384369104428,672.9384369104428,672.9384369104428,672.9384369104428,672.9384369104428,672.9384369104428,672.9384369104428,672.9384369104428,672.9384369104428,672.9384369104428,672.9384369104428,672.9384369104428,672.9384369104428,672.9384369104428,672.9384369104428,672.9384369104428,672.9384369104428,672.9384369104428,672.9384369104428,672.9384369104428,672.9384369104428,672.9384369104428,672.9384369104428,672.9384369104428,672.9384369104428,672.9384369104428,672.9384369104428,672.9384369104428,672.9384369104428,672.9384369104428,672.9384369104428,672.9384369104428,672.9384369104428,672.9384369104428,672.9384369104428,672.9384369104428,672.9384369104428,672.9384369104428,672.9384369104428,672.9384369104428,672.9384369104428,672.9384369104428,672.9384369104428,672.9384369104428,672.9384369104428,672.9384369104428,672.9384369104428,672.9384369104428,672.9384369104428,672.9384369104428,672.9384369104428,672.9384369104428,672.9384369104428,672.9384369104428,672.9384369104428,672.9384369104428,672.9384369104428,672.9384369104428,672.9384369104428,672.9384369104428,672.9384369104428,672.9384369104428,672.9384369104428,672.9384369104428,672.9384369104428,672.9384369104428,672.9384369104428,672.9384369104428,672.9384369104428,672.9384369104428,672.9384369104428,672.9384369104428,672.9384369104428,672.9384369104428,672.9384369104428,672.9384369104428,672.9384369104428,672.9384369104428,672.9384369104428,672.9384369104428,672.9384369104428,672.9384369104428,672.9384369104428,672.9384369104428,672.9384369104428,672.9384369104428,672.9384369104428,672.9384369104428,672.9384369104428,672.9384369104428,672.9384369104428,672.9384369104428,672.9384369104428,672.9384369104428,672.9384369104428,672.9384369104428,672.9384369104428,672.9384369104428,672.9384369104428,672.9384369104428,672.9384369104428,672.9384369104428,672.9384369104428,672.9384369104428,672.9384369104428,672.9384369104428,672.9384369104428,672.9384369104428,672.9384369104428,672.9384369104428,672.9384369104428,672.9384369104428,672.9384369104428,672.9384369104428,672.9384369104428,672.9384369104428,672.9384369104428,672.9384369104428,672.9384369104428,672.9384369104428,672.9384369104428,672.9384369104428,672.9384369104428,672.9384369104428,672.9384369104428,672.9384369104428,672.9384369104428,672.9384369104428,672.9384369104428,672.9384369104428,672.9384369104428,672.9384369104428,672.9384369104428,672.9384369104428,672.9384369104428,672.9384369104428,672.9384369104428,672.9384369104428,672.9384369104428,672.9384369104428,672.9384369104428,672.9384369104428,672.9384369104428,672.9384369104428,672.9384369104428,672.9384369104428,672.9384369104428,672.9384369104428,672.9384369104428,672.9384369104428,672.9384369104428,672.9384369104428,672.9384369104428,672.9384369104428,672.9384369104428,672.9384369104428,672.9384369104428,672.9384369104428,672.9384369104428,672.9384369104428,672.9384369104428,672.9384369104428,672.9384369104428,672.9384369104428,672.9384369104428,672.9384369104428,672.9384369104428,672.9384369104428,672.9384369104428,672.9384369104428,672.9384369104428,672.9384369104428,672.9384369104428,672.9384369104428,672.9384369104428,672.9384369104428,672.9384369104428,672.9384369104428,672.9384369104428,672.9384369104428,672.9384369104428,672.9384369104428,672.9384369104428,672.9384369104428,672.9384369104428,672.9384369104428,672.9384369104428,672.9384369104428,672.9384369104428,672.9384369104428,672.9384369104428,672.9384369104428,672.9384369104428,672.9384369104428,672.9384369104428,672.9384369104428,672.9384369104428,672.9384369104428,672.9384369104428,672.9384369104428,672.9384369104428,672.9384369104428,672.9384369104428,672.9384369104428,672.9384369104428,672.9384369104428,672.9384369104428,672.9384369104428,672.9384369104428,672.9384369104428,672.9384369104428,672.9384369104428,672.9384369104428,672.9384369104428,672.9384369104428,665.4309702064797,665.4309702064797,665.4309702064797,665.4309702064797,665.4309702064797,665.4309702064797,665.4309702064797,651.8963594038465,651.8963594038465,651.8963594038465,651.8963594038465,651.8963594038465,651.8963594038465,651.8963594038465,651.8963594038465,651.8963594038465,651.8963594038465,651.8963594038465,651.8963594038465,651.8963594038465,651.8963594038465,650.2032472560784,650.2032472560784,650.2032472560784,650.2032472560784,650.2032472560784,650.2032472560784,650.2032472560784,650.2032472560784,650.2032472560784,650.2032472560784,650.2032472560784,640.5604955727481,640.5604955727481,634.904142272719]"
RC101,25,QA-QPSO,1,670.8908478618489,2.520033600012539,120,True,301,"[805.5452567900182,758.203692608658,746.4761660381893,746.4761660381893,746.4761660381893,743.2287341825315,743.2287341825315,743.2287341825315,743.2287341825315,743.2287341825315,743.2287341825315,743.2287341825315,743.2287341825315,743.2287341825315,743.2287341825315,743.2287341825315,743.2287341825315,721.7950027242628,721.7950027242628,721.7950027242628,721.7950027242628,721.7950027242628,721.7950027242628,721.7950027242628,721.7950027242628,721.7950027242628,721.7950027242628,721.7950027242628,721.7950027242628,721.7950027242628,683.9740740817994,683.9740740817994,683.9740740817994,683.9740740817994,683.9740740817994,683.9740740817994,683.9740740817994,683.9740740817994,683.9740740817994,670.8908478618489,670.8908478618489,670.8908478618489,670.8908478618489,670.8908478618489,670.8908478618489,670.8908478618489,670.8908478618489,670.8908478618489,670.8908478618489,670.8908478618489,670.8908478618489,670.8908478618489,670.8908478618489,670.8908478618489,670.8908478618489,670.8908478618489,670.8908478618489,670.8908478618489,670.8908478618489,670.8908478618489,670.8908478618489,670.8908478618489,670.8908478618489,670.8908478618489,670.8908478618489,670.8908478618489,670.8908478618489,670.8908478618489,670.8908478618489,670.8908478618489,670.8908478618489,670.8908478618489,670.8908478618489,670.8908478618489,670.8908478618489,670.8908478618489,670.8908478618489,670.8908478618489,670.8908478618489,670.8908478618489,670.8908478618489,670.8908478618489,670.8908478618489,670.8908478618489,670.8908478618489,670.8908478618489,670.8908478618489,670.8908478618489,670.8908478618489,670.8908478618489,670.8908478618489,670.8908478618489,670.8908478618489,670.8908478618489,670.8908478618489,670.8908478618489,670.8908478618489,670.8908478618489,670.8908478618489,670.8908478618489,670.8908478618489,670.8908478618489,670.8908478618489,670.8908478618489,670.8908478618489,670.8908478618489,670.8908478618489,670.8908478618489,670.8908478618489,670.8908478618489,670.8908478618489,670.8908478618489,670.8908478618489,670.8908478618489,670.8908478618489,670.8908478618489,670.8908478618489,670.8908478618489,670.8908478618489,670.8908478618489,670.8908478618489,670.8908478618489,670.8908478618489,670.8908478618489,670.8908478618489,670.8908478618489,670.8908478618489,670.8908478618489,670.8908478618489,670.8908478618489,670.8908478618489,670.8908478618489,670.8908478618489,670.8908478618489,670.8908478618489,670.8908478618489,670.8908478618489,670.8908478618489,670.8908478618489,670.8908478618489,670.8908478618489,670.8908478618489,670.8908478618489,670.8908478618489,670.8908478618489,670.8908478618489,670.8908478618489,670.8908478618489,670.8908478618489,670.8908478618489,670.8908478618489,670.8908478618489,670.8908478618489,670.8908478618489,670.8908478618489,670.8908478618489,670.8908478618489,670.8908478618489,670.8908478618489,670.8908478618489,670.8908478618489,670.8908478618489,670.8908478618489,670.8908478618489,670.8908478618489,670.8908478618489,670.8908478618489,670.8908478618489,670.8908478618489,670.8908478618489,670.8908478618489,670.8908478618489,670.8908478618489,670.8908478618489,670.8908478618489,670.8908478618489,670.8908478618489,670.8908478618489,670.8908478618489,670.8908478618489,670.8908478618489,670.8908478618489,670.8908478618489,670.8908478618489,670.8908478618489,670.8908478618489,670.8908478618489,670.8908478618489,670.8908478618489,670.8908478618489,670.8908478618489,670.8908478618489,670.8908478618489,670.8908478618489,670.8908478618489,670.8908478618489,670.8908478618489,670.8908478618489,670.8908478618489,670.8908478618489,670.8908478618489,670.8908478618489,670.8908478618489,670.8908478618489,670.8908478618489,670.8908478618489,670.8908478618489,670.8908478618489,670.8908478618489,670.8908478618489,670.8908478618489,670.8908478618489,670.8908478618489,670.8908478618489,670.8908478618489,670.8908478618489,670.8908478618489,670.8908478618489,670.8908478618489,670.8908478618489,670.8908478618489,670.8908478618489,670.8908478618489,670.8908478618489,670.8908478618489,670.8908478618489,670.8908478618489,670.8908478618489,670.8908478618489,670.8908478618489,670.8908478618489,670.8908478618489,670.8908478618489,670.8908478618489,670.8908478618489,670.8908478618489,670.8908478618489,670.8908478618489,670.8908478618489,670.8908478618489,670.8908478618489,670.8908478618489,670.8908478618489,670.8908478618489,670.8908478618489,670.8908478618489,670.8908478618489,670.8908478618489,670.8908478618489,670.8908478618489,670.8908478618489,670.8908478618489,670.8908478618489,670.8908478618489,670.8908478618489,670.8908478618489,670.8908478618489,670.8908478618489,670.8908478618489,670.8908478618489,670.8908478618489,670.8908478618489,670.8908478618489,670.8908478618489,670.8908478618489,670.8908478618489,670.8908478618489,670.8908478618489,670.8908478618489,670.8908478618489,670.8908478618489,670.8908478618489,670.8908478618489,670.8908478618489,670.8908478618489,670.8908478618489,670.8908478618489,670.8908478618489,670.8908478618489,670.8908478618489,670.8908478618489,670.8908478618489,670.8908478618489,670.8908478618489,670.8908478618489,670.8908478618489,670.8908478618489,670.8908478618489,670.8908478618489,670.8908478618489,670.8908478618489,670.8908478618489,670.8908478618489,670.8908478618489,670.8908478618489,670.8908478618489,670.8908478618489,670.8908478618489,670.8908478618489,670.8908478618489,670.8908478618489]"
RC101,25,QA-QPSO,2,647.7014331351479,2.5634086999925785,122,True,301,"[811.5351123039941,798.6507024564422,798.6507024564422,745.8582140680617,735.0581398651145,735.0581398651145,735.0581398651145,735.0581398651145,735.0581398651145,735.0581398651145,735.0581398651145,735.0581398651145,735.0581398651145,735.0581398651145,735.0581398651145,735.0581398651145,735.0581398651145,734.6672054497683,734.6672054497683,649.7147069241851,649.7147069241851,649.7147069241851,649.7147069241851,649.7147069241851,649.7147069241851,649.7147069241851,649.7147069241851,649.7147069241851,649.7147069241851,649.7147069241851,649.7147069241851,649.7147069241851,649.7147069241851,649.7147069241851,649.7147069241851,649.7147069241851,649.7147069241851,649.7147069241851,649.7147069241851,649.7147069241851,649.7147069241851,649.7147069241851,649.7147069241851,649.7147069241851,649.7147069241851,649.7147069241851,649.7147069241851,649.7147069241851,649.7147069241851,649.7147069241851,649.7147069241851,649.7147069241851,649.7147069241851,649.7147069241851,649.7147069241851,649.7147069241851,649.7147069241851,649.7147069241851,649.7147069241851,649.7147069241851,649.7147069241851,649.7147069241851,649.7147069241851,649.7147069241851,649.7147069241851,649.7147069241851,649.7147069241851,649.7147069241851,649.7147069241851,649.7147069241851,649.7147069241851,649.7147069241851,649.7147069241851,649.7147069241851,649.7147069241851,649.7147069241851,649.7147069241851,649.7147069241851,649.7147069241851,649.7147069241851,649.7147069241851,649.7147069241851,649.7147069241851,649.7147069241851,649.7147069241851,649.7147069241851,649.7147069241851,649.7147069241851,649.7147069241851,649.7147069241851,649.7147069241851,649.7147069241851,649.7147069241851,649.7147069241851,649.7147069241851,649.7147069241851,649.7147069241851,649.7147069241851,649.7147069241851,649.7147069241851,649.7147069241851,649.7147069241851,649.7147069241851,649.7147069241851,649.7147069241851,649.7147069241851,649.7147069241851,649.7147069241851,649.7147069241851,649.7147069241851,649.7147069241851,649.7147069241851,649.7147069241851,649.7147069241851,649.7147069241851,649.7147069241851,649.7147069241851,649.7147069241851,649.7147069241851,649.7147069241851,649.7147069241851,647.7014331351479,647.7014331351479,647.7014331351479,647.7014331351479,647.7014331351479,647.7014331351479,647.7014331351479,647.7014331351479,647.7014331351479,647.7014331351479,647.7014331351479,647.7014331351479,647.7014331351479,647.7014331351479,647.7014331351479,647.7014331351479,647.7014331351479,647.7014331351479,647.7014331351479,647.7014331351479,647.7014331351479,647.7014331351479,647.7014331351479,647.7014331351479,647.7014331351479,647.7014331351479,647.7014331351479,647.7014331351479,647.7014331351479,647.7014331351479,647.7014331351479,647.7014331351479,647.7014331351479,647.7014331351479,647.7014331351479,647.7014331351479,647.7014331351479,647.7014331351479,647.7014331351479,647.7014331351479,647.7014331351479,647.7014331351479,647.7014331351479,647.7014331351479,647.7014331351479,647.7014331351479,647.7014331351479,647.7014331351479,647.7014331351479,647.7014331351479,647.7014331351479,647.7014331351479,647.7014331351479,647.7014331351479,647.7014331351479,647.7014331351479,647.7014331351479,647.7014331351479,647.7014331351479,647.7014331351479,647.7014331351479,647.7014331351479,647.7014331351479,647.7014331351479,647.7014331351479,647.7014331351479,647.7014331351479,647.7014331351479,647.7014331351479,647.7014331351479,647.7014331351479,647.7014331351479,647.7014331351479,647.7014331351479,647.7014331351479,647.7014331351479,647.7014331351479,647.7014331351479,647.7014331351479,647.7014331351479,647.7014331351479,647.7014331351479,647.7014331351479,647.7014331351479,647.7014331351479,647.7014331351479,647.7014331351479,647.7014331351479,647.7014331351479,647.7014331351479,647.7014331351479,647.7014331351479,647.7014331351479,647.7014331351479,647.7014331351479,647.7014331351479,647.7014331351479,647.7014331351479,647.7014331351479,647.7014331351479,647.7014331351479,647.7014331351479,647.7014331351479,647.7014331351479,647.7014331351479,647.7014331351479,647.7014331351479,647.7014331351479,647.7014331351479,647.7014331351479,647.7014331351479,647.7014331351479,647.7014331351479,647.7014331351479,647.7014331351479,647.7014331351479,647.7014331351479,647.7014331351479,647.7014331351479,647.7014331351479,647.7014331351479,647.7014331351479,647.7014331351479,647.7014331351479,647.7014331351479,647.7014331351479,647.7014331351479,647.7014331351479,647.7014331351479,647.7014331351479,647.7014331351479,647.7014331351479,647.7014331351479,647.7014331351479,647.7014331351479,647.7014331351479,647.7014331351479,647.7014331351479,647.7014331351479,647.7014331351479,647.7014331351479,647.7014331351479,647.7014331351479,647.7014331351479,647.7014331351479,647.7014331351479,647.7014331351479,647.7014331351479,647.7014331351479,647.7014331351479,647.7014331351479,647.7014331351479,647.7014331351479,647.7014331351479,647.7014331351479,647.7014331351479,647.7014331351479,647.7014331351479,647.7014331351479,647.7014331351479,647.7014331351479,647.7014331351479,647.7014331351479,647.7014331351479,647.7014331351479,647.7014331351479,647.7014331351479,647.7014331351479,647.7014331351479,647.7014331351479,647.7014331351479,647.7014331351479,647.7014331351479,647.7014331351479,647.7014331351479,647.7014331351479,647.7014331351479,647.7014331351479,647.7014331351479,647.7014331351479]"
RC101,25,QA-QPSO,3,636.4444989395406,2.5625698000076227,246,True,301,"[785.8251477734024,740.3622610324891,740.3622610324891,740.3622610324891,727.0337505927915,727.0337505927915,727.0337505927915,727.0337505927915,727.0337505927915,727.0337505927915,727.0337505927915,680.2411917865822,680.2411917865822,680.2411917865822,680.2411917865822,680.2411917865822,680.2411917865822,680.2411917865822,680.2411917865822,680.2411917865822,680.2411917865822,680.2411917865822,680.2411917865822,680.2411917865822,680.2411917865822,680.2411917865822,680.2411917865822,680.2411917865822,680.2411917865822,680.2411917865822,680.2411917865822,680.2411917865822,680.2411917865822,680.2411917865822,680.2411917865822,680.2411917865822,680.2411917865822,680.2411917865822,680.2411917865822,680.2411917865822,680.2411917865822,680.2411917865822,680.2411917865822,680.2411917865822,680.2411917865822,680.2411917865822,680.2411917865822,680.2411917865822,664.9251343910292,664.9251343910292,664.9251343910292,664.9251343910292,664.9251343910292,664.9251343910292,664.9251343910292,664.9251343910292,664.9251343910292,664.9251343910292,664.9251343910292,664.9251343910292,664.9251343910292,664.9251343910292,664.9251343910292,664.9251343910292,664.9251343910292,664.9251343910292,664.9251343910292,664.9251343910292,664.9251343910292,664.9251343910292,664.9251343910292,664.9251343910292,664.9251343910292,664.9251343910292,664.9251343910292,664.9251343910292,664.9251343910292,664.9251343910292,664.9251343910292,664.9251343910292,664.9251343910292,664.9251343910292,664.9251343910292,664.9251343910292,664.9251343910292,664.9251343910292,664.9251343910292,664.9251343910292,664.9251343910292,664.9251343910292,664.9251343910292,664.9251343910292,664.9251343910292,664.9251343910292,664.9251343910292,664.9251343910292,664.9251343910292,664.9251343910292,664.9251343910292,664.9251343910292,664.9251343910292,664.9251343910292,664.9251343910292,664.9251343910292,664.9251343910292,664.9251343910292,664.9251343910292,664.9251343910292,664.9251343910292,664.9251343910292,664.9251343910292,664.9251343910292,664.9251343910292,664.9251343910292,664.9251343910292,664.9251343910292,664.9251343910292,664.9251343910292,664.9251343910292,664.9251343910292,664.9251343910292,664.9251343910292,664.9251343910292,664.9251343910292,664.9251343910292,664.9251343910292,664.9251343910292,664.9251343910292,664.9251343910292,664.9251343910292,664.9251343910292,664.9251343910292,664.9251343910292,664.9251343910292,664.9251343910292,664.9251343910292,664.9251343910292,664.9251343910292,664.9251343910292,664.9251343910292,664.9251343910292,664.9251343910292,664.9251343910292,664.9251343910292,664.9251343910292,664.9251343910292,664.9251343910292,664.9251343910292,664.9251343910292,664.9251343910292,664.9251343910292,664.9251343910292,664.9251343910292,664.9251343910292,664.9251343910292,664.9251343910292,664.9251343910292,664.9251343910292,664.9251343910292,664.9251343910292,664.9251343910292,664.9251343910292,664.9251343910292,664.9251343910292,664.9251343910292,664.9251343910292,664.9251343910292,664.9251343910292,664.9251343910292,664.9251343910292,664.9251343910292,664.9251343910292,664.9251343910292,664.9251343910292,664.9251343910292,664.9251343910292,664.9251343910292,664.9251343910292,664.9251343910292,664.9251343910292,664.9251343910292,664.9251343910292,664.9251343910292,664.9251343910292,664.9251343910292,664.9251343910292,664.9251343910292,664.9251343910292,664.9251343910292,664.9251343910292,664.9251343910292,664.9251343910292,664.9251343910292,664.9251343910292,664.9251343910292,664.9251343910292,664.9251343910292,664.9251343910292,664.9251343910292,664.9251343910292,664.9251343910292,664.9251343910292,664.9251343910292,664.9251343910292,664.9251343910292,664.9251343910292,664.9251343910292,664.9251343910292,664.9251343910292,664.9251343910292,664.9251343910292,664.9251343910292,664.9251343910292,664.9251343910292,664.9251343910292,664.9251343910292,664.9251343910292,664.9251343910292,664.9251343910292,664.9251343910292,664.9251343910292,664.9251343910292,664.9251343910292,664.9251343910292,664.9251343910292,664.9251343910292,664.9251343910292,664.9251343910292,664.9251343910292,664.9251343910292,664.9251343910292,664.9251343910292,664.9251343910292,664.9251343910292,664.9251343910292,664.9251343910292,664.9251343910292,664.9251343910292,664.9251343910292,664.9251343910292,664.9251343910292,664.9251343910292,664.9251343910292,664.9251343910292,664.9251343910292,636.4444989395406,636.4444989395406,636.4444989395406,636.4444989395406,636.4444989395406,636.4444989395406,636.4444989395406,636.4444989395406,636.4444989395406,636.4444989395406,636.4444989395406,636.4444989395406,636.4444989395406,636.4444989395406,636.4444989395406,636.4444989395406,636.4444989395406,636.4444989395406,636.4444989395406,636.4444989395406,636.4444989395406,636.4444989395406,636.4444989395406,636.4444989395406,636.4444989395406,636.4444989395406,636.4444989395406,636.4444989395406,636.4444989395406,636.4444989395406,636.4444989395406,636.4444989395406,636.4444989395406,636.4444989395406,636.4444989395406,636.4444989395406,636.4444989395406,636.4444989395406,636.4444989395406,636.4444989395406,636.4444989395406,636.4444989395406,636.4444989395406,636.4444989395406,636.4444989395406,636.4444989395406,636.4444989395406,636.4444989395406,636.4444989395406,636.4444989395406,636.4444989395406,636.4444989395406,636.4444989395406,636.4444989395406,636.4444989395406,636.4444989395406]"
RC101,25,QA-QPSO,4,675.5070393898883,2.6029704000102356,120,True,301,"[805.9369621604158,803.3116756471122,803.3116756471122,739.4745999975554,739.4745999975554,738.792391412951,738.792391412951,738.792391412951,738.792391412951,679.5292232684087,679.5292232684087,679.5292232684087,679.5292232684087,679.5292232684087,679.5292232684087,679.5292232684087,679.5292232684087,679.5292232684087,679.5292232684087,679.5292232684087,679.5292232684087,679.5292232684087,679.5292232684087,679.5292232684087,679.5292232684087,679.5292232684087,679.5292232684087,679.5292232684087,679.5292232684087,679.5292232684087,679.5292232684087,679.5292232684087,679.5292232684087,679.5292232684087,679.5292232684087,679.5292232684087,679.5292232684087,679.5292232684087,679.5292232684087,679.5292232684087,679.5292232684087,679.5292232684087,679.5292232684087,679.5292232684087,679.5292232684087,679.5292232684087,679.5292232684087,679.5292232684087,679.5292232684087,679.5292232684087,679.5292232684087,679.5292232684087,679.5292232684087,679.5292232684087,679.5292232684087,679.5292232684087,679.5292232684087,679.5292232684087,679.5292232684087,679.5292232684087,679.5292232684087,679.5292232684087,679.5292232684087,679.5292232684087,679.5292232684087,675.5070393898883,675.5070393898883,675.5070393898883,675.5070393898883,675.5070393898883,675.5070393898883,675.5070393898883,675.5070393898883,675.5070393898883,675.5070393898883,675.5070393898883,675.5070393898883,675.5070393898883,675.5070393898883,675.5070393898883,675.5070393898883,675.5070393898883,675.5070393898883,675.5070393898883,675.5070393898883,675.5070393898883,675.5070393898883,675.5070393898883,675.5070393898883,675.5070393898883,675.5070393898883,675.5070393898883,675.5070393898883,675.5070393898883,675.5070393898883,675.5070393898883,675.5070393898883,675.5070393898883,675.5070393898883,675.5070393898883,675.5070393898883,675.5070393898883,675.5070393898883,675.5070393898883,675.5070393898883,675.5070393898883,675.5070393898883,675.5070393898883,675.5070393898883,675.5070393898883,675.5070393898883,675.5070393898883,675.5070393898883,675.5070393898883,675.5070393898883,675.5070393898883,675.5070393898883,675.5070393898883,675.5070393898883,675.5070393898883,675.5070393898883,675.5070393898883,675.5070393898883,675.5070393898883,675.5070393898883,675.5070393898883,675.5070393898883,675.5070393898883,675.5070393898883,675.5070393898883,675.5070393898883,675.5070393898883,675.5070393898883,675.5070393898883,675.5070393898883,675.5070393898883,675.5070393898883,675.5070393898883,675.5070393898883,675.5070393898883,675.5070393898883,675.5070393898883,675.5070393898883,675.5070393898883,675.5070393898883,675.5070393898883,675.5070393898883,675.5070393898883,675.5070393898883,675.5070393898883,675.5070393898883,675.5070393898883,675.5070393898883,675.5070393898883,675.5070393898883,675.5070393898883,675.5070393898883,675.5070393898883,675.5070393898883,675.5070393898883,675.5070393898883,675.5070393898883,675.5070393898883,675.5070393898883,675.5070393898883,675.5070393898883,675.5070393898883,675.5070393898883,675.5070393898883,675.5070393898883,675.5070393898883,675.5070393898883,675.5070393898883,675.5070393898883,675.5070393898883,675.5070393898883,675.5070393898883,675.5070393898883,675.5070393898883,675.5070393898883,675.5070393898883,675.5070393898883,675.5070393898883,675.5070393898883,675.5070393898883,675.5070393898883,675.5070393898883,675.5070393898883,675.5070393898883,675.5070393898883,675.5070393898883,675.5070393898883,675.5070393898883,675.5070393898883,675.5070393898883,675.5070393898883,675.5070393898883,675.5070393898883,675.5070393898883,675.5070393898883,675.5070393898883,675.5070393898883,675.5070393898883,675.5070393898883,675.5070393898883,675.5070393898883,675.5070393898883,675.5070393898883,675.5070393898883,675.5070393898883,675.5070393898883,675.5070393898883,675.5070393898883,675.5070393898883,675.5070393898883,675.5070393898883,675.5070393898883,675.5070393898883,675.5070393898883,675.5070393898883,675.5070393898883,675.5070393898883,675.5070393898883,675.5070393898883,675.5070393898883,675.5070393898883,675.5070393898883,675.5070393898883,675.5070393898883,675.5070393898883,675.5070393898883,675.5070393898883,675.5070393898883,675.5070393898883,675.5070393898883,675.5070393898883,675.5070393898883,675.5070393898883,675.5070393898883,675.5070393898883,675.5070393898883,675.5070393898883,675.5070393898883,675.5070393898883,675.5070393898883,675.5070393898883,675.5070393898883,675.5070393898883,675.5070393898883,675.5070393898883,675.5070393898883,675.5070393898883,675.5070393898883,675.5070393898883,675.5070393898883,675.5070393898883,675.5070393898883,675.5070393898883,675.5070393898883,675.5070393898883,675.5070393898883,675.5070393898883,675.5070393898883,675.5070393898883,675.5070393898883,675.5070393898883,675.5070393898883,675.5070393898883,675.5070393898883,675.5070393898883,675.5070393898883,675.5070393898883,675.5070393898883,675.5070393898883,675.5070393898883,675.5070393898883,675.5070393898883,675.5070393898883,675.5070393898883,675.5070393898883,675.5070393898883,675.5070393898883,675.5070393898883,675.5070393898883,675.5070393898883,675.5070393898883,675.5070393898883,675.5070393898883,675.5070393898883,675.5070393898883,675.5070393898883,675.5070393898883,675.5070393898883,675.5070393898883,675.5070393898883,675.5070393898883,675.5070393898883,675.5070393898883,675.5070393898883,675.5070393898883,675.5070393898883]"
RC101,25,QA-QPSO,5,560.2676179759532,2.5949511000071652,287,True,301,"[691.5568243222754,691.5568243222754,691.5568243222754,691.5568243222754,691.5568243222754,691.5568243222754,691.5568243222754,691.5568243222754,691.5568243222754,691.5568243222754,691.5568243222754,691.5568243222754,691.5568243222754,679.56684673367,679.56684673367,679.56684673367,679.56684673367,679.56684673367,679.56684673367,679.56684673367,679.56684673367,679.56684673367,679.56684673367,679.56684673367,679.56684673367,679.56684673367,679.56684673367,679.56684673367,679.56684673367,679.56684673367,679.56684673367,679.56684673367,679.56684673367,679.56684673367,679.56684673367,679.56684673367,679.56684673367,679.56684673367,679.56684673367,679.56684673367,679.56684673367,679.56684673367,679.56684673367,679.56684673367,679.56684673367,679.56684673367,679.56684673367,679.56684673367,679.56684673367,679.56684673367,679.5292232684089,679.5292232684089,679.5292232684089,679.5292232684089,679.5292232684089,679.5292232684089,679.5292232684089,679.5292232684089,679.5292232684089,679.5292232684089,679.5292232684089,679.5292232684089,679.5292232684089,679.5292232684089,658.964073590231,658.964073590231,658.964073590231,658.964073590231,658.964073590231,658.964073590231,658.964073590231,658.964073590231,658.964073590231,658.964073590231,658.964073590231,658.964073590231,658.964073590231,658.964073590231,658.964073590231,658.964073590231,658.964073590231,658.964073590231,658.964073590231,658.964073590231,658.964073590231,658.964073590231,658.964073590231,658.964073590231,658.964073590231,658.964073590231,658.964073590231,658.964073590231,658.964073590231,658.964073590231,658.964073590231,658.964073590231,658.964073590231,658.964073590231,658.964073590231,658.964073590231,658.964073590231,658.964073590231,658.964073590231,658.964073590231,658.964073590231,658.964073590231,658.964073590231,658.964073590231,658.964073590231,658.964073590231,658.964073590231,658.964073590231,658.964073590231,658.964073590231,658.964073590231,658.964073590231,658.964073590231,658.964073590231,658.964073590231,658.964073590231,658.964073590231,658.964073590231,658.964073590231,658.964073590231,658.964073590231,658.964073590231,658.964073590231,658.964073590231,658.964073590231,658.964073590231,658.964073590231,658.964073590231,658.964073590231,658.964073590231,658.964073590231,658.964073590231,658.964073590231,658.964073590231,658.964073590231,658.964073590231,658.964073590231,658.964073590231,658.964073590231,658.964073590231,658.964073590231,658.964073590231,658.964073590231,658.964073590231,658.964073590231,658.964073590231,658.964073590231,658.964073590231,658.964073590231,658.964073590231,658.964073590231,658.964073590231,658.964073590231,658.964073590231,658.964073590231,658.964073590231,658.964073590231,658.964073590231,658.964073590231,658.964073590231,658.964073590231,658.964073590231,658.964073590231,658.964073590231,658.964073590231,658.964073590231,658.964073590231,658.964073590231,658.964073590231,658.964073590231,658.964073590231,658.964073590231,658.964073590231,658.964073590231,658.964073590231,658.964073590231,658.964073590231,658.964073590231,658.964073590231,658.964073590231,658.964073590231,658.964073590231,658.964073590231,658.964073590231,658.964073590231,658.964073590231,658.964073590231,658.964073590231,658.964073590231,658.964073590231,658.964073590231,658.964073590231,658.964073590231,658.964073590231,658.964073590231,658.964073590231,658.964073590231,658.964073590231,658.964073590231,658.964073590231,658.964073590231,658.964073590231,658.964073590231,658.964073590231,658.964073590231,658.964073590231,658.964073590231,658.964073590231,658.964073590231,658.964073590231,658.964073590231,658.964073590231,614.7116861504908,614.7116861504908,614.7116861504908,614.7116861504908,614.7116861504908,614.7116861504908,614.7116861504908,614.7116861504908,614.7116861504908,614.7116861504908,614.7116861504908,614.7116861504908,614.7116861504908,614.7116861504908,614.7116861504908,614.7116861504908,614.7116861504908,614.7116861504908,614.7116861504908,614.7116861504908,614.7116861504908,614.7116861504908,614.7116861504908,614.7116861504908,614.7116861504908,614.7116861504908,614.7116861504908,614.7116861504908,611.6959121898899,611.6959121898899,611.6959121898899,611.6959121898899,611.6959121898899,611.6959121898899,611.6959121898899,611.6959121898899,611.6959121898899,611.6959121898899,611.6959121898899,611.6959121898899,611.6959121898899,611.6959121898899,611.6959121898899,611.6959121898899,611.6959121898899,611.6959121898899,611.6959121898899,611.6959121898899,611.6959121898899,567.6077410381937,567.6077410381937,567.6077410381937,567.6077410381937,567.6077410381937,567.6077410381937,567.6077410381937,567.6077410381937,567.6077410381937,567.6077410381937,567.6077410381937,567.6077410381937,567.6077410381937,567.6077410381937,567.6077410381937,567.6077410381937,567.6077410381937,567.6077410381937,567.6077410381937,567.6077410381937,567.6077410381937,560.2676179759532,560.2676179759532,560.2676179759532,560.2676179759532,560.2676179759532,560.2676179759532,560.2676179759532,560.2676179759532,560.2676179759532,560.2676179759532,560.2676179759532,560.2676179759532,560.2676179759532,560.2676179759532,560.2676179759532]"
RC101,25,QA-QPSO,6,601.6339006889791,2.5923109000141267,120,True,301,"[849.8575601757644,798.6262728410259,798.6262728410259,707.5948793950449,707.5948793950449,707.5948793950449,707.5948793950449,707.5948793950449,707.5948793950449,707.5948793950449,707.5948793950449,707.5948793950449,707.5948793950449,707.5948793950449,707.5948793950449,707.5948793950449,707.5948793950449,707.5948793950449,707.5948793950449,707.5948793950449,707.5948793950449,707.5948793950449,707.5948793950449,707.5948793950449,704.2855695297277,704.2855695297277,704.2855695297277,704.2855695297277,704.2855695297277,704.2855695297277,690.3517284540847,690.3517284540847,690.3517284540847,690.3517284540847,690.3517284540847,690.3517284540847,690.3517284540847,690.3517284540847,690.3517284540847,690.3517284540847,690.3517284540847,690.3517284540847,690.3517284540847,690.3517284540847,690.3517284540847,690.3517284540847,690.3517284540847,690.3517284540847,690.3517284540847,690.3517284540847,690.3517284540847,690.3517284540847,601.6339006889791,601.6339006889791,601.6339006889791,601.6339006889791,601.6339006889791,601.6339006889791,601.6339006889791,601.6339006889791,601.6339006889791,601.6339006889791,601.6339006889791,601.6339006889791,601.6339006889791,601.6339006889791,601.6339006889791,601.6339006889791,601.6339006889791,601.6339006889791,601.6339006889791,601.6339006889791,601.6339006889791,601.6339006889791,601.6339006889791,601.6339006889791,601.6339006889791,601.6339006889791,601.6339006889791,601.6339006889791,601.6339006889791,601.6339006889791,601.6339006889791,601.6339006889791,601.6339006889791,601.6339006889791,601.6339006889791,601.6339006889791,601.6339006889791,601.6339006889791,601.6339006889791,601.6339006889791,601.6339006889791,601.6339006889791,601.6339006889791,601.6339006889791,601.6339006889791,601.6339006889791,601.6339006889791,601.6339006889791,601.6339006889791,601.6339006889791,601.6339006889791,601.6339006889791,601.6339006889791,601.6339006889791,601.6339006889791,601.6339006889791,601.6339006889791,601.6339006889791,601.6339006889791,601.6339006889791,601.6339006889791,601.6339006889791,601.6339006889791,601.6339006889791,601.6339006889791,601.6339006889791,601.6339006889791,601.6339006889791,601.6339006889791,601.6339006889791,601.6339006889791,601.6339006889791,601.6339006889791,601.6339006889791,601.6339006889791,601.6339006889791,601.6339006889791,601.6339006889791,601.6339006889791,601.6339006889791,601.6339006889791,601.6339006889791,601.6339006889791,601.6339006889791,601.6339006889791,601.6339006889791,601.6339006889791,601.6339006889791,601.6339006889791,601.6339006889791,601.6339006889791,601.6339006889791,601.6339006889791,601.6339006889791,601.6339006889791,601.6339006889791,601.6339006889791,601.6339006889791,601.6339006889791,601.6339006889791,601.6339006889791,601.6339006889791,601.6339006889791,601.6339006889791,601.6339006889791,601.6339006889791,601.6339006889791,601.6339006889791,601.6339006889791,601.6339006889791,601.6339006889791,601.6339006889791,601.6339006889791,601.6339006889791,601.6339006889791,601.6339006889791,601.6339006889791,601.6339006889791,601.6339006889791,601.6339006889791,601.6339006889791,601.6339006889791,601.6339006889791,601.6339006889791,601.6339006889791,601.6339006889791,601.6339006889791,601.6339006889791,601.6339006889791,601.6339006889791,601.6339006889791,601.6339006889791,601.6339006889791,601.6339006889791,601.6339006889791,601.6339006889791,601.6339006889791,601.6339006889791,601.6339006889791,601.6339006889791,601.6339006889791,601.6339006889791,601.6339006889791,601.6339006889791,601.6339006889791,601.6339006889791,601.6339006889791,601.6339006889791,601.6339006889791,601.6339006889791,601.6339006889791,601.6339006889791,601.6339006889791,601.6339006889791,601.6339006889791,601.6339006889791,601.6339006889791,601.6339006889791,601.6339006889791,601.6339006889791,601.6339006889791,601.6339006889791,601.6339006889791,601.6339006889791,601.6339006889791,601.6339006889791,601.6339006889791,601.6339006889791,601.6339006889791,601.6339006889791,601.6339006889791,601.6339006889791,601.6339006889791,601.6339006889791,601.6339006889791,601.6339006889791,601.6339006889791,601.6339006889791,601.6339006889791,601.6339006889791,601.6339006889791,601.6339006889791,601.6339006889791,601.6339006889791,601.6339006889791,601.6339006889791,601.6339006889791,601.6339006889791,601.6339006889791,601.6339006889791,601.6339006889791,601.6339006889791,601.6339006889791,601.6339006889791,601.6339006889791,601.6339006889791,601.6339006889791,601.6339006889791,601.6339006889791,601.6339006889791,601.6339006889791,601.6339006889791,601.6339006889791,601.6339006889791,601.6339006889791,601.6339006889791,601.6339006889791,601.6339006889791,601.6339006889791,601.6339006889791,601.6339006889791,601.6339006889791,601.6339006889791,601.6339006889791,601.6339006889791,601.6339006889791,601.6339006889791,601.6339006889791,601.6339006889791,601.6339006889791,601.6339006889791,601.6339006889791,601.6339006889791,601.6339006889791,601.6339006889791,601.6339006889791,601.6339006889791,601.6339006889791,601.6339006889791,601.6339006889791,601.6339006889791,601.6339006889791,601.6339006889791,601.6339006889791,601.6339006889791,601.6339006889791,601.6339006889791,601.6339006889791,601.6339006889791,601.6339006889791,601.6339006889791,601.6339006889791,601.6339006889791,601.6339006889791,601.6339006889791,601.6339006889791,601.6339006889791,601.6339006889791,601.6339006889791]"
RC101,25,QA-QPSO,7,590.252117239556,2.579449000011664,279,True,301,"[660.0749081977604,660.0749081977604,660.0749081977604,660.0749081977604,660.0749081977604,660.0749081977604,660.0749081977604,660.0749081977604,660.0749081977604,660.0749081977604,660.0749081977604,660.0749081977604,660.0749081977604,660.0749081977604,660.0749081977604,660.0749081977604,660.0749081977604,660.0749081977604,660.0749081977604,660.0749081977604,660.0749081977604,660.0749081977604,660.0749081977604,660.0749081977604,660.0749081977604,660.0749081977604,660.0749081977604,660.0749081977604,660.0749081977604,660.0749081977604,660.0749081977604,660.0749081977604,660.0749081977604,660.0749081977604,660.0749081977604,660.0749081977604,660.0749081977604,660.0749081977604,660.0749081977604,660.0749081977604,660.0749081977604,660.0749081977604,660.0749081977604,660.0749081977604,660.0749081977604,660.0749081977604,660.0749081977604,660.0749081977604,660.0749081977604,660.0749081977604,660.0749081977604,660.0749081977604,660.0749081977604,660.0749081977604,660.0749081977604,660.0749081977604,660.0749081977604,660.0749081977604,660.0749081977604,660.0749081977604,660.0749081977604,660.0749081977604,660.0749081977604,660.0749081977604,660.0749081977604,660.0749081977604,660.0749081977604,660.0749081977604,660.0749081977604,660.0749081977604,660.0749081977604,660.0749081977604,660.0749081977604,660.0749081977604,660.0749081977604,660.0749081977604,660.0749081977604,660.0749081977604,660.0749081977604,660.0749081977604,660.0749081977604,660.0749081977604,660.0749081977604,660.0749081977604,660.0749081977604,660.0749081977604,660.0749081977604,660.0749081977604,660.0749081977604,660.0749081977604,660.0749081977604,660.0749081977604,660.0749081977604,660.0749081977604,660.0749081977604,660.0749081977604,660.0749081977604,660.0749081977604,660.0749081977604,660.0749081977604,660.0749081977604,660.0749081977604,660.0749081977604,660.0749081977604,660.0749081977604,660.0749081977604,660.0749081977604,660.0749081977604,660.0749081977604,660.0749081977604,660.0749081977604,660.0749081977604,660.0749081977604,660.0749081977604,660.0749081977604,660.0749081977604,660.0749081977604,660.0749081977604,660.0749081977604,660.0749081977604,660.0749081977604,660.0749081977604,660.0749081977604,660.0749081977604,660.0749081977604,660.0749081977604,660.0749081977604,660.0749081977604,660.0749081977604,660.0749081977604,660.0749081977604,660.0749081977604,660.0749081977604,660.0749081977604,660.0749081977604,660.0749081977604,660.0749081977604,660.0749081977604,660.0749081977604,660.0749081977604,660.0749081977604,660.0749081977604,660.0749081977604,660.0749081977604,660.0749081977604,660.0749081977604,660.0749081977604,660.0749081977604,660.0749081977604,660.0749081977604,660.0749081977604,660.0749081977604,660.0749081977604,660.0749081977604,660.0749081977604,660.0749081977604,660.0749081977604,660.0749081977604,660.0749081977604,660.0749081977604,660.0749081977604,660.0749081977604,660.0749081977604,660.0749081977604,660.0749081977604,660.0749081977604,660.0749081977604,660.0749081977604,660.0749081977604,660.0749081977604,660.0749081977604,660.0749081977604,660.0749081977604,660.0749081977604,660.0749081977604,660.0749081977604,660.0749081977604,660.0749081977604,660.0749081977604,660.0749081977604,660.0749081977604,660.0749081977604,660.0749081977604,660.0749081977604,660.0749081977604,660.0749081977604,660.0749081977604,660.0749081977604,660.0749081977604,660.0749081977604,660.0749081977604,660.0749081977604,660.0749081977604,660.0749081977604,660.0749081977604,660.0749081977604,660.0749081977604,660.0749081977604,660.0749081977604,660.0749081977604,660.0749081977604,660.0749081977604,660.0749081977604,660.0749081977604,660.0749081977604,660.0749081977604,660.0749081977604,660.0749081977604,660.0749081977604,660.0749081977604,660.0749081977604,660.0749081977604,660.0749081977604,660.0749081977604,660.0749081977604,660.0749081977604,660.0749081977604,660.0749081977604,660.0749081977604,660.0749081977604,660.0749081977604,660.0749081977604,660.0749081977604,660.0749081977604,660.0749081977604,660.0749081977604,660.0749081977604,660.0749081977604,660.0749081977604,660.0749081977604,660.0749081977604,660.0749081977604,660.0749081977604,660.0749081977604,660.0749081977604,660.0749081977604,660.0749081977604,660.0749081977604,660.0749081977604,660.0749081977604,660.0749081977604,660.0749081977604,660.0749081977604,660.0749081977604,660.0749081977604,660.0749081977604,660.0749081977604,660.0749081977604,660.0749081977604,624.0686020829174,624.0686020829174,624.0686020829174,624.0686020829174,624.0686020829174,624.0686020829174,624.0686020829174,624.0686020829174,624.0686020829174,624.0686020829174,624.0686020829174,624.0686020829174,624.0686020829174,624.0686020829174,624.0686020829174,624.0686020829174,624.0686020829174,624.0686020829174,624.0686020829174,624.0686020829174,624.0686020829174,624.0686020829174,624.0686020829174,624.0686020829174,624.0686020829174,624.0686020829174,624.0686020829174,624.0686020829174,624.0686020829174,590.252117239556,590.252117239556,590.252117239556,590.252117239556,590.252117239556,590.252117239556,590.252117239556,590.252117239556,590.252117239556,590.252117239556,590.252117239556,590.252117239556,590.252117239556,590.252117239556,590.252117239556,590.252117239556,590.252117239556,590.252117239556,590.252117239556,590.252117239556,590.252117239556,590.252117239556,590.252117239556]"
RC101,25,QA-QPSO,8,625.8461565798827,2.5416165000060573,124,True,301,"[810.7851856966286,749.2748996682406,729.7478475719481,729.7478475719481,729.7478475719481,729.7478475719481,682.3375425253739,682.3375425253739,682.3375425253739,682.3375425253739,677.1860094720548,677.1860094720548,677.1860094720548,677.1860094720548,677.1860094720548,677.1860094720548,677.1860094720548,677.1860094720548,677.1860094720548,664.9251343910292,664.9251343910292,664.9251343910292,664.9251343910292,664.9251343910292,664.9251343910292,664.9251343910292,664.9251343910292,664.9251343910292,664.9251343910292,664.9251343910292,664.9251343910292,664.9251343910292,664.9251343910292,664.9251343910292,664.9251343910292,664.9251343910292,664.9251343910292,664.9251343910292,664.9251343910292,664.9251343910292,664.9251343910292,664.9251343910292,664.9251343910292,664.9251343910292,664.9251343910292,664.9251343910292,664.9251343910292,664.9251343910292,664.9251343910292,664.9251343910292,664.9251343910292,664.9251343910292,664.9251343910292,664.9251343910292,664.9251343910292,664.9251343910292,664.9251343910292,664.9251343910292,664.9251343910292,664.9251343910292,664.9251343910292,664.9251343910292,664.9251343910292,664.9251343910292,664.9251343910292,664.9251343910292,664.9251343910292,664.9251343910292,664.9251343910292,664.9251343910292,664.9251343910292,664.9251343910292,664.9251343910292,664.9251343910292,664.9251343910292,664.9251343910292,664.9251343910292,664.9251343910292,664.9251343910292,664.9251343910292,664.9251343910292,664.9251343910292,664.9251343910292,664.9251343910292,664.9251343910292,664.9251343910292,664.9251343910292,664.9251343910292,664.9251343910292,664.9251343910292,664.9251343910292,664.9251343910292,664.9251343910292,664.9251343910292,664.9251343910292,664.9251343910292,664.9251343910292,664.9251343910292,664.9251343910292,664.9251343910292,664.9251343910292,664.9251343910292,664.9251343910292,664.9251343910292,664.9251343910292,664.9251343910292,664.9251343910292,664.9251343910292,664.9251343910292,664.9251343910292,664.9251343910292,664.9251343910292,664.9251343910292,664.9251343910292,664.9251343910292,664.9251343910292,664.9251343910292,664.9251343910292,664.9251343910292,664.9251343910292,664.9251343910292,664.9251343910292,664.9251343910292,625.8461565798827,625.8461565798827,625.8461565798827,625.8461565798827,625.8461565798827,625.8461565798827,625.8461565798827,625.8461565798827,625.8461565798827,625.8461565798827,625.8461565798827,625.8461565798827,625.8461565798827,625.8461565798827,625.8461565798827,625.8461565798827,625.8461565798827,625.8461565798827,625.8461565798827,625.8461565798827,625.8461565798827,625.8461565798827,625.8461565798827,625.8461565798827,625.8461565798827,625.8461565798827,625.8461565798827,625.8461565798827,625.8461565798827,625.8461565798827,625.8461565798827,625.8461565798827,625.8461565798827,625.8461565798827,625.8461565798827,625.8461565798827,625.8461565798827,625.8461565798827,625.8461565798827,625.8461565798827,625.8461565798827,625.8461565798827,625.8461565798827,625.8461565798827,625.8461565798827,625.8461565798827,625.8461565798827,625.8461565798827,625.8461565798827,625.8461565798827,625.8461565798827,625.8461565798827,625.8461565798827,625.8461565798827,625.8461565798827,625.8461565798827,625.8461565798827,625.8461565798827,625.8461565798827,625.8461565798827,625.8461565798827,625.8461565798827,625.8461565798827,625.8461565798827,625.8461565798827,625.8461565798827,625.8461565798827,625.8461565798827,625.8461565798827,625.8461565798827,625.8461565798827,625.8461565798827,625.8461565798827,625.8461565798827,625.8461565798827,625.8461565798827,625.8461565798827,625.8461565798827,625.8461565798827,625.8461565798827,625.8461565798827,625.8461565798827,625.8461565798827,625.8461565798827,625.8461565798827,625.8461565798827,625.8461565798827,625.8461565798827,625.8461565798827,625.8461565798827,625.8461565798827,625.8461565798827,625.8461565798827,625.8461565798827,625.8461565798827,625.8461565798827,625.8461565798827,625.8461565798827,625.8461565798827,625.8461565798827,625.8461565798827,625.8461565798827,625.8461565798827,625.8461565798827,625.8461565798827,625.8461565798827,625.8461565798827,625.8461565798827,625.8461565798827,625.8461565798827,625.8461565798827,625.8461565798827,625.8461565798827,625.8461565798827,625.8461565798827,625.8461565798827,625.8461565798827,625.8461565798827,625.8461565798827,625.8461565798827,625.8461565798827,625.8461565798827,625.8461565798827,625.8461565798827,625.8461565798827,625.8461565798827,625.8461565798827,625.8461565798827,625.8461565798827,625.8461565798827,625.8461565798827,625.8461565798827,625.8461565798827,625.8461565798827,625.8461565798827,625.8461565798827,625.8461565798827,625.8461565798827,625.8461565798827,625.8461565798827,625.8461565798827,625.8461565798827,625.8461565798827,625.8461565798827,625.8461565798827,625.8461565798827,625.8461565798827,625.8461565798827,625.8461565798827,625.8461565798827,625.8461565798827,625.8461565798827,625.8461565798827,625.8461565798827,625.8461565798827,625.8461565798827,625.8461565798827,625.8461565798827,625.8461565798827,625.8461565798827,625.8461565798827,625.8461565798827,625.8461565798827,625.8461565798827,625.8461565798827,625.8461565798827,625.8461565798827,625.8461565798827,625.8461565798827,625.8461565798827,625.8461565798827,625.8461565798827,625.8461565798827,625.8461565798827,625.8461565798827,625.8461565798827,625.8461565798827,625.8461565798827]"
RC101,25,QA-QPSO,9,577.8913395222039,2.3860212999861687,283,True,301,"[770.280757298763,743.7448609651974,743.7448609651974,743.7448609651974,743.7448609651974,743.7448609651974,687.1775306599777,687.1775306599777,687.1775306599777,687.1775306599777,687.1775306599777,687.1775306599777,687.1775306599777,687.1775306599777,678.5831785105513,678.5831785105513,678.5831785105513,678.5831785105513,678.5831785105513,678.5831785105513,678.5831785105513,650.9253584101971,650.9253584101971,650.9253584101971,650.9253584101971,650.9253584101971,650.9253584101971,650.9253584101971,650.9253584101971,650.9253584101971,650.9253584101971,650.9253584101971,650.9253584101971,650.9253584101971,650.9253584101971,650.9253584101971,650.9253584101971,650.9253584101971,650.9253584101971,650.9253584101971,650.9253584101971,650.9253584101971,650.9253584101971,650.9253584101971,650.9253584101971,650.9253584101971,650.9253584101971,650.9253584101971,650.9253584101971,650.9253584101971,650.9253584101971,650.9253584101971,650.9253584101971,650.9253584101971,650.9253584101971,650.9253584101971,650.9253584101971,650.9253584101971,650.9253584101971,650.9253584101971,650.9253584101971,650.9253584101971,650.9253584101971,650.9253584101971,650.9253584101971,650.9253584101971,650.9253584101971,650.9253584101971,650.9253584101971,650.9253584101971,650.9253584101971,650.9253584101971,650.9253584101971,650.9253584101971,650.9253584101971,650.9253584101971,650.9253584101971,650.9253584101971,650.9253584101971,650.9253584101971,650.9253584101971,650.9253584101971,650.9253584101971,650.9253584101971,650.9253584101971,650.9253584101971,650.9253584101971,650.9253584101971,650.9253584101971,650.9253584101971,650.9253584101971,650.9253584101971,650.9253584101971,650.9253584101971,650.9253584101971,650.9253584101971,650.9253584101971,650.9253584101971,650.9253584101971,650.9253584101971,650.9253584101971,650.9253584101971,650.9253584101971,650.9253584101971,650.9253584101971,650.9253584101971,650.9253584101971,650.9253584101971,650.9253584101971,650.9253584101971,650.9253584101971,650.9253584101971,650.9253584101971,650.9253584101971,650.9253584101971,650.9253584101971,650.9253584101971,650.9253584101971,650.9253584101971,650.9253584101971,650.9253584101971,650.9253584101971,650.9253584101971,650.9253584101971,650.9253584101971,650.9253584101971,650.9253584101971,650.9253584101971,650.9253584101971,650.9253584101971,650.9253584101971,650.9253584101971,650.9253584101971,650.9253584101971,650.9253584101971,650.9253584101971,650.9253584101971,650.9253584101971,650.9253584101971,650.9253584101971,650.9253584101971,650.9253584101971,650.9253584101971,650.9253584101971,650.9253584101971,650.9253584101971,650.9253584101971,650.9253584101971,650.9253584101971,650.9253584101971,650.9253584101971,650.9253584101971,650.9253584101971,650.9253584101971,650.9253584101971,650.9253584101971,650.9253584101971,650.9253584101971,650.9253584101971,650.9253584101971,650.9253584101971,650.9253584101971,650.9253584101971,650.9253584101971,650.9253584101971,650.9253584101971,650.9253584101971,650.9253584101971,650.9253584101971,650.9253584101971,650.9253584101971,650.9253584101971,650.9253584101971,650.9253584101971,650.9253584101971,650.9253584101971,650.9253584101971,650.9253584101971,650.9253584101971,650.9253584101971,650.9253584101971,650.9253584101971,650.9253584101971,650.9253584101971,650.9253584101971,650.9253584101971,650.9253584101971,650.9253584101971,650.9253584101971,650.9253584101971,650.9253584101971,650.9253584101971,650.9253584101971,650.9253584101971,650.9253584101971,650.9253584101971,650.9253584101971,650.9253584101971,650.9253584101971,650.9253584101971,650.9253584101971,650.9253584101971,650.9253584101971,650.9253584101971,650.9253584101971,650.9253584101971,650.9253584101971,650.9253584101971,650.9253584101971,650.9253584101971,650.9253584101971,650.9253584101971,650.9253584101971,650.9253584101971,650.9253584101971,650.9253584101971,650.9253584101971,650.9253584101971,650.9253584101971,650.9253584101971,650.9253584101971,650.9253584101971,650.9253584101971,650.9253584101971,650.9253584101971,650.9253584101971,650.9253584101971,650.9253584101971,650.9253584101971,650.9253584101971,650.9253584101971,650.9253584101971,650.9253584101971,650.9253584101971,650.9253584101971,650.9253584101971,650.9253584101971,650.9253584101971,650.9253584101971,650.9253584101971,650.9253584101971,650.9253584101971,650.9253584101971,650.9253584101971,650.9253584101971,650.9253584101971,650.9253584101971,650.9253584101971,650.9253584101971,650.9253584101971,650.9253584101971,650.9253584101971,650.9253584101971,650.9253584101971,650.9253584101971,650.9253584101971,650.9253584101971,650.9253584101971,650.9253584101971,650.9253584101971,650.9253584101971,650.9253584101971,650.9253584101971,650.9253584101971,650.9253584101971,650.9253584101971,650.9253584101971,650.9253584101971,650.9253584101971,650.9253584101971,636.1535034330236,636.1535034330236,636.1535034330236,618.3620477541556,618.3620477541556,618.3620477541556,618.3620477541556,614.8373266831186,614.8373266831186,614.8373266831186,614.8373266831186,614.8373266831186,577.8913395222039,577.8913395222039,577.8913395222039,577.8913395222039,577.8913395222039,577.8913395222039,577.8913395222039,577.8913395222039,577.8913395222039,577.8913395222039,577.8913395222039,577.8913395222039,577.8913395222039,577.8913395222039,577.8913395222039,577.8913395222039,577.8913395222039,577.8913395222039,577.8913395222039]"
RC101,25,QA-QPSO,10,635.092883885928,2.5335457999899518,120,True,301,"[724.7244439718353,635.092883885928,635.092883885928,635.092883885928,635.092883885928,635.092883885928,635.092883885928,635.092883885928,635.092883885928,635.092883885928,635.092883885928,635.092883885928,635.092883885928,635.092883885928,635.092883885928,635.092883885928,635.092883885928,635.092883885928,635.092883885928,635.092883885928,635.092883885928,635.092883885928,635.092883885928,635.092883885928,635.092883885928,635.092883885928,635.092883885928,635.092883885928,635.092883885928,635.092883885928,635.092883885928,635.092883885928,635.092883885928,635.092883885928,635.092883885928,635.092883885928,635.092883885928,635.092883885928,635.092883885928,635.092883885928,635.092883885928,635.092883885928,635.092883885928,635.092883885928,635.092883885928,635.092883885928,635.092883885928,635.092883885928,635.092883885928,635.092883885928,635.092883885928,635.092883885928,635.092883885928,635.092883885928,635.092883885928,635.092883885928,635.092883885928,635.092883885928,635.092883885928,635.092883885928,635.092883885928,635.092883885928,635.092883885928,635.092883885928,635.092883885928,635.092883885928,635.092883885928,635.092883885928,635.092883885928,635.092883885928,635.092883885928,635.092883885928,635.092883885928,635.092883885928,635.092883885928,635.092883885928,635.092883885928,635.092883885928,635.092883885928,635.092883885928,635.092883885928,635.092883885928,635.092883885928,635.092883885928,635.092883885928,635.092883885928,635.092883885928,635.092883885928,635.092883885928,635.092883885928,635.092883885928,635.092883885928,635.092883885928,635.092883885928,635.092883885928,635.092883885928,635.092883885928,635.092883885928,635.092883885928,635.092883885928,635.092883885928,635.092883885928,635.092883885928,635.092883885928,635.092883885928,635.092883885928,635.092883885928,635.092883885928,635.092883885928,635.092883885928,635.092883885928,635.092883885928,635.092883885928,635.092883885928,635.092883885928,635.092883885928,635.092883885928,635.092883885928,635.092883885928,635.092883885928,635.092883885928,635.092883885928,635.092883885928,635.092883885928,635.092883885928,635.092883885928,635.092883885928,635.092883885928,635.092883885928,635.092883885928,635.092883885928,635.092883885928,635.092883885928,635.092883885928,635.092883885928,635.092883885928,635.092883885928,635.092883885928,635.092883885928,635.092883885928,635.092883885928,635.092883885928,635.092883885928,635.092883885928,635.092883885928,635.092883885928,635.092883885928,635.092883885928,635.092883885928,635.092883885928,635.092883885928,635.092883885928,635.092883885928,635.092883885928,635.092883885928,635.092883885928,635.092883885928,635.092883885928,635.092883885928,635.092883885928,635.092883885928,635.092883885928,635.092883885928,635.092883885928,635.092883885928,635.092883885928,635.092883885928,635.092883885928,635.092883885928,635.092883885928,635.092883885928,635.092883885928,635.092883885928,635.092883885928,635.092883885928,635.092883885928,635.092883885928,635.092883885928,635.092883885928,635.092883885928,635.092883885928,635.092883885928,635.092883885928,635.092883885928,635.092883885928,635.092883885928,635.092883885928,635.092883885928,635.092883885928,635.092883885928,635.092883885928,635.092883885928,635.092883885928,635.092883885928,635.092883885928,635.092883885928,635.092883885928,635.092883885928,635.092883885928,635.092883885928,635.092883885928,635.092883885928,635.092883885928,635.092883885928,635.092883885928,635.092883885928,635.092883885928,635.092883885928,635.092883885928,635.092883885928,635.092883885928,635.092883885928,635.092883885928,635.092883885928,635.092883885928,635.092883885928,635.092883885928,635.092883885928,635.092883885928,635.092883885928,635.092883885928,635.092883885928,635.092883885928,635.092883885928,635.092883885928,635.092883885928,635.092883885928,635.092883885928,635.092883885928,635.092883885928,635.092883885928,635.092883885928,635.092883885928,635.092883885928,635.092883885928,635.092883885928,635.092883885928,635.092883885928,635.092883885928,635.092883885928,635.092883885928,635.092883885928,635.092883885928,635.092883885928,635.092883885928,635.092883885928,635.092883885928,635.092883885928,635.092883885928,635.092883885928,635.092883885928,635.092883885928,635.092883885928,635.092883885928,635.092883885928,635.092883885928,635.092883885928,635.092883885928,635.092883885928,635.092883885928,635.092883885928,635.092883885928,635.092883885928,635.092883885928,635.092883885928,635.092883885928,635.092883885928,635.092883885928,635.092883885928,635.092883885928,635.092883885928,635.092883885928,635.092883885928,635.092883885928,635.092883885928,635.092883885928,635.092883885928,635.092883885928,635.092883885928,635.092883885928,635.092883885928,635.092883885928,635.092883885928,635.092883885928,635.092883885928,635.092883885928,635.092883885928,635.092883885928,635.092883885928,635.092883885928,635.092883885928,635.092883885928,635.092883885928,635.092883885928,635.092883885928,635.092883885928,635.092883885928,635.092883885928,635.092883885928,635.092883885928,635.092883885928]"
RC101,25,QA-QPSO,11,669.6179446973339,2.544128900015494,120,True,301,"[804.7276125060881,804.7276125060881,779.5657400076591,739.3950919108489,739.3950919108489,739.3950919108489,739.3950919108489,739.3950919108489,739.3950919108489,739.3950919108489,735.6431626104945,735.6431626104945,735.6431626104945,735.6431626104945,735.6431626104945,735.6431626104945,670.3286641729037,670.3286641729037,670.3286641729037,670.3286641729037,670.3286641729037,670.3286641729037,670.3286641729037,670.1298653931973,670.1298653931973,670.1298653931973,670.1298653931973,670.1298653931973,670.1298653931973,670.1298653931973,670.1298653931973,670.1298653931973,670.1298653931973,670.1298653931973,670.1298653931973,670.1298653931973,670.1298653931973,670.1298653931973,670.1298653931973,670.1298653931973,670.1298653931973,670.1298653931973,670.1298653931973,670.1298653931973,670.1298653931973,670.1298653931973,670.1298653931973,670.1298653931973,670.1298653931973,670.1298653931973,670.1298653931973,670.1298653931973,670.1298653931973,670.1298653931973,670.1298653931973,670.1298653931973,670.1298653931973,670.1298653931973,670.1298653931973,670.1298653931973,670.1298653931973,670.1298653931973,670.1298653931973,670.1298653931973,670.1298653931973,669.6179446973339,669.6179446973339,669.6179446973339,669.6179446973339,669.6179446973339,669.6179446973339,669.6179446973339,669.6179446973339,669.6179446973339,669.6179446973339,669.6179446973339,669.6179446973339,669.6179446973339,669.6179446973339,669.6179446973339,669.6179446973339,669.6179446973339,669.6179446973339,669.6179446973339,669.6179446973339,669.6179446973339,669.6179446973339,669.6179446973339,669.6179446973339,669.6179446973339,669.6179446973339,669.6179446973339,669.6179446973339,669.6179446973339,669.6179446973339,669.6179446973339,669.6179446973339,669.6179446973339,669.6179446973339,669.6179446973339,669.6179446973339,669.6179446973339,669.6179446973339,669.6179446973339,669.6179446973339,669.6179446973339,669.6179446973339,669.6179446973339,669.6179446973339,669.6179446973339,669.6179446973339,669.6179446973339,669.6179446973339,669.6179446973339,669.6179446973339,669.6179446973339,669.6179446973339,669.6179446973339,669.6179446973339,669.6179446973339,669.6179446973339,669.6179446973339,669.6179446973339,669.6179446973339,669.6179446973339,669.6179446973339,669.6179446973339,669.6179446973339,669.6179446973339,669.6179446973339,669.6179446973339,669.6179446973339,669.6179446973339,669.6179446973339,669.6179446973339,669.6179446973339,669.6179446973339,669.6179446973339,669.6179446973339,669.6179446973339,669.6179446973339,669.6179446973339,669.6179446973339,669.6179446973339,669.6179446973339,669.6179446973339,669.6179446973339,669.6179446973339,669.6179446973339,669.6179446973339,669.6179446973339,669.6179446973339,669.6179446973339,669.6179446973339,669.6179446973339,669.6179446973339,669.6179446973339,669.6179446973339,669.6179446973339,669.6179446973339,669.6179446973339,669.6179446973339,669.6179446973339,669.6179446973339,669.6179446973339,669.6179446973339,669.6179446973339,669.6179446973339,669.6179446973339,669.6179446973339,669.6179446973339,669.6179446973339,669.6179446973339,669.6179446973339,669.6179446973339,669.6179446973339,669.6179446973339,669.6179446973339,669.6179446973339,669.6179446973339,669.6179446973339,669.6179446973339,669.6179446973339,669.6179446973339,669.6179446973339,669.6179446973339,669.6179446973339,669.6179446973339,669.6179446973339,669.6179446973339,669.6179446973339,669.6179446973339,669.6179446973339,669.6179446973339,669.6179446973339,669.6179446973339,669.6179446973339,669.6179446973339,669.6179446973339,669.6179446973339,669.6179446973339,669.6179446973339,669.6179446973339,669.6179446973339,669.6179446973339,669.6179446973339,669.6179446973339,669.6179446973339,669.6179446973339,669.6179446973339,669.6179446973339,669.6179446973339,669.6179446973339,669.6179446973339,669.6179446973339,669.6179446973339,669.6179446973339,669.6179446973339,669.6179446973339,669.6179446973339,669.6179446973339,669.6179446973339,669.6179446973339,669.6179446973339,669.6179446973339,669.6179446973339,669.6179446973339,669.6179446973339,669.6179446973339,669.6179446973339,669.6179446973339,669.6179446973339,669.6179446973339,669.6179446973339,669.6179446973339,669.6179446973339,669.6179446973339,669.6179446973339,669.6179446973339,669.6179446973339,669.6179446973339,669.6179446973339,669.6179446973339,669.6179446973339,669.6179446973339,669.6179446973339,669.6179446973339,669.6179446973339,669.6179446973339,669.6179446973339,669.6179446973339,669.6179446973339,669.6179446973339,669.6179446973339,669.6179446973339,669.6179446973339,669.6179446973339,669.6179446973339,669.6179446973339,669.6179446973339,669.6179446973339,669.6179446973339,669.6179446973339,669.6179446973339,669.6179446973339,669.6179446973339,669.6179446973339,669.6179446973339,669.6179446973339,669.6179446973339,669.6179446973339,669.6179446973339,669.6179446973339,669.6179446973339,669.6179446973339,669.6179446973339,669.6179446973339,669.6179446973339,669.6179446973339,669.6179446973339,669.6179446973339,669.6179446973339,669.6179446973339,669.6179446973339,669.6179446973339,669.6179446973339,669.6179446973339,669.6179446973339,669.6179446973339,669.6179446973339,669.6179446973339,669.6179446973339,669.6179446973339,669.6179446973339,669.6179446973339,669.6179446973339,669.6179446973339,669.6179446973339,669.6179446973339,669.6179446973339,669.6179446973339]"
RC101,25,QA-QPSO,12,609.6671034318783,2.564687199977925,122,True,301,"[732.9647508085943,682.954349962467,682.954349962467,682.954349962467,682.954349962467,682.954349962467,682.954349962467,682.954349962467,682.954349962467,682.954349962467,682.954349962467,682.954349962467,682.954349962467,682.954349962467,682.954349962467,682.954349962467,682.954349962467,682.954349962467,682.954349962467,682.954349962467,682.954349962467,662.4190895952797,662.4190895952797,662.4190895952797,662.4190895952797,662.4190895952797,662.4190895952797,662.4190895952797,662.4190895952797,662.4190895952797,662.4190895952797,662.4190895952797,662.4190895952797,662.4190895952797,662.4190895952797,662.4190895952797,662.4190895952797,662.4190895952797,662.4190895952797,662.4190895952797,662.4190895952797,662.4190895952797,662.4190895952797,662.4190895952797,662.4190895952797,662.4190895952797,662.4190895952797,662.4190895952797,662.4190895952797,662.4190895952797,662.4190895952797,662.4190895952797,662.4190895952797,662.4190895952797,662.4190895952797,662.4190895952797,662.4190895952797,662.4190895952797,662.4190895952797,662.4190895952797,662.4190895952797,662.4190895952797,662.4190895952797,662.4190895952797,662.4190895952797,662.4190895952797,662.4190895952797,662.4190895952797,662.4190895952797,662.4190895952797,662.4190895952797,662.4190895952797,662.4190895952797,662.4190895952797,662.4190895952797,662.4190895952797,662.4190895952797,662.4190895952797,662.4190895952797,662.4190895952797,662.4190895952797,662.4190895952797,662.4190895952797,662.4190895952797,662.4190895952797,662.4190895952797,662.4190895952797,662.4190895952797,662.4190895952797,662.4190895952797,662.4190895952797,662.4190895952797,662.4190895952797,662.4190895952797,662.4190895952797,662.4190895952797,662.4190895952797,662.4190895952797,662.4190895952797,662.4190895952797,662.4190895952797,662.4190895952797,662.4190895952797,662.4190895952797,662.4190895952797,662.4190895952797,662.4190895952797,662.4190895952797,662.4190895952797,662.4190895952797,662.4190895952797,662.4190895952797,662.4190895952797,662.4190895952797,662.4190895952797,662.4190895952797,662.4190895952797,662.4190895952797,662.4190895952797,662.4190895952797,662.4190895952797,609.6671034318783,609.6671034318783,609.6671034318783,609.6671034318783,609.6671034318783,609.6671034318783,609.6671034318783,609.6671034318783,609.6671034318783,609.6671034318783,609.6671034318783,609.6671034318783,609.6671034318783,609.6671034318783,609.6671034318783,609.6671034318783,609.6671034318783,609.6671034318783,609.6671034318783,609.6671034318783,609.6671034318783,609.6671034318783,609.6671034318783,609.6671034318783,609.6671034318783,609.6671034318783,609.6671034318783,609.6671034318783,609.6671034318783,609.6671034318783,609.6671034318783,609.6671034318783,609.6671034318783,609.6671034318783,609.6671034318783,609.6671034318783,609.6671034318783,609.6671034318783,609.6671034318783,609.6671034318783,609.6671034318783,609.6671034318783,609.6671034318783,609.6671034318783,609.6671034318783,609.6671034318783,609.6671034318783,609.6671034318783,609.6671034318783,609.6671034318783,609.6671034318783,609.6671034318783,609.6671034318783,609.6671034318783,609.6671034318783,609.6671034318783,609.6671034318783,609.6671034318783,609.6671034318783,609.6671034318783,609.6671034318783,609.6671034318783,609.6671034318783,609.6671034318783,609.6671034318783,609.6671034318783,609.6671034318783,609.6671034318783,609.6671034318783,609.6671034318783,609.6671034318783,609.6671034318783,609.6671034318783,609.6671034318783,609.6671034318783,609.6671034318783,609.6671034318783,609.6671034318783,609.6671034318783,609.6671034318783,609.6671034318783,609.6671034318783,609.6671034318783,609.6671034318783,609.6671034318783,609.6671034318783,609.6671034318783,609.6671034318783,609.6671034318783,609.6671034318783,609.6671034318783,609.6671034318783,609.6671034318783,609.6671034318783,609.6671034318783,609.6671034318783,609.6671034318783,609.6671034318783,609.6671034318783,609.6671034318783,609.6671034318783,609.6671034318783,609.6671034318783,609.6671034318783,609.6671034318783,609.6671034318783,609.6671034318783,609.6671034318783,609.6671034318783,609.6671034318783,609.6671034318783,609.6671034318783,609.6671034318783,609.6671034318783,609.6671034318783,609.6671034318783,609.6671034318783,609.6671034318783,609.6671034318783,609.6671034318783,609.6671034318783,609.6671034318783,609.6671034318783,609.6671034318783,609.6671034318783,609.6671034318783,609.6671034318783,609.6671034318783,609.6671034318783,609.6671034318783,609.6671034318783,609.6671034318783,609.6671034318783,609.6671034318783,609.6671034318783,609.6671034318783,609.6671034318783,609.6671034318783,609.6671034318783,609.6671034318783,609.6671034318783,609.6671034318783,609.6671034318783,609.6671034318783,609.6671034318783,609.6671034318783,609.6671034318783,609.6671034318783,609.6671034318783,609.6671034318783,609.6671034318783,609.6671034318783,609.6671034318783,609.6671034318783,609.6671034318783,609.6671034318783,609.6671034318783,609.6671034318783,609.6671034318783,609.6671034318783,609.6671034318783,609.6671034318783,609.6671034318783,609.6671034318783,609.6671034318783,609.6671034318783,609.6671034318783,609.6671034318783,609.6671034318783,609.6671034318783,609.6671034318783,609.6671034318783,609.6671034318783,609.6671034318783,609.6671034318783,609.6671034318783,609.6671034318783,609.6671034318783,609.6671034318783,609.6671034318783]"
RC101,25,QA-QPSO,13,596.2014807240605,2.57575970000471,298,True,301,"[835.7545805403505,810.9074993362022,785.4598582554436,780.8948600636354,774.9381450032802,733.4309858547892,708.5093905996855,708.5093905996855,708.5093905996855,708.5093905996855,708.5093905996855,708.5093905996855,708.5093905996855,708.5093905996855,708.5093905996855,708.5093905996855,705.5200641479248,705.5200641479248,705.5200641479248,705.5200641479248,705.5200641479248,705.5200641479248,705.5200641479248,705.5200641479248,705.5200641479248,705.5200641479248,705.5200641479248,705.5200641479248,705.5200641479248,705.5200641479248,705.5200641479248,705.5200641479248,705.5200641479248,705.5200641479248,705.5200641479248,705.5200641479248,705.5200641479248,705.5200641479248,705.5200641479248,705.5200641479248,705.5200641479248,705.5200641479248,705.5200641479248,705.5200641479248,705.5200641479248,705.5200641479248,705.5200641479248,692.4512595030965,692.4512595030965,692.4512595030965,692.4512595030965,692.4512595030965,692.4512595030965,692.4512595030965,692.4512595030965,692.4512595030965,679.2017881766429,679.2017881766429,679.2017881766429,679.2017881766429,679.2017881766429,679.2017881766429,679.2017881766429,679.2017881766429,679.2017881766429,679.2017881766429,679.2017881766429,679.2017881766429,679.2017881766429,679.2017881766429,679.2017881766429,679.2017881766429,679.2017881766429,679.2017881766429,679.2017881766429,679.2017881766429,679.2017881766429,679.2017881766429,679.2017881766429,679.2017881766429,679.2017881766429,679.2017881766429,679.2017881766429,679.2017881766429,679.2017881766429,679.2017881766429,679.2017881766429,679.2017881766429,679.2017881766429,679.2017881766429,679.2017881766429,679.2017881766429,679.2017881766429,679.2017881766429,679.2017881766429,679.2017881766429,679.2017881766429,679.2017881766429,679.2017881766429,679.2017881766429,679.2017881766429,679.2017881766429,679.2017881766429,679.2017881766429,679.2017881766429,679.2017881766429,678.2541001153509,678.2541001153509,678.2541001153509,678.2541001153509,678.2541001153509,678.2541001153509,678.2541001153509,678.2541001153509,678.2541001153509,678.2541001153509,669.3098084107346,669.3098084107346,669.3098084107346,669.3098084107346,669.3098084107346,669.3098084107346,669.3098084107346,669.3098084107346,669.3098084107346,669.3098084107346,669.3098084107346,669.3098084107346,669.3098084107346,669.3098084107346,669.3098084107346,669.3098084107346,669.3098084107346,669.3098084107346,669.3098084107346,669.3098084107346,669.3098084107346,669.3098084107346,669.3098084107346,669.3098084107346,669.3098084107346,669.3098084107346,669.3098084107346,669.3098084107346,669.3098084107346,669.3098084107346,669.3098084107346,669.3098084107346,669.3098084107346,669.3098084107346,669.3098084107346,669.3098084107346,669.3098084107346,669.3098084107346,669.3098084107346,669.3098084107346,669.3098084107346,669.3098084107346,669.3098084107346,669.3098084107346,669.3098084107346,669.3098084107346,669.3098084107346,669.3098084107346,669.3098084107346,669.3098084107346,669.3098084107346,669.3098084107346,669.3098084107346,669.3098084107346,669.3098084107346,669.3098084107346,669.3098084107346,669.3098084107346,669.3098084107346,669.3098084107346,669.3098084107346,669.3098084107346,669.3098084107346,669.3098084107346,669.3098084107346,669.3098084107346,669.3098084107346,669.3098084107346,669.3098084107346,669.3098084107346,669.3098084107346,669.3098084107346,669.3098084107346,669.3098084107346,669.3098084107346,669.3098084107346,669.3098084107346,669.3098084107346,669.3098084107346,669.3098084107346,669.3098084107346,669.3098084107346,669.3098084107346,669.3098084107346,649.028546585917,649.028546585917,649.028546585917,649.028546585917,649.028546585917,649.028546585917,649.028546585917,649.028546585917,649.028546585917,649.028546585917,649.028546585917,649.028546585917,649.028546585917,649.028546585917,649.028546585917,649.028546585917,649.028546585917,649.028546585917,649.028546585917,649.028546585917,649.028546585917,649.028546585917,649.028546585917,649.028546585917,649.028546585917,649.028546585917,649.028546585917,649.028546585917,649.028546585917,649.028546585917,649.028546585917,647.4178830121002,647.4178830121002,647.4178830121002,647.4178830121002,647.4178830121002,647.4178830121002,647.4178830121002,647.4178830121002,647.4178830121002,647.4178830121002,647.4178830121002,647.4178830121002,647.4178830121002,647.4178830121002,647.4178830121002,647.4178830121002,647.4178830121002,647.4178830121002,647.4178830121002,647.4178830121002,647.4178830121002,647.4178830121002,647.4178830121002,647.4178830121002,646.8415450260682,646.8415450260682,646.8415450260682,646.8415450260682,646.8415450260682,646.8415450260682,646.8415450260682,646.8415450260682,646.8415450260682,640.3901701226155,640.3901701226155,640.3901701226155,640.3901701226155,640.3901701226155,640.3901701226155,640.3901701226155,640.3901701226155,640.3901701226155,640.3901701226155,640.3901701226155,640.3901701226155,640.3901701226155,640.3901701226155,640.3901701226155,640.3901701226155,640.3901701226155,640.3901701226155,640.3901701226155,640.3901701226155,640.3901701226155,640.3901701226155,640.3901701226155,640.3901701226155,640.3901701226155,640.3901701226155,640.3901701226155,640.3901701226155,640.3901701226155,640.3901701226155,640.3901701226155,640.3901701226155,640.3901701226155,596.2014807240605,596.2014807240605,596.2014807240605,596.2014807240605]"
RC101,25,QA-QPSO,14,637.2789627020811,2.5170776000013575,287,True,301,"[765.8850816058082,765.8850816058082,758.0255452848421,758.0255452848421,758.0255452848421,754.2147828944383,736.5403535241699,736.5403535241699,732.6030717275833,732.6030717275833,732.6030717275833,732.6030717275833,732.6030717275833,732.6030717275833,732.6030717275833,732.6030717275833,726.6959680968691,726.6959680968691,726.6959680968691,726.6959680968691,726.6959680968691,726.6959680968691,726.6959680968691,726.6959680968691,726.6959680968691,726.6959680968691,726.6959680968691,726.6959680968691,726.6959680968691,726.6959680968691,726.6959680968691,726.6959680968691,726.6959680968691,726.6959680968691,726.6959680968691,681.6689011994988,681.6689011994988,681.6689011994988,681.6689011994988,681.6689011994988,666.4951716896887,666.4951716896887,666.4951716896887,666.4951716896887,666.4951716896887,666.4951716896887,666.4951716896887,666.4951716896887,666.4951716896887,666.4951716896887,666.4951716896887,666.4951716896887,666.4951716896887,666.4951716896887,666.4951716896887,666.4951716896887,666.4951716896887,666.4951716896887,666.4951716896887,666.4951716896887,666.4951716896887,666.4951716896887,666.4951716896887,666.4951716896887,666.4951716896887,666.4951716896887,666.4951716896887,666.4951716896887,666.4951716896887,666.4951716896887,666.4951716896887,666.4951716896887,666.4951716896887,666.4951716896887,666.4951716896887,666.4951716896887,666.4951716896887,666.4951716896887,666.4951716896887,666.4951716896887,666.4951716896887,666.4951716896887,666.4951716896887,666.4951716896887,666.4951716896887,666.4951716896887,666.4951716896887,666.4951716896887,666.4951716896887,666.4951716896887,666.4951716896887,666.4951716896887,666.4951716896887,666.4951716896887,666.4951716896887,666.4951716896887,666.4951716896887,666.4951716896887,666.4951716896887,666.4951716896887,666.4951716896887,666.4951716896887,666.4951716896887,666.4951716896887,666.4951716896887,666.4951716896887,666.4951716896887,666.4951716896887,666.4951716896887,666.4951716896887,666.4951716896887,666.4951716896887,666.4951716896887,666.4951716896887,666.4951716896887,666.4951716896887,666.4951716896887,666.4951716896887,666.4951716896887,666.4951716896887,666.4951716896887,666.4951716896887,666.4951716896887,666.4951716896887,666.4951716896887,666.4951716896887,666.4951716896887,666.4951716896887,666.4951716896887,666.4951716896887,666.4951716896887,666.4951716896887,666.4951716896887,666.4951716896887,666.4951716896887,666.4951716896887,666.4951716896887,666.4951716896887,666.4951716896887,666.4951716896887,666.4951716896887,666.4951716896887,666.4951716896887,666.4951716896887,666.4951716896887,666.4951716896887,666.4951716896887,666.4951716896887,666.4951716896887,666.4951716896887,666.4951716896887,666.4951716896887,666.4951716896887,666.4951716896887,666.4951716896887,666.4951716896887,666.4951716896887,666.4951716896887,666.4951716896887,666.4951716896887,666.4951716896887,666.4951716896887,666.4951716896887,666.4951716896887,666.4951716896887,666.4951716896887,666.4951716896887,666.4951716896887,666.4951716896887,666.4951716896887,666.4951716896887,666.4951716896887,666.4951716896887,666.4951716896887,666.4951716896887,666.4951716896887,666.4951716896887,666.4951716896887,666.4951716896887,666.4951716896887,666.4951716896887,666.4951716896887,666.4951716896887,666.4951716896887,666.4951716896887,666.4951716896887,666.4951716896887,666.4951716896887,666.4951716896887,666.4951716896887,666.4951716896887,666.4951716896887,666.4951716896887,666.4951716896887,666.4951716896887,666.4951716896887,666.4951716896887,666.4951716896887,666.4951716896887,666.4951716896887,666.4951716896887,666.4951716896887,666.4951716896887,666.4951716896887,666.4951716896887,666.4951716896887,666.4951716896887,666.4951716896887,666.4951716896887,666.4951716896887,666.4951716896887,666.4951716896887,666.4951716896887,666.4951716896887,666.4951716896887,666.4951716896887,666.4951716896887,666.4951716896887,666.4951716896887,666.4951716896887,666.4951716896887,666.4951716896887,666.4951716896887,666.4951716896887,666.4951716896887,666.4951716896887,666.4951716896887,666.4951716896887,666.4951716896887,666.4951716896887,666.4951716896887,666.4951716896887,666.4951716896887,666.4951716896887,666.4951716896887,666.4951716896887,666.4951716896887,666.4951716896887,647.543895728983,647.543895728983,647.543895728983,647.543895728983,647.543895728983,647.543895728983,647.543895728983,647.543895728983,647.543895728983,647.543895728983,647.543895728983,647.543895728983,647.543895728983,647.543895728983,647.543895728983,647.543895728983,647.543895728983,647.543895728983,647.543895728983,647.543895728983,647.543895728983,647.543895728983,647.543895728983,647.543895728983,647.543895728983,647.543895728983,647.543895728983,647.543895728983,647.543895728983,647.543895728983,647.543895728983,647.543895728983,647.543895728983,647.543895728983,647.543895728983,647.543895728983,647.543895728983,647.543895728983,647.543895728983,647.543895728983,647.543895728983,647.543895728983,647.543895728983,647.543895728983,647.543895728983,647.543895728983,647.543895728983,647.543895728983,637.2789627020811,637.2789627020811,637.2789627020811,637.2789627020811,637.2789627020811,637.2789627020811,637.2789627020811,637.2789627020811,637.2789627020811,637.2789627020811,637.2789627020811,637.2789627020811,637.2789627020811,637.2789627020811,637.2789627020811]"
RC101,25,QA-QPSO,15,675.0352561513687,2.5225433000014164,120,True,301,"[822.6426228565779,734.3609588163426,734.3609588163426,734.3609588163426,734.3609588163426,734.3609588163426,734.3609588163426,734.3609588163426,734.3609588163426,734.3609588163426,734.3609588163426,677.9979123924056,676.4857726063296,676.4857726063296,676.4857726063296,676.4857726063296,676.4857726063296,676.4857726063296,676.4857726063296,676.4857726063296,676.4857726063296,676.4857726063296,676.4857726063296,676.4857726063296,676.4857726063296,676.4857726063296,676.4857726063296,676.4857726063296,676.4857726063296,676.4857726063296,676.4857726063296,676.4857726063296,676.4857726063296,676.4857726063296,676.4857726063296,676.4857726063296,676.4857726063296,676.4857726063296,676.4857726063296,676.4857726063296,676.4857726063296,676.4857726063296,676.4857726063296,676.4857726063296,676.4857726063296,676.4857726063296,676.4857726063296,676.4857726063296,676.4857726063296,676.4857726063296,676.4857726063296,676.4857726063296,676.4857726063296,676.4857726063296,676.4857726063296,676.4857726063296,676.4857726063296,676.4857726063296,676.4857726063296,676.4857726063296,676.4857726063296,676.4857726063296,676.4857726063296,676.4857726063296,676.4857726063296,676.4857726063296,676.4857726063296,676.4857726063296,676.4857726063296,676.4857726063296,676.4857726063296,676.4857726063296,676.4857726063296,676.4857726063296,676.4857726063296,676.4857726063296,676.4857726063296,676.4857726063296,676.4857726063296,676.4857726063296,676.4857726063296,676.4857726063296,676.4857726063296,676.4857726063296,676.4857726063296,675.0352561513687,675.0352561513687,675.0352561513687,675.0352561513687,675.0352561513687,675.0352561513687,675.0352561513687,675.0352561513687,675.0352561513687,675.0352561513687,675.0352561513687,675.0352561513687,675.0352561513687,675.0352561513687,675.0352561513687,675.0352561513687,675.0352561513687,675.0352561513687,675.0352561513687,675.0352561513687,675.0352561513687,675.0352561513687,675.0352561513687,675.0352561513687,675.0352561513687,675.0352561513687,675.0352561513687,675.0352561513687,675.0352561513687,675.0352561513687,675.0352561513687,675.0352561513687,675.0352561513687,675.0352561513687,675.0352561513687,675.0352561513687,675.0352561513687,675.0352561513687,675.0352561513687,675.0352561513687,675.0352561513687,675.0352561513687,675.0352561513687,675.0352561513687,675.0352561513687,675.0352561513687,675.0352561513687,675.0352561513687,675.0352561513687,675.0352561513687,675.0352561513687,675.0352561513687,675.0352561513687,675.0352561513687,675.0352561513687,675.0352561513687,675.0352561513687,675.0352561513687,675.0352561513687,675.0352561513687,675.0352561513687,675.0352561513687,675.0352561513687,675.0352561513687,675.0352561513687,675.0352561513687,675.0352561513687,675.0352561513687,675.0352561513687,675.0352561513687,675.0352561513687,675.0352561513687,675.0352561513687,675.0352561513687,675.0352561513687,675.0352561513687,675.0352561513687,675.0352561513687,675.0352561513687,675.0352561513687,675.0352561513687,675.0352561513687,675.0352561513687,675.0352561513687,675.0352561513687,675.0352561513687,675.0352561513687,675.0352561513687,675.0352561513687,675.0352561513687,675.0352561513687,675.0352561513687,675.0352561513687,675.0352561513687,675.0352561513687,675.0352561513687,675.0352561513687,675.0352561513687,675.0352561513687,675.0352561513687,675.0352561513687,675.0352561513687,675.0352561513687,675.0352561513687,675.0352561513687,675.0352561513687,675.0352561513687,675.0352561513687,675.0352561513687,675.0352561513687,675.0352561513687,675.0352561513687,675.0352561513687,675.0352561513687,675.0352561513687,675.0352561513687,675.0352561513687,675.0352561513687,675.0352561513687,675.0352561513687,675.0352561513687,675.0352561513687,675.0352561513687,675.0352561513687,675.0352561513687,675.0352561513687,675.0352561513687,675.0352561513687,675.0352561513687,675.0352561513687,675.0352561513687,675.0352561513687,675.0352561513687,675.0352561513687,675.0352561513687,675.0352561513687,675.0352561513687,675.0352561513687,675.0352561513687,675.0352561513687,675.0352561513687,675.0352561513687,675.0352561513687,675.0352561513687,675.0352561513687,675.0352561513687,675.0352561513687,675.0352561513687,675.0352561513687,675.0352561513687,675.0352561513687,675.0352561513687,675.0352561513687,675.0352561513687,675.0352561513687,675.0352561513687,675.0352561513687,675.0352561513687,675.0352561513687,675.0352561513687,675.0352561513687,675.0352561513687,675.0352561513687,675.0352561513687,675.0352561513687,675.0352561513687,675.0352561513687,675.0352561513687,675.0352561513687,675.0352561513687,675.0352561513687,675.0352561513687,675.0352561513687,675.0352561513687,675.0352561513687,675.0352561513687,675.0352561513687,675.0352561513687,675.0352561513687,675.0352561513687,675.0352561513687,675.0352561513687,675.0352561513687,675.0352561513687,675.0352561513687,675.0352561513687,675.0352561513687,675.0352561513687,675.0352561513687,675.0352561513687,675.0352561513687,675.0352561513687,675.0352561513687,675.0352561513687,675.0352561513687,675.0352561513687,675.0352561513687,675.0352561513687,675.0352561513687,675.0352561513687,675.0352561513687,675.0352561513687,675.0352561513687,675.0352561513687,675.0352561513687,675.0352561513687,675.0352561513687,675.0352561513687,675.0352561513687,675.0352561513687,675.0352561513687,675.0352561513687,675.0352561513687,675.0352561513687,675.0352561513687,675.0352561513687]"
RC101,25,QA-QPSO,16,657.7151074559104,2.5229142000025604,293,True,301,"[805.4988049984923,748.0142597374158,731.2786169692542,731.2786169692542,731.2786169692542,706.1465295318252,706.1465295318252,706.1465295318252,706.1465295318252,706.1465295318252,706.1465295318252,706.1465295318252,706.1465295318252,706.1465295318252,706.1465295318252,706.1465295318252,706.1465295318252,706.1465295318252,706.1465295318252,680.3316653099359,680.3316653099359,680.3316653099359,680.3316653099359,680.3316653099359,680.3316653099359,672.1287898145864,672.1287898145864,672.1287898145864,672.1287898145864,672.1287898145864,672.1287898145864,672.1287898145864,672.1287898145864,672.1287898145864,672.1287898145864,672.1287898145864,672.1287898145864,672.1287898145864,672.1287898145864,672.1287898145864,672.1287898145864,672.1287898145864,672.1287898145864,672.1287898145864,672.1287898145864,672.1287898145864,672.1287898145864,672.1287898145864,672.1287898145864,672.1287898145864,672.1287898145864,672.1287898145864,672.1287898145864,672.1287898145864,672.1287898145864,672.1287898145864,672.1287898145864,672.1287898145864,672.1287898145864,672.1287898145864,672.1287898145864,672.1287898145864,672.1287898145864,672.1287898145864,672.1287898145864,672.1287898145864,672.1287898145864,672.1287898145864,672.1287898145864,672.1287898145864,672.1287898145864,672.1287898145864,672.1287898145864,672.1287898145864,672.1287898145864,672.1287898145864,672.1287898145864,672.1287898145864,672.1287898145864,672.1287898145864,672.1287898145864,672.1287898145864,672.1287898145864,672.1287898145864,672.1287898145864,672.1287898145864,672.1287898145864,672.1287898145864,672.1287898145864,672.1287898145864,672.1287898145864,672.1287898145864,672.1287898145864,672.1287898145864,672.1287898145864,672.1287898145864,672.1287898145864,672.1287898145864,672.1287898145864,672.1287898145864,672.1287898145864,672.1287898145864,672.1287898145864,672.1287898145864,672.1287898145864,672.1287898145864,672.1287898145864,672.1287898145864,672.1287898145864,672.1287898145864,672.1287898145864,672.1287898145864,672.1287898145864,672.1287898145864,672.1287898145864,672.1287898145864,672.1287898145864,672.1287898145864,672.1287898145864,672.1287898145864,672.1287898145864,672.1287898145864,672.1287898145864,672.1287898145864,672.1287898145864,672.1287898145864,672.1287898145864,672.1287898145864,672.1287898145864,672.1287898145864,672.1287898145864,672.1287898145864,672.1287898145864,672.1287898145864,672.1287898145864,672.1287898145864,672.1287898145864,672.1287898145864,672.1287898145864,672.1287898145864,672.1287898145864,672.1287898145864,672.1287898145864,672.1287898145864,672.1287898145864,672.1287898145864,672.1287898145864,672.1287898145864,672.1287898145864,672.1287898145864,672.1287898145864,672.1287898145864,672.1287898145864,672.1287898145864,672.1287898145864,672.1287898145864,672.1287898145864,672.1287898145864,672.1287898145864,672.1287898145864,672.1287898145864,672.1287898145864,672.1287898145864,672.1287898145864,672.1287898145864,672.1287898145864,672.1287898145864,672.1287898145864,672.1287898145864,672.1287898145864,672.1287898145864,672.1287898145864,672.1287898145864,672.1287898145864,672.1287898145864,672.1287898145864,672.1287898145864,672.1287898145864,672.1287898145864,672.1287898145864,672.1287898145864,672.1287898145864,672.1287898145864,672.1287898145864,672.1287898145864,672.1287898145864,672.1287898145864,672.1287898145864,672.1287898145864,672.1287898145864,672.1287898145864,672.1287898145864,672.1287898145864,672.1287898145864,672.1287898145864,672.1287898145864,672.1287898145864,672.1287898145864,672.1287898145864,672.1287898145864,672.1287898145864,672.1287898145864,672.1287898145864,672.1287898145864,672.1287898145864,672.1287898145864,672.1287898145864,672.1287898145864,672.1287898145864,672.1287898145864,672.1287898145864,672.1287898145864,672.1287898145864,672.1287898145864,672.1287898145864,672.1287898145864,672.1287898145864,672.1287898145864,672.1287898145864,672.1287898145864,672.1287898145864,672.1287898145864,672.1287898145864,672.1287898145864,672.1287898145864,672.1287898145864,672.1287898145864,672.1287898145864,672.1287898145864,672.1287898145864,672.1287898145864,672.1287898145864,672.1287898145864,672.1287898145864,672.1287898145864,672.1287898145864,672.1287898145864,672.1287898145864,672.1287898145864,672.1287898145864,672.1287898145864,672.1287898145864,672.1287898145864,672.1287898145864,672.1287898145864,672.1287898145864,672.1287898145864,672.1287898145864,672.1287898145864,672.1287898145864,672.1287898145864,672.1287898145864,672.1287898145864,672.1287898145864,672.1287898145864,672.1287898145864,672.1287898145864,672.1287898145864,672.1287898145864,672.1287898145864,672.1287898145864,672.1287898145864,672.1287898145864,672.1287898145864,672.1287898145864,672.1287898145864,672.1287898145864,672.1287898145864,672.1287898145864,672.1287898145864,672.1287898145864,672.1287898145864,672.1287898145864,672.1287898145864,672.1287898145864,672.1287898145864,672.1287898145864,672.1287898145864,672.1287898145864,672.1287898145864,672.1287898145864,672.1287898145864,672.1287898145864,672.1287898145864,672.1287898145864,672.1287898145864,672.1287898145864,672.1287898145864,672.1287898145864,672.1287898145864,672.1287898145864,672.1287898145864,657.7151074559104,657.7151074559104,657.7151074559104,657.7151074559104,657.7151074559104,657.7151074559104,657.7151074559104,657.7151074559104,657.7151074559104]"
RC101,25,QA-QPSO,17,650.5596370956304,2.540386300010141,120,True,301,"[873.659994003148,803.5226863977721,803.5226863977721,781.7599480623642,781.7599480623642,774.0790002465391,774.0790002465391,774.0790002465391,739.9405857112,650.5596370956304,650.5596370956304,650.5596370956304,650.5596370956304,650.5596370956304,650.5596370956304,650.5596370956304,650.5596370956304,650.5596370956304,650.5596370956304,650.5596370956304,650.5596370956304,650.5596370956304,650.5596370956304,650.5596370956304,650.5596370956304,650.5596370956304,650.5596370956304,650.5596370956304,650.5596370956304,650.5596370956304,650.5596370956304,650.5596370956304,650.5596370956304,650.5596370956304,650.5596370956304,650.5596370956304,650.5596370956304,650.5596370956304,650.5596370956304,650.5596370956304,650.5596370956304,650.5596370956304,650.5596370956304,650.5596370956304,650.5596370956304,650.5596370956304,650.5596370956304,650.5596370956304,650.5596370956304,650.5596370956304,650.5596370956304,650.5596370956304,650.5596370956304,650.5596370956304,650.5596370956304,650.5596370956304,650.5596370956304,650.5596370956304,650.5596370956304,650.5596370956304,650.5596370956304,650.5596370956304,650.5596370956304,650.5596370956304,650.5596370956304,650.5596370956304,650.5596370956304,650.5596370956304,650.5596370956304,650.5596370956304,650.5596370956304,650.5596370956304,650.5596370956304,650.5596370956304,650.5596370956304,650.5596370956304,650.5596370956304,650.5596370956304,650.5596370956304,650.5596370956304,650.5596370956304,650.5596370956304,650.5596370956304,650.5596370956304,650.5596370956304,650.5596370956304,650.5596370956304,650.5596370956304,650.5596370956304,650.5596370956304,650.5596370956304,650.5596370956304,650.5596370956304,650.5596370956304,650.5596370956304,650.5596370956304,650.5596370956304,650.5596370956304,650.5596370956304,650.5596370956304,650.5596370956304,650.5596370956304,650.5596370956304,650.5596370956304,650.5596370956304,650.5596370956304,650.5596370956304,650.5596370956304,650.5596370956304,650.5596370956304,650.5596370956304,650.5596370956304,650.5596370956304,650.5596370956304,650.5596370956304,650.5596370956304,650.5596370956304,650.5596370956304,650.5596370956304,650.5596370956304,650.5596370956304,650.5596370956304,650.5596370956304,650.5596370956304,650.5596370956304,650.5596370956304,650.5596370956304,650.5596370956304,650.5596370956304,650.5596370956304,650.5596370956304,650.5596370956304,650.5596370956304,650.5596370956304,650.5596370956304,650.5596370956304,650.5596370956304,650.5596370956304,650.5596370956304,650.5596370956304,650.5596370956304,650.5596370956304,650.5596370956304,650.5596370956304,650.5596370956304,650.5596370956304,650.5596370956304,650.5596370956304,650.5596370956304,650.5596370956304,650.5596370956304,650.5596370956304,650.5596370956304,650.5596370956304,650.5596370956304,650.5596370956304,650.5596370956304,650.5596370956304,650.5596370956304,650.5596370956304,650.5596370956304,650.5596370956304,650.5596370956304,650.5596370956304,650.5596370956304,650.5596370956304,650.5596370956304,650.5596370956304,650.5596370956304,650.5596370956304,650.5596370956304,650.5596370956304,650.5596370956304,650.5596370956304,650.5596370956304,650.5596370956304,650.5596370956304,650.5596370956304,650.5596370956304,650.5596370956304,650.5596370956304,650.5596370956304,650.5596370956304,650.5596370956304,650.5596370956304,650.5596370956304,650.5596370956304,650.5596370956304,650.5596370956304,650.5596370956304,650.5596370956304,650.5596370956304,650.5596370956304,650.5596370956304,650.5596370956304,650.5596370956304,650.5596370956304,650.5596370956304,650.5596370956304,650.5596370956304,650.5596370956304,650.5596370956304,650.5596370956304,650.5596370956304,650.5596370956304,650.5596370956304,650.5596370956304,650.5596370956304,650.5596370956304,650.5596370956304,650.5596370956304,650.5596370956304,650.5596370956304,650.5596370956304,650.5596370956304,650.5596370956304,650.5596370956304,650.5596370956304,650.5596370956304,650.5596370956304,650.5596370956304,650.5596370956304,650.5596370956304,650.5596370956304,650.5596370956304,650.5596370956304,650.5596370956304,650.5596370956304,650.5596370956304,650.5596370956304,650.5596370956304,650.5596370956304,650.5596370956304,650.5596370956304,650.5596370956304,650.5596370956304,650.5596370956304,650.5596370956304,650.5596370956304,650.5596370956304,650.5596370956304,650.5596370956304,650.5596370956304,650.5596370956304,650.5596370956304,650.5596370956304,650.5596370956304,650.5596370956304,650.5596370956304,650.5596370956304,650.5596370956304,650.5596370956304,650.5596370956304,650.5596370956304,650.5596370956304,650.5596370956304,650.5596370956304,650.5596370956304,650.5596370956304,650.5596370956304,650.5596370956304,650.5596370956304,650.5596370956304,650.5596370956304,650.5596370956304,650.5596370956304,650.5596370956304,650.5596370956304,650.5596370956304,650.5596370956304,650.5596370956304,650.5596370956304,650.5596370956304,650.5596370956304,650.5596370956304,650.5596370956304,650.5596370956304,650.5596370956304,650.5596370956304,650.5596370956304,650.5596370956304,650.5596370956304,650.5596370956304,650.5596370956304,650.5596370956304,650.5596370956304,650.5596370956304,650.5596370956304,650.5596370956304,650.5596370956304,650.5596370956304,650.5596370956304,650.5596370956304,650.5596370956304,650.5596370956304,650.5596370956304,650.5596370956304,650.5596370956304,650.5596370956304,650.5596370956304,650.5596370956304]"
RC101,25,QA-QPSO,18,615.9756288599173,2.53028040000936,297,True,301,"[791.8181888257151,791.8181888257151,791.8181888257151,743.9595283272813,743.9595283272813,743.9595283272813,743.0189439903854,743.0189439903854,743.0189439903854,667.2475900455635,667.2475900455635,667.2475900455635,667.2475900455635,667.2475900455635,667.2475900455635,667.2475900455635,667.2475900455635,667.2475900455635,667.2475900455635,667.2475900455635,667.2475900455635,667.2475900455635,667.2475900455635,667.2475900455635,667.2475900455635,667.2475900455635,667.2475900455635,667.2475900455635,667.2475900455635,667.2475900455635,667.2475900455635,667.2475900455635,667.2475900455635,667.2475900455635,667.2475900455635,667.2475900455635,667.2475900455635,667.2475900455635,667.2475900455635,667.2475900455635,667.2475900455635,667.2475900455635,667.2475900455635,667.2475900455635,667.2475900455635,667.2475900455635,667.2475900455635,667.2475900455635,667.2475900455635,667.2475900455635,667.2475900455635,667.2475900455635,667.2475900455635,667.2475900455635,667.2475900455635,667.2475900455635,667.2475900455635,667.2475900455635,667.2475900455635,667.2475900455635,667.2475900455635,667.2475900455635,667.2475900455635,667.2475900455635,667.2475900455635,667.2475900455635,667.2475900455635,667.2475900455635,667.2475900455635,667.2475900455635,667.2475900455635,667.2475900455635,667.2475900455635,667.2475900455635,667.2475900455635,667.2475900455635,667.2475900455635,667.2475900455635,667.2475900455635,667.2475900455635,667.2475900455635,667.2475900455635,667.2475900455635,667.2475900455635,667.2475900455635,667.2475900455635,667.2475900455635,667.2475900455635,667.2475900455635,667.2475900455635,667.2475900455635,667.2475900455635,667.2475900455635,667.2475900455635,667.2475900455635,667.2475900455635,667.2475900455635,667.2475900455635,667.2475900455635,667.2475900455635,667.2475900455635,667.2475900455635,667.2475900455635,667.2475900455635,667.2475900455635,667.2475900455635,667.2475900455635,667.2475900455635,667.2475900455635,667.2475900455635,667.2475900455635,667.2475900455635,667.2475900455635,667.2475900455635,667.2475900455635,667.2475900455635,667.2475900455635,667.2475900455635,667.2475900455635,667.2475900455635,667.2475900455635,667.2475900455635,667.2475900455635,667.2475900455635,667.2475900455635,667.2475900455635,667.2475900455635,667.2475900455635,667.2475900455635,667.2475900455635,667.2475900455635,667.2475900455635,667.2475900455635,667.2475900455635,667.2475900455635,667.2475900455635,667.2475900455635,667.2475900455635,667.2475900455635,667.2475900455635,667.2475900455635,667.2475900455635,667.2475900455635,667.2475900455635,667.2475900455635,667.2475900455635,667.2475900455635,667.2475900455635,667.2475900455635,667.2475900455635,667.2475900455635,667.2475900455635,667.2475900455635,667.2475900455635,667.2475900455635,667.2475900455635,667.2475900455635,667.2475900455635,667.2475900455635,667.2475900455635,667.2475900455635,667.2475900455635,667.2475900455635,667.2475900455635,667.2475900455635,667.2475900455635,667.2475900455635,667.2475900455635,667.2475900455635,667.2475900455635,667.2475900455635,667.2475900455635,667.2475900455635,667.2475900455635,667.2475900455635,667.2475900455635,667.2475900455635,667.2475900455635,667.2475900455635,667.2475900455635,667.2475900455635,667.2475900455635,667.2475900455635,667.2475900455635,667.2475900455635,667.2475900455635,667.2475900455635,667.2475900455635,667.2475900455635,667.2475900455635,667.2475900455635,667.2475900455635,667.2475900455635,667.2475900455635,667.2475900455635,667.2475900455635,667.2475900455635,667.2475900455635,667.2475900455635,667.2475900455635,667.2475900455635,667.2475900455635,667.2475900455635,667.2475900455635,667.2475900455635,667.2475900455635,667.2475900455635,667.2475900455635,667.2475900455635,667.2475900455635,667.2475900455635,667.2475900455635,667.2475900455635,667.2475900455635,667.2475900455635,667.2475900455635,667.2475900455635,667.2475900455635,667.2475900455635,667.2475900455635,667.2475900455635,667.2475900455635,667.2475900455635,667.2475900455635,667.2475900455635,667.2475900455635,667.2475900455635,667.2475900455635,667.2475900455635,667.2475900455635,667.2475900455635,667.2475900455635,667.2475900455635,667.2475900455635,667.2475900455635,667.2475900455635,667.2475900455635,667.2475900455635,667.2475900455635,655.8288487596019,655.8288487596019,655.8288487596019,655.8288487596019,655.8288487596019,655.8288487596019,655.8288487596019,655.8288487596019,655.8288487596019,655.8288487596019,655.8288487596019,655.8288487596019,655.8288487596019,655.8288487596019,655.8288487596019,655.8288487596019,655.8288487596019,655.8288487596019,655.8288487596019,655.8288487596019,655.8288487596019,655.8288487596019,655.8288487596019,655.8288487596019,655.8288487596019,655.8288487596019,655.8288487596019,655.8288487596019,655.8288487596019,655.8288487596019,655.8288487596019,655.8288487596019,655.8288487596019,655.8288487596019,655.8288487596019,655.8288487596019,655.8288487596019,655.8288487596019,655.8288487596019,655.8288487596019,655.8288487596019,655.8288487596019,655.8288487596019,655.8288487596019,655.8288487596019,655.8288487596019,655.8288487596019,655.8288487596019,655.8288487596019,655.8288487596019,655.8288487596019,655.8288487596019,655.8288487596019,655.8288487596019,655.8288487596019,655.8288487596019,655.8288487596019,615.9756288599173,615.9756288599173,615.9756288599173,615.9756288599173,615.9756288599173]"
RC101,25,QA-QPSO,19,612.0515819671502,2.53953919999185,122,True,301,"[812.3413509320267,812.3413509320267,768.0399150321045,768.0399150321045,751.716858570711,751.716858570711,751.716858570711,751.716858570711,736.6445232858675,736.6445232858675,736.6445232858675,736.6445232858675,736.6445232858675,715.7852305662195,715.7852305662195,715.7852305662195,715.7852305662195,715.7852305662195,715.7852305662195,715.7852305662195,674.5133520416706,674.5133520416706,674.5133520416706,674.5133520416706,674.5133520416706,674.5133520416706,674.5133520416706,674.5133520416706,674.5133520416706,674.5133520416706,674.5133520416706,674.5133520416706,674.5133520416706,674.5133520416706,674.5133520416706,674.5133520416706,674.5133520416706,674.5133520416706,674.5133520416706,674.5133520416706,674.5133520416706,674.5133520416706,674.5133520416706,674.5133520416706,674.5133520416706,674.5133520416706,674.5133520416706,674.5133520416706,674.5133520416706,674.5133520416706,674.5133520416706,674.5133520416706,674.5133520416706,674.5133520416706,674.5133520416706,674.5133520416706,674.5133520416706,674.5133520416706,674.5133520416706,674.5133520416706,674.5133520416706,674.5133520416706,674.5133520416706,674.5133520416706,674.5133520416706,674.5133520416706,669.4196961305327,669.4196961305327,669.4196961305327,669.4196961305327,669.4196961305327,669.4196961305327,669.4196961305327,669.4196961305327,669.4196961305327,669.4196961305327,669.4196961305327,669.4196961305327,669.4196961305327,669.4196961305327,669.4196961305327,669.4196961305327,669.4196961305327,669.4196961305327,669.4196961305327,669.4196961305327,669.4196961305327,669.4196961305327,669.4196961305327,669.4196961305327,669.4196961305327,669.4196961305327,669.4196961305327,669.4196961305327,669.4196961305327,669.4196961305327,639.8438956955082,639.8438956955082,639.8438956955082,639.8438956955082,639.8438956955082,639.8438956955082,639.8438956955082,639.8438956955082,639.8438956955082,639.8438956955082,639.8438956955082,639.8438956955082,639.8438956955082,639.8438956955082,639.8438956955082,639.8438956955082,639.8438956955082,639.8438956955082,639.8438956955082,639.8438956955082,639.8438956955082,639.8438956955082,639.8438956955082,639.8438956955082,639.8438956955082,612.0515819671502,612.0515819671502,612.0515819671502,612.0515819671502,612.0515819671502,612.0515819671502,612.0515819671502,612.0515819671502,612.0515819671502,612.0515819671502,612.0515819671502,612.0515819671502,612.0515819671502,612.0515819671502,612.0515819671502,612.0515819671502,612.0515819671502,612.0515819671502,612.0515819671502,612.0515819671502,612.0515819671502,612.0515819671502,612.0515819671502,612.0515819671502,612.0515819671502,612.0515819671502,612.0515819671502,612.0515819671502,612.0515819671502,612.0515819671502,612.0515819671502,612.0515819671502,612.0515819671502,612.0515819671502,612.0515819671502,612.0515819671502,612.0515819671502,612.0515819671502,612.0515819671502,612.0515819671502,612.0515819671502,612.0515819671502,612.0515819671502,612.0515819671502,612.0515819671502,612.0515819671502,612.0515819671502,612.0515819671502,612.0515819671502,612.0515819671502,612.0515819671502,612.0515819671502,612.0515819671502,612.0515819671502,612.0515819671502,612.0515819671502,612.0515819671502,612.0515819671502,612.0515819671502,612.0515819671502,612.0515819671502,612.0515819671502,612.0515819671502,612.0515819671502,612.0515819671502,612.0515819671502,612.0515819671502,612.0515819671502,612.0515819671502,612.0515819671502,612.0515819671502,612.0515819671502,612.0515819671502,612.0515819671502,612.0515819671502,612.0515819671502,612.0515819671502,612.0515819671502,612.0515819671502,612.0515819671502,612.0515819671502,612.0515819671502,612.0515819671502,612.0515819671502,612.0515819671502,612.0515819671502,612.0515819671502,612.0515819671502,612.0515819671502,612.0515819671502,612.0515819671502,612.0515819671502,612.0515819671502,612.0515819671502,612.0515819671502,612.0515819671502,612.0515819671502,612.0515819671502,612.0515819671502,612.0515819671502,612.0515819671502,612.0515819671502,612.0515819671502,612.0515819671502,612.0515819671502,612.0515819671502,612.0515819671502,612.0515819671502,612.0515819671502,612.0515819671502,612.0515819671502,612.0515819671502,612.0515819671502,612.0515819671502,612.0515819671502,612.0515819671502,612.0515819671502,612.0515819671502,612.0515819671502,612.0515819671502,612.0515819671502,612.0515819671502,612.0515819671502,612.0515819671502,612.0515819671502,612.0515819671502,612.0515819671502,612.0515819671502,612.0515819671502,612.0515819671502,612.0515819671502,612.0515819671502,612.0515819671502,612.0515819671502,612.0515819671502,612.0515819671502,612.0515819671502,612.0515819671502,612.0515819671502,612.0515819671502,612.0515819671502,612.0515819671502,612.0515819671502,612.0515819671502,612.0515819671502,612.0515819671502,612.0515819671502,612.0515819671502,612.0515819671502,612.0515819671502,612.0515819671502,612.0515819671502,612.0515819671502,612.0515819671502,612.0515819671502,612.0515819671502,612.0515819671502,612.0515819671502,612.0515819671502,612.0515819671502,612.0515819671502,612.0515819671502,612.0515819671502,612.0515819671502,612.0515819671502,612.0515819671502,612.0515819671502,612.0515819671502,612.0515819671502,612.0515819671502,612.0515819671502,612.0515819671502,612.0515819671502,612.0515819671502,612.0515819671502,612.0515819671502,612.0515819671502,612.0515819671502,612.0515819671502,612.0515819671502]"
RC101,25,QA-QPSO,20,670.3313051300847,2.4456821999920066,120,True,301,"[807.2800872489024,675.8783865834263,675.8783865834263,675.8783865834263,675.8783865834263,675.8783865834263,675.8783865834263,675.8783865834263,675.8783865834263,675.8783865834263,675.8783865834263,675.8783865834263,675.8783865834263,675.8783865834263,675.8783865834263,675.8783865834263,675.8783865834263,675.8783865834263,675.8783865834263,675.8783865834263,675.8783865834263,674.257109119556,674.257109119556,674.257109119556,670.3313051300847,670.3313051300847,670.3313051300847,670.3313051300847,670.3313051300847,670.3313051300847,670.3313051300847,670.3313051300847,670.3313051300847,670.3313051300847,670.3313051300847,670.3313051300847,670.3313051300847,670.3313051300847,670.3313051300847,670.3313051300847,670.3313051300847,670.3313051300847,670.3313051300847,670.3313051300847,670.3313051300847,670.3313051300847,670.3313051300847,670.3313051300847,670.3313051300847,670.3313051300847,670.3313051300847,670.3313051300847,670.3313051300847,670.3313051300847,670.3313051300847,670.3313051300847,670.3313051300847,670.3313051300847,670.3313051300847,670.3313051300847,670.3313051300847,670.3313051300847,670.3313051300847,670.3313051300847,670.3313051300847,670.3313051300847,670.3313051300847,670.3313051300847,670.3313051300847,670.3313051300847,670.3313051300847,670.3313051300847,670.3313051300847,670.3313051300847,670.3313051300847,670.3313051300847,670.3313051300847,670.3313051300847,670.3313051300847,670.3313051300847,670.3313051300847,670.3313051300847,670.3313051300847,670.3313051300847,670.3313051300847,670.3313051300847,670.3313051300847,670.3313051300847,670.3313051300847,670.3313051300847,670.3313051300847,670.3313051300847,670.3313051300847,670.3313051300847,670.3313051300847,670.3313051300847,670.3313051300847,670.3313051300847,670.3313051300847,670.3313051300847,670.3313051300847,670.3313051300847,670.3313051300847,670.3313051300847,670.3313051300847,670.3313051300847,670.3313051300847,670.3313051300847,670.3313051300847,670.3313051300847,670.3313051300847,670.3313051300847,670.3313051300847,670.3313051300847,670.3313051300847,670.3313051300847,670.3313051300847,670.3313051300847,670.3313051300847,670.3313051300847,670.3313051300847,670.3313051300847,670.3313051300847,670.3313051300847,670.3313051300847,670.3313051300847,670.3313051300847,670.3313051300847,670.3313051300847,670.3313051300847,670.3313051300847,670.3313051300847,670.3313051300847,670.3313051300847,670.3313051300847,670.3313051300847,670.3313051300847,670.3313051300847,670.3313051300847,670.3313051300847,670.3313051300847,670.3313051300847,670.3313051300847,670.3313051300847,670.3313051300847,670.3313051300847,670.3313051300847,670.3313051300847,670.3313051300847,670.3313051300847,670.3313051300847,670.3313051300847,670.3313051300847,670.3313051300847,670.3313051300847,670.3313051300847,670.3313051300847,670.3313051300847,670.3313051300847,670.3313051300847,670.3313051300847,670.3313051300847,670.3313051300847,670.3313051300847,670.3313051300847,670.3313051300847,670.3313051300847,670.3313051300847,670.3313051300847,670.3313051300847,670.3313051300847,670.3313051300847,670.3313051300847,670.3313051300847,670.3313051300847,670.3313051300847,670.3313051300847,670.3313051300847,670.3313051300847,670.3313051300847,670.3313051300847,670.3313051300847,670.3313051300847,670.3313051300847,670.3313051300847,670.3313051300847,670.3313051300847,670.3313051300847,670.3313051300847,670.3313051300847,670.3313051300847,670.3313051300847,670.3313051300847,670.3313051300847,670.3313051300847,670.3313051300847,670.3313051300847,670.3313051300847,670.3313051300847,670.3313051300847,670.3313051300847,670.3313051300847,670.3313051300847,670.3313051300847,670.3313051300847,670.3313051300847,670.3313051300847,670.3313051300847,670.3313051300847,670.3313051300847,670.3313051300847,670.3313051300847,670.3313051300847,670.3313051300847,670.3313051300847,670.3313051300847,670.3313051300847,670.3313051300847,670.3313051300847,670.3313051300847,670.3313051300847,670.3313051300847,670.3313051300847,670.3313051300847,670.3313051300847,670.3313051300847,670.3313051300847,670.3313051300847,670.3313051300847,670.3313051300847,670.3313051300847,670.3313051300847,670.3313051300847,670.3313051300847,670.3313051300847,670.3313051300847,670.3313051300847,670.3313051300847,670.3313051300847,670.3313051300847,670.3313051300847,670.3313051300847,670.3313051300847,670.3313051300847,670.3313051300847,670.3313051300847,670.3313051300847,670.3313051300847,670.3313051300847,670.3313051300847,670.3313051300847,670.3313051300847,670.3313051300847,670.3313051300847,670.3313051300847,670.3313051300847,670.3313051300847,670.3313051300847,670.3313051300847,670.3313051300847,670.3313051300847,670.3313051300847,670.3313051300847,670.3313051300847,670.3313051300847,670.3313051300847,670.3313051300847,670.3313051300847,670.3313051300847,670.3313051300847,670.3313051300847,670.3313051300847,670.3313051300847,670.3313051300847,670.3313051300847,670.3313051300847,670.3313051300847,670.3313051300847,670.3313051300847,670.3313051300847,670.3313051300847,670.3313051300847,670.3313051300847,670.3313051300847,670.3313051300847,670.3313051300847,670.3313051300847,670.3313051300847,670.3313051300847,670.3313051300847,670.3313051300847,670.3313051300847,670.3313051300847,670.3313051300847,670.3313051300847,670.3313051300847,670.3313051300847,670.3313051300847,670.3313051300847,670.3313051300847,670.3313051300847]"
RC101,25,QA-QPSO,21,629.697039987911,2.507894500013208,123,True,301,"[877.1254362358089,751.0354095558939,751.0354095558939,716.076250551185,716.076250551185,716.076250551185,716.076250551185,716.076250551185,716.076250551185,716.076250551185,716.076250551185,716.076250551185,716.076250551185,716.076250551185,716.076250551185,716.076250551185,716.076250551185,716.076250551185,702.968450253652,679.56684673367,679.56684673367,679.56684673367,679.56684673367,679.56684673367,679.56684673367,679.56684673367,679.56684673367,679.56684673367,679.56684673367,679.56684673367,679.56684673367,679.56684673367,679.56684673367,679.56684673367,679.56684673367,679.56684673367,679.56684673367,679.56684673367,679.56684673367,679.56684673367,679.56684673367,679.56684673367,679.56684673367,679.56684673367,679.56684673367,679.56684673367,679.56684673367,679.56684673367,679.56684673367,679.56684673367,679.56684673367,679.56684673367,679.56684673367,679.56684673367,679.56684673367,679.56684673367,679.56684673367,679.56684673367,679.56684673367,679.56684673367,679.56684673367,679.56684673367,679.56684673367,679.56684673367,679.56684673367,679.56684673367,679.56684673367,679.56684673367,679.56684673367,676.4857726063296,676.4857726063296,676.4857726063296,676.4857726063296,676.4857726063296,676.4857726063296,676.4857726063296,676.4857726063296,676.4857726063296,676.4857726063296,676.4857726063296,676.4857726063296,676.4857726063296,676.4857726063296,676.4857726063296,676.4857726063296,676.4857726063296,676.4857726063296,676.4857726063296,676.4857726063296,676.4857726063296,676.4857726063296,676.4857726063296,676.4857726063296,676.4857726063296,676.4857726063296,676.4857726063296,676.4857726063296,676.4857726063296,676.4857726063296,676.4857726063296,676.4857726063296,676.4857726063296,676.4857726063296,676.4857726063296,676.4857726063296,676.4857726063296,676.4857726063296,676.4857726063296,676.4857726063296,676.4857726063296,676.4857726063296,676.4857726063296,676.4857726063296,676.4857726063296,676.4857726063296,676.4857726063296,676.4857726063296,676.4857726063296,676.4857726063296,676.4857726063296,676.4857726063296,676.4857726063296,629.697039987911,629.697039987911,629.697039987911,629.697039987911,629.697039987911,629.697039987911,629.697039987911,629.697039987911,629.697039987911,629.697039987911,629.697039987911,629.697039987911,629.697039987911,629.697039987911,629.697039987911,629.697039987911,629.697039987911,629.697039987911,629.697039987911,629.697039987911,629.697039987911,629.697039987911,629.697039987911,629.697039987911,629.697039987911,629.697039987911,629.697039987911,629.697039987911,629.697039987911,629.697039987911,629.697039987911,629.697039987911,629.697039987911,629.697039987911,629.697039987911,629.697039987911,629.697039987911,629.697039987911,629.697039987911,629.697039987911,629.697039987911,629.697039987911,629.697039987911,629.697039987911,629.697039987911,629.697039987911,629.697039987911,629.697039987911,629.697039987911,629.697039987911,629.697039987911,629.697039987911,629.697039987911,629.697039987911,629.697039987911,629.697039987911,629.697039987911,629.697039987911,629.697039987911,629.697039987911,629.697039987911,629.697039987911,629.697039987911,629.697039987911,629.697039987911,629.697039987911,629.697039987911,629.697039987911,629.697039987911,629.697039987911,629.697039987911,629.697039987911,629.697039987911,629.697039987911,629.697039987911,629.697039987911,629.697039987911,629.697039987911,629.697039987911,629.697039987911,629.697039987911,629.697039987911,629.697039987911,629.697039987911,629.697039987911,629.697039987911,629.697039987911,629.697039987911,629.697039987911,629.697039987911,629.697039987911,629.697039987911,629.697039987911,629.697039987911,629.697039987911,629.697039987911,629.697039987911,629.697039987911,629.697039987911,629.697039987911,629.697039987911,629.697039987911,629.697039987911,629.697039987911,629.697039987911,629.697039987911,629.697039987911,629.697039987911,629.697039987911,629.697039987911,629.697039987911,629.697039987911,629.697039987911,629.697039987911,629.697039987911,629.697039987911,629.697039987911,629.697039987911,629.697039987911,629.697039987911,629.697039987911,629.697039987911,629.697039987911,629.697039987911,629.697039987911,629.697039987911,629.697039987911,629.697039987911,629.697039987911,629.697039987911,629.697039987911,629.697039987911,629.697039987911,629.697039987911,629.697039987911,629.697039987911,629.697039987911,629.697039987911,629.697039987911,629.697039987911,629.697039987911,629.697039987911,629.697039987911,629.697039987911,629.697039987911,629.697039987911,629.697039987911,629.697039987911,629.697039987911,629.697039987911,629.697039987911,629.697039987911,629.697039987911,629.697039987911,629.697039987911,629.697039987911,629.697039987911,629.697039987911,629.697039987911,629.697039987911,629.697039987911,629.697039987911,629.697039987911,629.697039987911,629.697039987911,629.697039987911,629.697039987911,629.697039987911,629.697039987911,629.697039987911,629.697039987911,629.697039987911,629.697039987911,629.697039987911,629.697039987911,629.697039987911,629.697039987911,629.697039987911,629.697039987911]"
RC101,25,QA-QPSO,22,668.9144452637078,2.5722064999863505,120,True,301,"[736.8841224670075,736.8841224670075,736.8841224670075,725.0326296032214,725.0326296032214,725.0326296032214,725.0326296032214,725.0326296032214,725.0326296032214,725.0326296032214,725.0326296032214,679.5668467336701,679.5668467336701,679.5668467336701,679.5668467336701,679.5668467336701,672.9315720279445,672.9315720279445,672.9315720279445,672.9315720279445,672.9315720279445,672.9315720279445,672.9315720279445,672.9315720279445,672.9315720279445,672.9315720279445,672.9315720279445,672.9315720279445,672.9315720279445,672.9315720279445,672.9315720279445,672.9315720279445,672.9315720279445,672.9315720279445,672.9315720279445,672.9315720279445,672.9315720279445,672.9315720279445,672.9315720279445,672.9315720279445,672.9315720279445,672.9315720279445,672.9315720279445,672.9315720279445,672.9315720279445,672.9315720279445,672.9315720279445,672.9315720279445,672.9315720279445,672.9315720279445,672.9315720279445,672.9315720279445,672.9315720279445,672.9315720279445,672.9315720279445,672.9315720279445,672.9315720279445,672.9315720279445,672.9315720279445,672.9315720279445,672.9315720279445,672.9315720279445,672.9315720279445,672.9315720279445,672.9315720279445,672.9315720279445,672.9315720279445,672.9315720279445,672.9315720279445,672.9315720279445,668.9144452637078,668.9144452637078,668.9144452637078,668.9144452637078,668.9144452637078,668.9144452637078,668.9144452637078,668.9144452637078,668.9144452637078,668.9144452637078,668.9144452637078,668.9144452637078,668.9144452637078,668.9144452637078,668.9144452637078,668.9144452637078,668.9144452637078,668.9144452637078,668.9144452637078,668.9144452637078,668.9144452637078,668.9144452637078,668.9144452637078,668.9144452637078,668.9144452637078,668.9144452637078,668.9144452637078,668.9144452637078,668.9144452637078,668.9144452637078,668.9144452637078,668.9144452637078,668.9144452637078,668.9144452637078,668.9144452637078,668.9144452637078,668.9144452637078,668.9144452637078,668.9144452637078,668.9144452637078,668.9144452637078,668.9144452637078,668.9144452637078,668.9144452637078,668.9144452637078,668.9144452637078,668.9144452637078,668.9144452637078,668.9144452637078,668.9144452637078,668.9144452637078,668.9144452637078,668.9144452637078,668.9144452637078,668.9144452637078,668.9144452637078,668.9144452637078,668.9144452637078,668.9144452637078,668.9144452637078,668.9144452637078,668.9144452637078,668.9144452637078,668.9144452637078,668.9144452637078,668.9144452637078,668.9144452637078,668.9144452637078,668.9144452637078,668.9144452637078,668.9144452637078,668.9144452637078,668.9144452637078,668.9144452637078,668.9144452637078,668.9144452637078,668.9144452637078,668.9144452637078,668.9144452637078,668.9144452637078,668.9144452637078,668.9144452637078,668.9144452637078,668.9144452637078,668.9144452637078,668.9144452637078,668.9144452637078,668.9144452637078,668.9144452637078,668.9144452637078,668.9144452637078,668.9144452637078,668.9144452637078,668.9144452637078,668.9144452637078,668.9144452637078,668.9144452637078,668.9144452637078,668.9144452637078,668.9144452637078,668.9144452637078,668.9144452637078,668.9144452637078,668.9144452637078,668.9144452637078,668.9144452637078,668.9144452637078,668.9144452637078,668.9144452637078,668.9144452637078,668.9144452637078,668.9144452637078,668.9144452637078,668.9144452637078,668.9144452637078,668.9144452637078,668.9144452637078,668.9144452637078,668.9144452637078,668.9144452637078,668.9144452637078,668.9144452637078,668.9144452637078,668.9144452637078,668.9144452637078,668.9144452637078,668.9144452637078,668.9144452637078,668.9144452637078,668.9144452637078,668.9144452637078,668.9144452637078,668.9144452637078,668.9144452637078,668.9144452637078,668.9144452637078,668.9144452637078,668.9144452637078,668.9144452637078,668.9144452637078,668.9144452637078,668.9144452637078,668.9144452637078,668.9144452637078,668.9144452637078,668.9144452637078,668.9144452637078,668.9144452637078,668.9144452637078,668.9144452637078,668.9144452637078,668.9144452637078,668.9144452637078,668.9144452637078,668.9144452637078,668.9144452637078,668.9144452637078,668.9144452637078,668.9144452637078,668.9144452637078,668.9144452637078,668.9144452637078,668.9144452637078,668.9144452637078,668.9144452637078,668.9144452637078,668.9144452637078,668.9144452637078,668.9144452637078,668.9144452637078,668.9144452637078,668.9144452637078,668.9144452637078,668.9144452637078,668.9144452637078,668.9144452637078,668.9144452637078,668.9144452637078,668.9144452637078,668.9144452637078,668.9144452637078,668.9144452637078,668.9144452637078,668.9144452637078,668.9144452637078,668.9144452637078,668.9144452637078,668.9144452637078,668.9144452637078,668.9144452637078,668.9144452637078,668.9144452637078,668.9144452637078,668.9144452637078,668.9144452637078,668.9144452637078,668.9144452637078,668.9144452637078,668.9144452637078,668.9144452637078,668.9144452637078,668.9144452637078,668.9144452637078,668.9144452637078,668.9144452637078,668.9144452637078,668.9144452637078,668.9144452637078,668.9144452637078,668.9144452637078,668.9144452637078,668.9144452637078,668.9144452637078,668.9144452637078,668.9144452637078,668.9144452637078,668.9144452637078,668.9144452637078,668.9144452637078,668.9144452637078,668.9144452637078,668.9144452637078,668.9144452637078,668.9144452637078,668.9144452637078,668.9144452637078,668.9144452637078,668.9144452637078,668.9144452637078,668.9144452637078,668.9144452637078]"
RC101,25,QA-QPSO,23,674.4872014560307,2.541824300016742,120,True,301,"[807.2502072717336,800.0572863931599,761.5272910216656,761.5272910216656,679.5292232684089,679.5292232684089,679.5292232684089,679.5292232684089,679.5292232684089,679.5292232684089,679.5292232684089,679.5292232684089,679.5292232684089,679.5292232684089,679.5292232684089,679.5292232684089,679.5292232684089,679.5292232684089,679.5292232684089,679.5292232684089,679.5292232684089,679.5292232684089,679.5292232684089,679.5292232684089,679.5292232684089,679.5292232684089,679.5292232684089,679.5292232684089,679.5292232684089,679.5292232684089,679.5292232684089,679.5292232684089,679.5292232684089,679.5292232684089,679.5292232684089,679.5292232684089,679.5292232684089,679.5292232684089,679.5292232684089,679.5292232684089,679.5292232684089,679.5292232684089,679.5292232684089,679.5292232684089,679.5292232684089,679.5292232684089,679.5292232684089,679.5292232684089,679.5292232684089,679.5292232684089,679.5292232684089,679.5292232684089,679.5292232684089,679.5292232684089,679.5292232684089,679.5292232684089,679.5292232684089,679.5292232684089,679.5292232684089,679.5292232684089,679.5292232684089,679.5292232684089,679.5292232684089,679.5292232684089,679.5292232684089,679.5292232684089,679.5292232684089,679.5292232684089,679.5292232684089,679.5292232684089,679.5292232684089,679.5292232684089,679.5292232684089,679.5292232684089,679.5292232684089,679.5292232684089,679.5292232684089,679.5292232684089,679.5292232684089,679.5292232684089,679.5292232684089,679.5292232684089,679.5292232684089,679.5292232684089,679.5292232684089,679.5292232684089,679.5292232684089,679.5292232684089,679.5292232684089,679.5292232684089,679.5292232684089,679.5292232684089,679.5292232684089,679.5292232684089,679.5292232684089,679.5292232684089,679.5292232684089,679.5292232684089,679.5292232684089,679.5292232684089,679.5292232684089,679.5292232684089,679.5292232684089,679.5292232684089,679.5292232684089,679.5292232684089,679.5292232684089,679.5292232684089,679.5292232684089,679.5292232684089,679.5292232684089,679.5292232684089,674.4872014560307,674.4872014560307,674.4872014560307,674.4872014560307,674.4872014560307,674.4872014560307,674.4872014560307,674.4872014560307,674.4872014560307,674.4872014560307,674.4872014560307,674.4872014560307,674.4872014560307,674.4872014560307,674.4872014560307,674.4872014560307,674.4872014560307,674.4872014560307,674.4872014560307,674.4872014560307,674.4872014560307,674.4872014560307,674.4872014560307,674.4872014560307,674.4872014560307,674.4872014560307,674.4872014560307,674.4872014560307,674.4872014560307,674.4872014560307,674.4872014560307,674.4872014560307,674.4872014560307,674.4872014560307,674.4872014560307,674.4872014560307,674.4872014560307,674.4872014560307,674.4872014560307,674.4872014560307,674.4872014560307,674.4872014560307,674.4872014560307,674.4872014560307,674.4872014560307,674.4872014560307,674.4872014560307,674.4872014560307,674.4872014560307,674.4872014560307,674.4872014560307,674.4872014560307,674.4872014560307,674.4872014560307,674.4872014560307,674.4872014560307,674.4872014560307,674.4872014560307,674.4872014560307,674.4872014560307,674.4872014560307,674.4872014560307,674.4872014560307,674.4872014560307,674.4872014560307,674.4872014560307,674.4872014560307,674.4872014560307,674.4872014560307,674.4872014560307,674.4872014560307,674.4872014560307,674.4872014560307,674.4872014560307,674.4872014560307,674.4872014560307,674.4872014560307,674.4872014560307,674.4872014560307,674.4872014560307,674.4872014560307,674.4872014560307,674.4872014560307,674.4872014560307,674.4872014560307,674.4872014560307,674.4872014560307,674.4872014560307,674.4872014560307,674.4872014560307,674.4872014560307,674.4872014560307,674.4872014560307,674.4872014560307,674.4872014560307,674.4872014560307,674.4872014560307,674.4872014560307,674.4872014560307,674.4872014560307,674.4872014560307,674.4872014560307,674.4872014560307,674.4872014560307,674.4872014560307,674.4872014560307,674.4872014560307,674.4872014560307,674.4872014560307,674.4872014560307,674.4872014560307,674.4872014560307,674.4872014560307,674.4872014560307,674.4872014560307,674.4872014560307,674.4872014560307,674.4872014560307,674.4872014560307,674.4872014560307,674.4872014560307,674.4872014560307,674.4872014560307,674.4872014560307,674.4872014560307,674.4872014560307,674.4872014560307,674.4872014560307,674.4872014560307,674.4872014560307,674.4872014560307,674.4872014560307,674.4872014560307,674.4872014560307,674.4872014560307,674.4872014560307,674.4872014560307,674.4872014560307,674.4872014560307,674.4872014560307,674.4872014560307,674.4872014560307,674.4872014560307,674.4872014560307,674.4872014560307,674.4872014560307,674.4872014560307,674.4872014560307,674.4872014560307,674.4872014560307,674.4872014560307,674.4872014560307,674.4872014560307,674.4872014560307,674.4872014560307,674.4872014560307,674.4872014560307,674.4872014560307,674.4872014560307,674.4872014560307,674.4872014560307,674.4872014560307,674.4872014560307,674.4872014560307,674.4872014560307,674.4872014560307,674.4872014560307,674.4872014560307,674.4872014560307,674.4872014560307,674.4872014560307,674.4872014560307,674.4872014560307,674.4872014560307,674.4872014560307,674.4872014560307,674.4872014560307,674.4872014560307,674.4872014560307,674.4872014560307,674.4872014560307,674.4872014560307,674.4872014560307,674.4872014560307,674.4872014560307,674.4872014560307,674.4872014560307,674.4872014560307,674.4872014560307]"
RC101,25,QA-QPSO,24,668.0062085183696,2.5136658000119496,120,True,301,"[757.9485929365094,757.9485929365094,757.9485929365094,737.1025623833353,737.1025623833353,737.1025623833353,737.1025623833353,737.1025623833353,737.1025623833353,737.1025623833353,677.9879205766467,677.9879205766467,677.9879205766467,677.9879205766467,677.9879205766467,677.9879205766467,677.9879205766467,677.9879205766467,677.9879205766467,677.9879205766467,677.9879205766467,674.6995582894567,674.6995582894567,674.6995582894567,674.6995582894567,674.6995582894567,674.6995582894567,674.6995582894567,674.6995582894567,674.6995582894567,674.6995582894567,674.6995582894567,674.6995582894567,674.6995582894567,674.6995582894567,674.6995582894567,674.6995582894567,674.6995582894567,674.6995582894567,674.6995582894567,674.6995582894567,674.6995582894567,674.6995582894567,674.6995582894567,668.0062085183696,668.0062085183696,668.0062085183696,668.0062085183696,668.0062085183696,668.0062085183696,668.0062085183696,668.0062085183696,668.0062085183696,668.0062085183696,668.0062085183696,668.0062085183696,668.0062085183696,668.0062085183696,668.0062085183696,668.0062085183696,668.0062085183696,668.0062085183696,668.0062085183696,668.0062085183696,668.0062085183696,668.0062085183696,668.0062085183696,668.0062085183696,668.0062085183696,668.0062085183696,668.0062085183696,668.0062085183696,668.0062085183696,668.0062085183696,668.0062085183696,668.0062085183696,668.0062085183696,668.0062085183696,668.0062085183696,668.0062085183696,668.0062085183696,668.0062085183696,668.0062085183696,668.0062085183696,668.0062085183696,668.0062085183696,668.0062085183696,668.0062085183696,668.0062085183696,668.0062085183696,668.0062085183696,668.0062085183696,668.0062085183696,668.0062085183696,668.0062085183696,668.0062085183696,668.0062085183696,668.0062085183696,668.0062085183696,668.0062085183696,668.0062085183696,668.0062085183696,668.0062085183696,668.0062085183696,668.0062085183696,668.0062085183696,668.0062085183696,668.0062085183696,668.0062085183696,668.0062085183696,668.0062085183696,668.0062085183696,668.0062085183696,668.0062085183696,668.0062085183696,668.0062085183696,668.0062085183696,668.0062085183696,668.0062085183696,668.0062085183696,668.0062085183696,668.0062085183696,668.0062085183696,668.0062085183696,668.0062085183696,668.0062085183696,668.0062085183696,668.0062085183696,668.0062085183696,668.0062085183696,668.0062085183696,668.0062085183696,668.0062085183696,668.0062085183696,668.0062085183696,668.0062085183696,668.0062085183696,668.0062085183696,668.0062085183696,668.0062085183696,668.0062085183696,668.0062085183696,668.0062085183696,668.0062085183696,668.0062085183696,668.0062085183696,668.0062085183696,668.0062085183696,668.0062085183696,668.0062085183696,668.0062085183696,668.0062085183696,668.0062085183696,668.0062085183696,668.0062085183696,668.0062085183696,668.0062085183696,668.0062085183696,668.0062085183696,668.0062085183696,668.0062085183696,668.0062085183696,668.0062085183696,668.0062085183696,668.0062085183696,668.0062085183696,668.0062085183696,668.0062085183696,668.0062085183696,668.0062085183696,668.0062085183696,668.0062085183696,668.0062085183696,668.0062085183696,668.0062085183696,668.0062085183696,668.0062085183696,668.0062085183696,668.0062085183696,668.0062085183696,668.0062085183696,668.0062085183696,668.0062085183696,668.0062085183696,668.0062085183696,668.0062085183696,668.0062085183696,668.0062085183696,668.0062085183696,668.0062085183696,668.0062085183696,668.0062085183696,668.0062085183696,668.0062085183696,668.0062085183696,668.0062085183696,668.0062085183696,668.0062085183696,668.0062085183696,668.0062085183696,668.0062085183696,668.0062085183696,668.0062085183696,668.0062085183696,668.0062085183696,668.0062085183696,668.0062085183696,668.0062085183696,668.0062085183696,668.0062085183696,668.0062085183696,668.0062085183696,668.0062085183696,668.0062085183696,668.0062085183696,668.0062085183696,668.0062085183696,668.0062085183696,668.0062085183696,668.0062085183696,668.0062085183696,668.0062085183696,668.0062085183696,668.0062085183696,668.0062085183696,668.0062085183696,668.0062085183696,668.0062085183696,668.0062085183696,668.0062085183696,668.0062085183696,668.0062085183696,668.0062085183696,668.0062085183696,668.0062085183696,668.0062085183696,668.0062085183696,668.0062085183696,668.0062085183696,668.0062085183696,668.0062085183696,668.0062085183696,668.0062085183696,668.0062085183696,668.0062085183696,668.0062085183696,668.0062085183696,668.0062085183696,668.0062085183696,668.0062085183696,668.0062085183696,668.0062085183696,668.0062085183696,668.0062085183696,668.0062085183696,668.0062085183696,668.0062085183696,668.0062085183696,668.0062085183696,668.0062085183696,668.0062085183696,668.0062085183696,668.0062085183696,668.0062085183696,668.0062085183696,668.0062085183696,668.0062085183696,668.0062085183696,668.0062085183696,668.0062085183696,668.0062085183696,668.0062085183696,668.0062085183696,668.0062085183696,668.0062085183696,668.0062085183696,668.0062085183696,668.0062085183696,668.0062085183696,668.0062085183696,668.0062085183696,668.0062085183696,668.0062085183696,668.0062085183696,668.0062085183696,668.0062085183696,668.0062085183696,668.0062085183696,668.0062085183696,668.0062085183696,668.0062085183696,668.0062085183696,668.0062085183696,668.0062085183696,668.0062085183696,668.0062085183696,668.0062085183696,668.0062085183696,668.0062085183696,668.0062085183696,668.0062085183696]"
RC101,25,QA-QPSO,25,670.5629348964977,2.5712398000177927,120,True,301,"[801.4145484433811,792.8982519675224,670.5629348964977,670.5629348964977,670.5629348964977,670.5629348964977,670.5629348964977,670.5629348964977,670.5629348964977,670.5629348964977,670.5629348964977,670.5629348964977,670.5629348964977,670.5629348964977,670.5629348964977,670.5629348964977,670.5629348964977,670.5629348964977,670.5629348964977,670.5629348964977,670.5629348964977,670.5629348964977,670.5629348964977,670.5629348964977,670.5629348964977,670.5629348964977,670.5629348964977,670.5629348964977,670.5629348964977,670.5629348964977,670.5629348964977,670.5629348964977,670.5629348964977,670.5629348964977,670.5629348964977,670.5629348964977,670.5629348964977,670.5629348964977,670.5629348964977,670.5629348964977,670.5629348964977,670.5629348964977,670.5629348964977,670.5629348964977,670.5629348964977,670.5629348964977,670.5629348964977,670.5629348964977,670.5629348964977,670.5629348964977,670.5629348964977,670.5629348964977,670.5629348964977,670.5629348964977,670.5629348964977,670.5629348964977,670.5629348964977,670.5629348964977,670.5629348964977,670.5629348964977,670.5629348964977,670.5629348964977,670.5629348964977,670.5629348964977,670.5629348964977,670.5629348964977,670.5629348964977,670.5629348964977,670.5629348964977,670.5629348964977,670.5629348964977,670.5629348964977,670.5629348964977,670.5629348964977,670.5629348964977,670.5629348964977,670.5629348964977,670.5629348964977,670.5629348964977,670.5629348964977,670.5629348964977,670.5629348964977,670.5629348964977,670.5629348964977,670.5629348964977,670.5629348964977,670.5629348964977,670.5629348964977,670.5629348964977,670.5629348964977,670.5629348964977,670.5629348964977,670.5629348964977,670.5629348964977,670.5629348964977,670.5629348964977,670.5629348964977,670.5629348964977,670.5629348964977,670.5629348964977,670.5629348964977,670.5629348964977,670.5629348964977,670.5629348964977,670.5629348964977,670.5629348964977,670.5629348964977,670.5629348964977,670.5629348964977,670.5629348964977,670.5629348964977,670.5629348964977,670.5629348964977,670.5629348964977,670.5629348964977,670.5629348964977,670.5629348964977,670.5629348964977,670.5629348964977,670.5629348964977,670.5629348964977,670.5629348964977,670.5629348964977,670.5629348964977,670.5629348964977,670.5629348964977,670.5629348964977,670.5629348964977,670.5629348964977,670.5629348964977,670.5629348964977,670.5629348964977,670.5629348964977,670.5629348964977,670.5629348964977,670.5629348964977,670.5629348964977,670.5629348964977,670.5629348964977,670.5629348964977,670.5629348964977,670.5629348964977,670.5629348964977,670.5629348964977,670.5629348964977,670.5629348964977,670.5629348964977,670.5629348964977,670.5629348964977,670.5629348964977,670.5629348964977,670.5629348964977,670.5629348964977,670.5629348964977,670.5629348964977,670.5629348964977,670.5629348964977,670.5629348964977,670.5629348964977,670.5629348964977,670.5629348964977,670.5629348964977,670.5629348964977,670.5629348964977,670.5629348964977,670.5629348964977,670.5629348964977,670.5629348964977,670.5629348964977,670.5629348964977,670.5629348964977,670.5629348964977,670.5629348964977,670.5629348964977,670.5629348964977,670.5629348964977,670.5629348964977,670.5629348964977,670.5629348964977,670.5629348964977,670.5629348964977,670.5629348964977,670.5629348964977,670.5629348964977,670.5629348964977,670.5629348964977,670.5629348964977,670.5629348964977,670.5629348964977,670.5629348964977,670.5629348964977,670.5629348964977,670.5629348964977,670.5629348964977,670.5629348964977,670.5629348964977,670.5629348964977,670.5629348964977,670.5629348964977,670.5629348964977,670.5629348964977,670.5629348964977,670.5629348964977,670.5629348964977,670.5629348964977,670.5629348964977,670.5629348964977,670.5629348964977,670.5629348964977,670.5629348964977,670.5629348964977,670.5629348964977,670.5629348964977,670.5629348964977,670.5629348964977,670.5629348964977,670.5629348964977,670.5629348964977,670.5629348964977,670.5629348964977,670.5629348964977,670.5629348964977,670.5629348964977,670.5629348964977,670.5629348964977,670.5629348964977,670.5629348964977,670.5629348964977,670.5629348964977,670.5629348964977,670.5629348964977,670.5629348964977,670.5629348964977,670.5629348964977,670.5629348964977,670.5629348964977,670.5629348964977,670.5629348964977,670.5629348964977,670.5629348964977,670.5629348964977,670.5629348964977,670.5629348964977,670.5629348964977,670.5629348964977,670.5629348964977,670.5629348964977,670.5629348964977,670.5629348964977,670.5629348964977,670.5629348964977,670.5629348964977,670.5629348964977,670.5629348964977,670.5629348964977,670.5629348964977,670.5629348964977,670.5629348964977,670.5629348964977,670.5629348964977,670.5629348964977,670.5629348964977,670.5629348964977,670.5629348964977,670.5629348964977,670.5629348964977,670.5629348964977,670.5629348964977,670.5629348964977,670.5629348964977,670.5629348964977,670.5629348964977,670.5629348964977,670.5629348964977,670.5629348964977,670.5629348964977,670.5629348964977,670.5629348964977,670.5629348964977,670.5629348964977,670.5629348964977,670.5629348964977,670.5629348964977,670.5629348964977,670.5629348964977,670.5629348964977,670.5629348964977,670.5629348964977,670.5629348964977,670.5629348964977,670.5629348964977,670.5629348964977,670.5629348964977,670.5629348964977,670.5629348964977,670.5629348964977,670.5629348964977,670.5629348964977,670.5629348964977,670.5629348964977,670.5629348964977]"
RC101,25,QA-QPSO,26,664.1135362874154,2.61002270001336,115,True,296,"[819.3691321566191,797.1564913080973,747.1567322289698,747.1567322289698,670.3725478027179,670.3725478027179,670.3725478027179,670.3725478027179,670.3725478027179,670.3725478027179,670.3725478027179,670.3725478027179,670.3725478027179,670.3725478027179,670.3725478027179,670.3725478027179,670.3725478027179,670.3725478027179,670.3725478027179,670.3725478027179,670.3725478027179,670.3725478027179,670.3725478027179,670.3725478027179,670.3725478027179,670.3725478027179,670.3725478027179,670.3725478027179,670.3725478027179,670.3725478027179,670.3725478027179,670.3725478027179,670.3725478027179,670.3725478027179,670.3725478027179,670.3725478027179,670.3725478027179,670.3725478027179,670.3725478027179,670.3725478027179,670.3725478027179,670.3725478027179,670.3725478027179,670.3725478027179,670.3725478027179,670.3725478027179,670.3725478027179,670.3725478027179,670.3725478027179,670.3725478027179,670.3725478027179,670.3725478027179,670.3725478027179,670.3725478027179,670.3725478027179,670.3725478027179,664.1135362874154,664.1135362874154,664.1135362874154,664.1135362874154,664.1135362874154,664.1135362874154,664.1135362874154,664.1135362874154,664.1135362874154,664.1135362874154,664.1135362874154,664.1135362874154,664.1135362874154,664.1135362874154,664.1135362874154,664.1135362874154,664.1135362874154,664.1135362874154,664.1135362874154,664.1135362874154,664.1135362874154,664.1135362874154,664.1135362874154,664.1135362874154,664.1135362874154,664.1135362874154,664.1135362874154,664.1135362874154,664.1135362874154,664.1135362874154,664.1135362874154,664.1135362874154,664.1135362874154,664.1135362874154,664.1135362874154,664.1135362874154,664.1135362874154,664.1135362874154,664.1135362874154,664.1135362874154,664.1135362874154,664.1135362874154,664.1135362874154,664.1135362874154,664.1135362874154,664.1135362874154,664.1135362874154,664.1135362874154,664.1135362874154,664.1135362874154,664.1135362874154,664.1135362874154,664.1135362874154,664.1135362874154,664.1135362874154,664.1135362874154,664.1135362874154,664.1135362874154,664.1135362874154,664.1135362874154,664.1135362874154,664.1135362874154,664.1135362874154,664.1135362874154,664.1135362874154,664.1135362874154,664.1135362874154,664.1135362874154,664.1135362874154,664.1135362874154,664.1135362874154,664.1135362874154,664.1135362874154,664.1135362874154,664.1135362874154,664.1135362874154,664.1135362874154,664.1135362874154,664.1135362874154,664.1135362874154,664.1135362874154,664.1135362874154,664.1135362874154,664.1135362874154,664.1135362874154,664.1135362874154,664.1135362874154,664.1135362874154,664.1135362874154,664.1135362874154,664.1135362874154,664.1135362874154,664.1135362874154,664.1135362874154,664.1135362874154,664.1135362874154,664.1135362874154,664.1135362874154,664.1135362874154,664.1135362874154,664.1135362874154,664.1135362874154,664.1135362874154,664.1135362874154,664.1135362874154,664.1135362874154,664.1135362874154,664.1135362874154,664.1135362874154,664.1135362874154,664.1135362874154,664.1135362874154,664.1135362874154,664.1135362874154,664.1135362874154,664.1135362874154,664.1135362874154,664.1135362874154,664.1135362874154,664.1135362874154,664.1135362874154,664.1135362874154,664.1135362874154,664.1135362874154,664.1135362874154,664.1135362874154,664.1135362874154,664.1135362874154,664.1135362874154,664.1135362874154,664.1135362874154,664.1135362874154,664.1135362874154,664.1135362874154,664.1135362874154,664.1135362874154,664.1135362874154,664.1135362874154,664.1135362874154,664.1135362874154,664.1135362874154,664.1135362874154,664.1135362874154,664.1135362874154,664.1135362874154,664.1135362874154,664.1135362874154,664.1135362874154,664.1135362874154,664.1135362874154,664.1135362874154,664.1135362874154,664.1135362874154,664.1135362874154,664.1135362874154,664.1135362874154,664.1135362874154,664.1135362874154,664.1135362874154,664.1135362874154,664.1135362874154,664.1135362874154,664.1135362874154,664.1135362874154,664.1135362874154,664.1135362874154,664.1135362874154,664.1135362874154,664.1135362874154,664.1135362874154,664.1135362874154,664.1135362874154,664.1135362874154,664.1135362874154,664.1135362874154,664.1135362874154,664.1135362874154,664.1135362874154,664.1135362874154,664.1135362874154,664.1135362874154,664.1135362874154,664.1135362874154,664.1135362874154,664.1135362874154,664.1135362874154,664.1135362874154,664.1135362874154,664.1135362874154,664.1135362874154,664.1135362874154,664.1135362874154,664.1135362874154,664.1135362874154,664.1135362874154,664.1135362874154,664.1135362874154,664.1135362874154,664.1135362874154,664.1135362874154,664.1135362874154,664.1135362874154,664.1135362874154,664.1135362874154,664.1135362874154,664.1135362874154,664.1135362874154,664.1135362874154,664.1135362874154,664.1135362874154,664.1135362874154,664.1135362874154,664.1135362874154,664.1135362874154,664.1135362874154,664.1135362874154,664.1135362874154,664.1135362874154,664.1135362874154,664.1135362874154,664.1135362874154,664.1135362874154,664.1135362874154,664.1135362874154,664.1135362874154,664.1135362874154,664.1135362874154,664.1135362874154,664.1135362874154,664.1135362874154,664.1135362874154,664.1135362874154,664.1135362874154,664.1135362874154,664.1135362874154,664.1135362874154,664.1135362874154,664.1135362874154,664.1135362874154,664.1135362874154]"
RC101,25,QA-QPSO,27,648.2318011043052,2.5315758000069764,277,True,301,"[781.5190755544546,724.7992280466567,724.7992280466567,724.7992280466567,724.7992280466567,724.7992280466567,724.7992280466567,724.7992280466567,724.7992280466567,724.7992280466567,724.7992280466567,724.7992280466567,724.7992280466567,724.7992280466567,724.7992280466567,724.7992280466567,724.7992280466567,724.7992280466567,724.7992280466567,724.7992280466567,724.7992280466567,687.1775306599778,687.1775306599778,687.1775306599778,687.1775306599778,687.1775306599778,687.1775306599778,687.1775306599778,687.1775306599778,687.1775306599778,687.1775306599778,687.1775306599778,687.1775306599778,687.1775306599778,687.1775306599778,687.1775306599778,677.1409621798942,677.1409621798942,677.1409621798942,677.1409621798942,677.1409621798942,677.1409621798942,677.1409621798942,677.1409621798942,677.1409621798942,677.1409621798942,677.1409621798942,677.1409621798942,677.1409621798942,677.1409621798942,677.1409621798942,677.1409621798942,677.1409621798942,677.1409621798942,677.1409621798942,677.1409621798942,677.1409621798942,677.1409621798942,677.1409621798942,677.1409621798942,677.1409621798942,677.1409621798942,677.1409621798942,677.1409621798942,677.1409621798942,677.1409621798942,677.1409621798942,677.1409621798942,677.1409621798942,677.1409621798942,677.1409621798942,677.1409621798942,677.1409621798942,677.1409621798942,677.1409621798942,677.1409621798942,677.1409621798942,677.1409621798942,677.1409621798942,677.1409621798942,677.1409621798942,677.1409621798942,677.1409621798942,677.1409621798942,677.1409621798942,677.1409621798942,677.1409621798942,677.1409621798942,677.1409621798942,677.1409621798942,677.1409621798942,677.1409621798942,677.1409621798942,677.1409621798942,677.1409621798942,677.1409621798942,677.1409621798942,677.1409621798942,677.1409621798942,677.1409621798942,677.1409621798942,677.1409621798942,677.1409621798942,677.1409621798942,677.1409621798942,677.1409621798942,677.1409621798942,677.1409621798942,677.1409621798942,677.1409621798942,677.1409621798942,677.1409621798942,677.1409621798942,677.1409621798942,677.1409621798942,677.1409621798942,677.1409621798942,677.1409621798942,677.1409621798942,677.1409621798942,677.1409621798942,677.1409621798942,673.244212548619,673.244212548619,673.244212548619,673.244212548619,673.244212548619,673.244212548619,673.244212548619,673.244212548619,673.244212548619,673.244212548619,673.244212548619,673.244212548619,673.244212548619,673.244212548619,673.244212548619,673.244212548619,673.244212548619,673.244212548619,673.244212548619,673.244212548619,673.244212548619,673.244212548619,673.244212548619,673.244212548619,673.244212548619,673.244212548619,673.244212548619,673.244212548619,673.244212548619,673.244212548619,673.244212548619,673.244212548619,673.244212548619,673.244212548619,673.244212548619,673.244212548619,673.244212548619,673.244212548619,673.244212548619,673.244212548619,673.244212548619,673.244212548619,673.244212548619,673.244212548619,673.244212548619,673.244212548619,673.244212548619,673.244212548619,673.244212548619,673.244212548619,673.244212548619,673.244212548619,673.244212548619,673.244212548619,673.244212548619,673.244212548619,673.244212548619,673.244212548619,673.244212548619,673.244212548619,673.244212548619,673.244212548619,673.244212548619,673.244212548619,673.244212548619,673.244212548619,673.244212548619,673.244212548619,673.244212548619,673.244212548619,673.244212548619,673.244212548619,673.244212548619,673.244212548619,673.244212548619,673.244212548619,673.244212548619,673.244212548619,673.244212548619,673.244212548619,673.244212548619,673.244212548619,673.244212548619,673.244212548619,673.244212548619,673.244212548619,673.244212548619,673.244212548619,673.244212548619,673.244212548619,673.244212548619,673.244212548619,673.244212548619,673.244212548619,673.244212548619,673.244212548619,673.244212548619,673.244212548619,673.244212548619,673.244212548619,673.244212548619,673.244212548619,673.244212548619,673.244212548619,673.244212548619,673.244212548619,673.244212548619,673.244212548619,673.244212548619,673.244212548619,673.244212548619,673.244212548619,673.244212548619,673.244212548619,673.244212548619,673.244212548619,673.244212548619,673.244212548619,673.244212548619,673.244212548619,673.244212548619,673.244212548619,673.244212548619,673.244212548619,673.244212548619,673.244212548619,673.244212548619,673.244212548619,673.244212548619,673.244212548619,673.244212548619,673.244212548619,673.244212548619,673.244212548619,673.244212548619,673.244212548619,673.244212548619,673.244212548619,673.244212548619,673.244212548619,673.244212548619,673.244212548619,673.244212548619,673.244212548619,673.244212548619,673.244212548619,673.244212548619,673.244212548619,673.244212548619,673.244212548619,673.244212548619,673.244212548619,673.244212548619,673.244212548619,648.2318011043052,648.2318011043052,648.2318011043052,648.2318011043052,648.2318011043052,648.2318011043052,648.2318011043052,648.2318011043052,648.2318011043052,648.2318011043052,648.2318011043052,648.2318011043052,648.2318011043052,648.2318011043052,648.2318011043052,648.2318011043052,648.2318011043052,648.2318011043052,648.2318011043052,648.2318011043052,648.2318011043052,648.2318011043052,648.2318011043052,648.2318011043052,648.2318011043052]"
RC101,25,QA-QPSO,28,612.2125157644487,2.979334599978756,271,True,277,"[789.6911406843715,789.6911406843715,729.7063425720117,729.7063425720117,729.7063425720117,712.1576234848493,712.1576234848493,712.1576234848493,712.1576234848493,712.1576234848493,712.1576234848493,712.1576234848493,712.1576234848493,712.1576234848493,712.1576234848493,712.1576234848493,712.1576234848493,712.1576234848493,712.1576234848493,677.9979123924056,677.9979123924056,677.9979123924056,677.9979123924056,677.9979123924056,677.9979123924056,677.9979123924056,677.9979123924056,677.9979123924056,677.9979123924056,677.9979123924056,677.9979123924056,677.9979123924056,677.9979123924056,677.9979123924056,677.9979123924056,677.9979123924056,677.9979123924056,677.9979123924056,677.9979123924056,677.9979123924056,677.9979123924056,677.9979123924056,677.9979123924056,677.9979123924056,677.9979123924056,677.9979123924056,677.9979123924056,677.9979123924056,677.9979123924056,677.9979123924056,677.9979123924056,677.9979123924056,677.9979123924056,677.9979123924056,677.9979123924056,677.9979123924056,677.9979123924056,677.9979123924056,677.9979123924056,677.9979123924056,677.9979123924056,677.9979123924056,677.9979123924056,677.9979123924056,677.9979123924056,677.9979123924056,677.9979123924056,677.9979123924056,671.9955193910481,671.9955193910481,671.9955193910481,671.9955193910481,671.9955193910481,671.9955193910481,671.9955193910481,671.9955193910481,671.9955193910481,671.9955193910481,671.9955193910481,671.9955193910481,671.9955193910481,671.9955193910481,671.9955193910481,671.9955193910481,671.9955193910481,671.9955193910481,671.9955193910481,671.9955193910481,671.9955193910481,671.9955193910481,671.9955193910481,671.9955193910481,671.9955193910481,671.9955193910481,671.9955193910481,671.9955193910481,671.9955193910481,671.9955193910481,671.9955193910481,671.9955193910481,671.9955193910481,671.9955193910481,671.9955193910481,671.9955193910481,671.9955193910481,671.9955193910481,671.9955193910481,671.9955193910481,671.9955193910481,671.9955193910481,671.9955193910481,671.9955193910481,671.9955193910481,671.9955193910481,671.9955193910481,671.9955193910481,671.9955193910481,671.9955193910481,671.9955193910481,671.9955193910481,671.9955193910481,671.9955193910481,671.9955193910481,671.9955193910481,671.9955193910481,671.9955193910481,671.9955193910481,671.9955193910481,671.9955193910481,671.9955193910481,671.9955193910481,671.9955193910481,671.9955193910481,671.9955193910481,671.9955193910481,671.9955193910481,671.9955193910481,671.9955193910481,671.9955193910481,671.9955193910481,671.9955193910481,671.9955193910481,671.9955193910481,671.9955193910481,671.9955193910481,671.9955193910481,671.9955193910481,671.9955193910481,671.9955193910481,671.9955193910481,671.9955193910481,671.9955193910481,671.9955193910481,671.9955193910481,671.9955193910481,671.9955193910481,671.9955193910481,671.9955193910481,671.9955193910481,671.9955193910481,671.9955193910481,671.9955193910481,671.9955193910481,671.9955193910481,671.9955193910481,671.9955193910481,671.9955193910481,671.9955193910481,671.9955193910481,671.9955193910481,671.9955193910481,671.9955193910481,671.9955193910481,671.9955193910481,671.9955193910481,671.9955193910481,671.9955193910481,671.9955193910481,671.9955193910481,671.9955193910481,671.9955193910481,671.9955193910481,671.9955193910481,671.9955193910481,671.9955193910481,671.9955193910481,671.9955193910481,671.9955193910481,671.9955193910481,671.9955193910481,671.9955193910481,671.9955193910481,671.9955193910481,671.9955193910481,671.9955193910481,671.9955193910481,671.9955193910481,671.9955193910481,671.9955193910481,671.9955193910481,671.9955193910481,671.9955193910481,671.9955193910481,644.7750334610935,644.7750334610935,644.7750334610935,644.7750334610935,644.7750334610935,644.7750334610935,644.7750334610935,644.7750334610935,644.7750334610935,644.7750334610935,644.7750334610935,644.7750334610935,644.7750334610935,644.7750334610935,644.7750334610935,644.7750334610935,644.7750334610935,644.7750334610935,644.7750334610935,644.7750334610935,644.7750334610935,644.7750334610935,644.7750334610935,644.7750334610935,644.7750334610935,644.7750334610935,644.7750334610935,644.7750334610935,644.7750334610935,644.7750334610935,644.7750334610935,644.7750334610935,644.7750334610935,644.7750334610935,644.7750334610935,644.7750334610935,632.5025898189272,632.5025898189272,632.5025898189272,632.5025898189272,632.5025898189272,632.5025898189272,632.5025898189272,632.5025898189272,632.5025898189272,632.5025898189272,632.5025898189272,632.5025898189272,632.5025898189272,632.5025898189272,632.5025898189272,632.5025898189272,632.5025898189272,632.5025898189272,632.5025898189272,632.5025898189272,632.5025898189272,627.8476980122775,627.8476980122775,627.8476980122775,627.8476980122775,627.8476980122775,620.0569471329015,620.0569471329015,620.0569471329015,620.0569471329015,620.0569471329015,612.2125157644487,612.2125157644487,612.2125157644487,612.2125157644487,612.2125157644487,612.2125157644487,612.2125157644487]"
RC101,25,QA-QPSO,29,614.1053987048405,2.212214800005313,300,True,301,"[805.9276090875151,804.2157830990262,735.2177848193046,732.7560570034323,732.7560570034323,732.7560570034323,732.7560570034323,732.7560570034323,732.7560570034323,705.4033668192662,705.4033668192662,705.4033668192662,705.4033668192662,705.4033668192662,705.4033668192662,705.4033668192662,705.4033668192662,705.4033668192662,705.4033668192662,705.4033668192662,705.4033668192662,705.4033668192662,705.4033668192662,705.4033668192662,705.4033668192662,680.0971170952495,680.0971170952495,680.0971170952495,680.0971170952495,680.0971170952495,680.0971170952495,680.0971170952495,680.0971170952495,680.0971170952495,680.0971170952495,680.0971170952495,680.0971170952495,680.0971170952495,680.0971170952495,680.0971170952495,680.0971170952495,680.0971170952495,680.0971170952495,680.0971170952495,680.0971170952495,680.0971170952495,680.0971170952495,680.0971170952495,680.0971170952495,680.0971170952495,680.0971170952495,680.0971170952495,680.0971170952495,680.0971170952495,680.0971170952495,680.0971170952495,680.0971170952495,680.0971170952495,680.0971170952495,680.0971170952495,680.0971170952495,680.0971170952495,675.8073502598,619.9073645889221,619.9073645889221,619.9073645889221,619.9073645889221,619.9073645889221,619.9073645889221,619.9073645889221,619.9073645889221,619.9073645889221,619.9073645889221,619.9073645889221,619.9073645889221,619.9073645889221,619.9073645889221,619.9073645889221,619.9073645889221,619.9073645889221,619.9073645889221,619.9073645889221,619.9073645889221,619.9073645889221,619.9073645889221,619.9073645889221,619.9073645889221,619.9073645889221,619.9073645889221,619.9073645889221,619.9073645889221,619.9073645889221,619.9073645889221,619.9073645889221,619.9073645889221,619.9073645889221,619.9073645889221,619.9073645889221,619.9073645889221,617.7031844932334,617.7031844932334,617.7031844932334,617.7031844932334,617.7031844932334,617.7031844932334,617.7031844932334,617.7031844932334,617.7031844932334,617.7031844932334,617.7031844932334,617.7031844932334,617.7031844932334,617.7031844932334,617.7031844932334,617.7031844932334,617.7031844932334,617.7031844932334,617.7031844932334,617.7031844932334,617.7031844932334,617.7031844932334,617.7031844932334,617.7031844932334,617.7031844932334,617.7031844932334,617.7031844932334,617.7031844932334,617.7031844932334,617.7031844932334,617.7031844932334,617.7031844932334,617.7031844932334,617.7031844932334,617.7031844932334,617.7031844932334,617.7031844932334,617.7031844932334,617.7031844932334,617.7031844932334,617.7031844932334,617.7031844932334,617.7031844932334,617.7031844932334,617.7031844932334,617.7031844932334,617.7031844932334,617.7031844932334,617.7031844932334,617.7031844932334,617.7031844932334,617.7031844932334,617.7031844932334,617.7031844932334,617.7031844932334,617.7031844932334,617.7031844932334,617.7031844932334,617.7031844932334,617.7031844932334,617.7031844932334,617.7031844932334,617.7031844932334,617.7031844932334,617.7031844932334,617.7031844932334,617.7031844932334,617.7031844932334,617.7031844932334,617.7031844932334,617.7031844932334,617.7031844932334,617.7031844932334,617.7031844932334,617.7031844932334,617.7031844932334,617.7031844932334,617.7031844932334,617.7031844932334,617.7031844932334,617.7031844932334,617.7031844932334,617.7031844932334,617.7031844932334,617.7031844932334,617.7031844932334,617.7031844932334,617.7031844932334,617.7031844932334,617.7031844932334,617.7031844932334,617.7031844932334,617.7031844932334,617.7031844932334,617.7031844932334,617.7031844932334,617.7031844932334,617.7031844932334,617.7031844932334,617.7031844932334,617.7031844932334,617.7031844932334,617.7031844932334,617.7031844932334,617.7031844932334,617.7031844932334,617.7031844932334,617.7031844932334,617.7031844932334,617.7031844932334,617.7031844932334,617.7031844932334,617.7031844932334,617.7031844932334,617.7031844932334,617.7031844932334,617.7031844932334,617.7031844932334,617.7031844932334,617.7031844932334,617.7031844932334,617.7031844932334,617.7031844932334,617.7031844932334,617.7031844932334,617.7031844932334,617.7031844932334,617.7031844932334,617.7031844932334,617.7031844932334,617.7031844932334,617.7031844932334,617.7031844932334,617.7031844932334,617.7031844932334,617.7031844932334,617.7031844932334,617.7031844932334,617.7031844932334,617.7031844932334,617.7031844932334,617.7031844932334,617.7031844932334,617.7031844932334,615.078935616918,615.078935616918,615.078935616918,615.078935616918,615.078935616918,615.078935616918,615.078935616918,615.078935616918,615.078935616918,615.078935616918,615.078935616918,615.078935616918,615.078935616918,615.078935616918,615.078935616918,615.078935616918,615.078935616918,615.078935616918,615.078935616918,615.078935616918,615.078935616918,615.078935616918,615.078935616918,615.078935616918,615.078935616918,615.078935616918,615.078935616918,615.078935616918,615.078935616918,615.078935616918,615.078935616918,615.078935616918,615.078935616918,615.078935616918,615.078935616918,615.078935616918,615.078935616918,615.078935616918,615.078935616918,615.078935616918,615.078935616918,615.078935616918,615.078935616918,615.078935616918,615.078935616918,615.078935616918,615.078935616918,615.078935616918,615.078935616918,615.078935616918,615.078935616918,615.078935616918,615.078935616918,615.078935616918,615.078935616918,615.078935616918,614.1053987048405,614.1053987048405]"
